person_id;utility
10002;NaN
100024;NaN
100093;NaN
100102;NaN
100113;NaN
10012;NaN
100133;NaN
100166;0.0
100169;NaN
100200;NaN
100205;NaN
10025;NaN
100250;NaN
100254;NaN
100291;NaN
100292;NaN
100293;NaN
100304;NaN
100312;NaN
100324;NaN
100332;NaN
100346;NaN
100349;NaN
100364;NaN
100386;NaN
100388;NaN
1004;-5.632938873322056
100402;0.3616922353492318
100415;NaN
100450;NaN
100457;-1.4416104611118903
100459;-5.659950788502392
100471;2.3120419822452725
100488;NaN
100494;NaN
100530;NaN
100533;NaN
100569;NaN
100583;NaN
100593;NaN
100609;NaN
100618;NaN
100638;NaN
100698;NaN
100704;NaN
100705;NaN
100717;NaN
100725;NaN
100735;1.31905404457959
100738;NaN
100749;NaN
100765;NaN
100771;-2.218909977592263
100860;NaN
100888;8.582263637184884
100898;NaN
100911;NaN
100914;NaN
10095;NaN
10101;NaN
101029;NaN
101041;NaN
101056;NaN
101060;NaN
101061;NaN
10108;NaN
101119;NaN
10114;NaN
101195;NaN
101243;NaN
101274;NaN
101293;NaN
101295;NaN
101296;NaN
101303;-1.9885641069108386
101338;NaN
101366;-5.005122890471199
101374;NaN
101376;NaN
101403;NaN
101426;NaN
101435;NaN
101464;NaN
101465;NaN
101485;11.4263789410322
10152;NaN
101527;NaN
101547;NaN
101548;NaN
101587;NaN
101592;NaN
101596;NaN
101622;NaN
101635;NaN
101655;NaN
101657;NaN
10166;NaN
101666;NaN
10167;NaN
101696;NaN
101699;NaN
101737;NaN
101750;NaN
101773;NaN
101801;NaN
101823;NaN
10184;NaN
101881;NaN
101919;NaN
101922;NaN
101929;NaN
101945;NaN
101950;NaN
101956;NaN
101969;NaN
10197;NaN
101973;NaN
101981;NaN
101987;NaN
102007;NaN
102026;NaN
102037;NaN
102069;NaN
102075;NaN
102080;NaN
102108;0.08530753344331043
10215;NaN
102164;NaN
102166;NaN
102167;NaN
102170;NaN
102176;NaN
102216;NaN
102217;NaN
102234;NaN
102303;NaN
102305;0.0
102310;NaN
102324;NaN
102325;NaN
102329;NaN
102352;NaN
102371;NaN
102379;NaN
102383;NaN
102390;NaN
102392;NaN
102400;NaN
102427;-0.22458271976673982
102431;NaN
102434;NaN
102464;NaN
10248;NaN
102507;NaN
102513;NaN
102537;NaN
102553;NaN
10256;NaN
102570;NaN
102604;2.1996884455095613
10261;NaN
102610;NaN
102614;NaN
102628;NaN
102677;NaN
102700;-2.3811218904753786
102705;NaN
102746;NaN
102824;NaN
102825;NaN
10283;NaN
10284;NaN
102846;NaN
102868;NaN
102875;NaN
102880;18.496277587469695
102882;1.704033691912487
102927;NaN
102934;NaN
102939;NaN
102945;NaN
102975;NaN
102981;NaN
103010;NaN
103017;NaN
103054;NaN
103073;NaN
103076;NaN
103087;NaN
1031;11.222822036393335
103212;NaN
103239;NaN
10324;NaN
103279;NaN
103283;NaN
103294;NaN
103308;NaN
103360;NaN
103371;NaN
103401;NaN
103406;NaN
103411;NaN
103416;NaN
103417;NaN
103452;NaN
10346;NaN
103470;NaN
103471;NaN
103510;NaN
103511;NaN
103519;NaN
103573;NaN
103590;NaN
103606;NaN
103638;NaN
103655;NaN
10366;NaN
103670;NaN
103695;3.2459592444116927
103705;NaN
103725;NaN
103732;NaN
103791;NaN
103803;NaN
103813;NaN
103830;NaN
103832;NaN
103875;-0.7762970829591146
103886;NaN
103909;NaN
103912;NaN
103922;NaN
103923;-2.2083638668931065
103926;NaN
103928;NaN
103941;NaN
103964;NaN
103988;NaN
104000;NaN
104009;NaN
104010;NaN
104011;NaN
104039;NaN
104069;NaN
104093;NaN
104119;NaN
104127;NaN
104148;NaN
104192;NaN
104256;NaN
10426;NaN
104262;NaN
104263;NaN
104268;-1.9754730375736607
104279;NaN
104281;NaN
104291;NaN
104296;NaN
104314;NaN
10435;NaN
104355;NaN
104362;NaN
104371;NaN
104378;NaN
104380;NaN
104385;NaN
104397;NaN
104411;NaN
104420;NaN
10444;NaN
104471;NaN
104491;NaN
1045;NaN
104522;NaN
104532;NaN
104570;NaN
104583;NaN
104587;NaN
104601;NaN
10461;NaN
104621;9.50141056240154
104625;NaN
104630;NaN
104645;0.9348563852778455
104646;NaN
104701;NaN
104709;NaN
104711;NaN
104769;NaN
104805;NaN
104813;NaN
104824;NaN
104840;NaN
104862;NaN
104885;NaN
104932;NaN
104983;NaN
10499;NaN
105030;NaN
105034;NaN
105043;NaN
105046;NaN
105074;NaN
105100;NaN
105102;NaN
105104;NaN
105111;NaN
105117;NaN
105122;NaN
105128;NaN
105136;NaN
105143;0.743565787443669
105156;NaN
105159;NaN
105186;NaN
105196;NaN
105218;NaN
105234;-4.994598693468271
105280;0.0
105299;NaN
105337;NaN
105345;NaN
105350;NaN
105393;NaN
105442;NaN
105445;NaN
105473;NaN
105500;NaN
105516;3.57550576097843
105569;NaN
105582;NaN
105635;NaN
105643;NaN
105698;NaN
105725;NaN
105726;NaN
105739;NaN
105747;NaN
10577;NaN
105794;1.572298771298486
105811;NaN
105863;7.140823556282752
105866;NaN
105889;NaN
1059;NaN
10590;NaN
105920;NaN
105980;NaN
105986;NaN
105996;NaN
10603;NaN
106061;NaN
106075;NaN
106086;NaN
106116;NaN
106119;-0.13364222200488118
10612;NaN
106124;NaN
106127;NaN
106134;NaN
106150;NaN
106233;NaN
106268;NaN
106287;NaN
106315;5.209234897941597
106331;NaN
106344;NaN
106352;NaN
106405;NaN
106419;NaN
106440;NaN
106442;-2.418236967506913
106484;NaN
106494;NaN
106496;NaN
106527;NaN
10656;NaN
106595;NaN
106597;NaN
106609;-4.403605690960325
106612;NaN
106628;1.5847236489248993
106637;NaN
106713;NaN
106731;NaN
106739;NaN
106743;NaN
106761;NaN
106794;NaN
106831;NaN
106838;NaN
106842;NaN
106843;NaN
106865;NaN
106874;NaN
106906;NaN
106907;NaN
106915;NaN
106916;NaN
106926;NaN
106946;NaN
10698;NaN
10700;NaN
107030;NaN
10713;0.32007090011582495
107201;NaN
10722;3.828243440149203
107245;NaN
107249;NaN
107296;NaN
107302;NaN
107314;NaN
107347;0.0
107368;NaN
107370;NaN
107383;NaN
107411;NaN
107454;0.0
107457;NaN
10746;NaN
107468;NaN
10747;NaN
107509;NaN
107519;NaN
107562;4.714934315401302
107613;NaN
107643;NaN
107669;NaN
107675;NaN
107692;NaN
107699;NaN
107700;NaN
107714;NaN
107717;NaN
107722;NaN
10773;NaN
107780;NaN
107785;NaN
107787;NaN
107790;NaN
107820;NaN
107821;NaN
107827;NaN
107837;NaN
107840;NaN
107866;NaN
107868;NaN
107881;NaN
107882;NaN
107896;NaN
107898;NaN
107908;NaN
107922;NaN
107981;NaN
10803;NaN
108063;NaN
108094;NaN
108099;-2.930158495554542
10810;NaN
108109;NaN
108137;NaN
108179;NaN
108181;NaN
108189;NaN
108192;NaN
108212;-14.311846460324343
108215;NaN
108218;NaN
108222;NaN
108226;NaN
108227;NaN
108231;NaN
108237;NaN
10824;NaN
108252;NaN
108256;NaN
108272;NaN
108300;NaN
108317;NaN
108326;NaN
108330;1.1538518532217725
108335;NaN
108342;NaN
108358;-1.2087980326002585
108365;NaN
108381;NaN
108446;NaN
108528;NaN
108538;NaN
108574;NaN
10858;NaN
108596;NaN
108608;NaN
108644;NaN
108668;NaN
108675;NaN
108708;NaN
10872;0.3087384333990566
108727;NaN
108755;NaN
10877;NaN
108775;NaN
108780;NaN
108781;NaN
108795;NaN
108801;NaN
108808;NaN
108829;0.0
108831;NaN
108839;3.09723237728236
10888;NaN
108905;NaN
108908;NaN
108921;NaN
108927;2.5075275780826436
108940;NaN
108948;NaN
108964;NaN
108972;-3.249157154570905
108995;NaN
109012;NaN
10902;NaN
10905;NaN
109069;NaN
109072;NaN
109107;NaN
109112;NaN
109124;NaN
10914;NaN
109199;NaN
109207;NaN
109228;NaN
109230;NaN
109235;NaN
109238;NaN
109252;NaN
109268;NaN
109277;NaN
109303;NaN
109308;NaN
109336;NaN
109397;NaN
109431;NaN
10945;NaN
1095;NaN
109577;NaN
109589;NaN
109619;NaN
109628;NaN
109661;NaN
109669;NaN
10967;NaN
109673;NaN
109678;NaN
109692;NaN
109703;NaN
109720;NaN
109725;NaN
109790;NaN
109791;NaN
1098;NaN
109825;NaN
109832;NaN
109903;NaN
109923;NaN
10994;NaN
109976;NaN
109982;NaN
110020;NaN
11006;NaN
11011;NaN
110115;NaN
110150;NaN
110186;NaN
110196;NaN
110198;NaN
110204;NaN
110248;NaN
110257;NaN
110258;NaN
110294;NaN
1103;NaN
110310;NaN
110322;NaN
110332;NaN
110341;-1.6048311427559372
110412;-1.973521294753108
110433;NaN
110443;NaN
110460;NaN
110489;NaN
110498;NaN
110513;NaN
110516;NaN
110529;NaN
110554;NaN
110558;NaN
110563;NaN
110570;NaN
110577;NaN
110593;NaN
110610;-4.131005827797605
110613;NaN
110625;NaN
110658;NaN
11066;NaN
110670;3.7322204571028474
110702;NaN
110707;NaN
110709;NaN
110734;NaN
110737;NaN
110754;NaN
110791;NaN
110824;NaN
110844;NaN
110851;NaN
110875;NaN
110885;NaN
1109;NaN
110951;NaN
110989;NaN
110995;NaN
111050;NaN
111059;NaN
111081;NaN
11110;NaN
111129;NaN
111158;NaN
111168;NaN
111183;NaN
111241;NaN
111279;NaN
111312;NaN
111314;NaN
111332;NaN
111342;NaN
111349;NaN
111357;NaN
111360;NaN
111369;NaN
111377;NaN
111396;NaN
111400;NaN
111407;NaN
111408;NaN
111412;NaN
111432;NaN
111433;-13.29719599761129
111464;NaN
111467;NaN
111487;NaN
111508;NaN
11155;NaN
111581;NaN
111599;NaN
111623;3.542059028179654
111625;NaN
111636;NaN
111645;NaN
111656;NaN
111667;3.683739432472891
111677;NaN
111712;NaN
111729;NaN
111734;NaN
111751;NaN
111761;NaN
111783;NaN
111808;NaN
111904;NaN
111942;NaN
111978;NaN
111985;NaN
112017;NaN
112066;NaN
112079;NaN
112098;NaN
112099;NaN
112110;NaN
112122;NaN
112131;NaN
112146;NaN
112147;NaN
112161;NaN
112166;NaN
112207;NaN
112208;NaN
112215;NaN
112219;NaN
112231;NaN
112232;29.693304902300625
112239;NaN
112292;NaN
11230;NaN
11235;NaN
112351;NaN
112367;NaN
112403;NaN
112420;1.4934056847985806
112451;NaN
112459;-2.055065947718441
112501;NaN
11252;NaN
112523;NaN
112531;NaN
11256;NaN
112562;NaN
112564;NaN
112621;NaN
112637;NaN
112655;NaN
112664;NaN
112672;NaN
112730;NaN
112737;NaN
112738;NaN
11274;NaN
112759;NaN
112804;NaN
112845;NaN
112851;NaN
112890;NaN
112892;NaN
112911;NaN
112951;NaN
112987;NaN
113021;NaN
113040;NaN
113093;NaN
113151;NaN
113166;-3.285202736406598
113185;3.456202994039761
11319;NaN
113191;NaN
113238;NaN
113248;NaN
113278;NaN
113374;NaN
113398;NaN
113405;NaN
113410;NaN
113419;NaN
113424;NaN
11345;NaN
113452;NaN
113493;NaN
113494;NaN
113496;NaN
113517;NaN
113546;NaN
11356;NaN
113563;NaN
113570;NaN
113581;NaN
113629;1.7677269334116024
113649;NaN
113654;NaN
113702;NaN
113763;NaN
113803;NaN
113807;NaN
113825;NaN
113835;NaN
113853;NaN
113876;NaN
11388;NaN
113888;NaN
113890;NaN
113956;NaN
113985;NaN
113987;NaN
113999;NaN
114013;NaN
114036;NaN
114051;NaN
114076;NaN
114080;NaN
114112;0.0
114141;NaN
114148;NaN
114164;2.9326603404434604
11422;NaN
114231;NaN
114232;NaN
114242;NaN
114281;NaN
114306;NaN
114314;0.0
114355;NaN
114375;NaN
114427;NaN
114428;NaN
114432;NaN
114464;NaN
114479;NaN
114552;NaN
11456;NaN
11457;NaN
114574;NaN
114600;NaN
114608;NaN
114613;NaN
114645;NaN
114676;NaN
114708;NaN
114709;NaN
114718;NaN
114725;NaN
114736;NaN
11476;NaN
114760;NaN
114793;NaN
114794;NaN
11481;NaN
114815;NaN
114819;NaN
114825;NaN
114832;NaN
114856;NaN
11487;NaN
114908;NaN
11492;NaN
114922;NaN
114937;NaN
114940;NaN
114965;NaN
114977;NaN
114989;NaN
114996;13.955239750485148
115047;NaN
115063;NaN
115083;-2.226717106850247
115109;NaN
115125;6.942272958281621
115129;NaN
115132;NaN
115153;NaN
115174;NaN
115187;NaN
115196;NaN
115235;NaN
115275;NaN
115289;NaN
115306;NaN
115332;NaN
115356;NaN
115358;NaN
115397;NaN
115420;NaN
115423;NaN
115425;NaN
115434;NaN
115479;NaN
115481;NaN
115483;NaN
115515;NaN
115554;NaN
115558;NaN
115586;NaN
11559;NaN
115623;0.0
115634;NaN
115638;NaN
115648;NaN
115651;9.560667627599704
115672;NaN
115673;NaN
115686;NaN
115697;NaN
115704;NaN
115773;NaN
115785;NaN
115789;NaN
115829;NaN
115831;NaN
115838;NaN
115848;NaN
115887;-3.7384023180742223
115904;3.0477856725426142
11595;NaN
115968;NaN
115989;NaN
116020;NaN
116021;NaN
116036;0.0
116056;NaN
116058;NaN
116094;NaN
116101;NaN
116113;NaN
116137;NaN
116144;NaN
116157;NaN
116165;NaN
116166;NaN
116189;NaN
116205;NaN
116209;NaN
116223;NaN
116249;NaN
116251;NaN
116276;NaN
116289;NaN
116293;NaN
116296;NaN
116345;NaN
116360;-1.0358959747563525
11639;NaN
116417;NaN
116419;NaN
116430;-2.711002281833373
116431;NaN
116453;NaN
116471;NaN
116474;NaN
116490;NaN
116495;NaN
116552;NaN
116557;NaN
11657;2.8822602147346723
116622;NaN
116625;NaN
116635;NaN
116646;NaN
116650;NaN
116669;NaN
116671;NaN
116755;NaN
11676;NaN
116766;NaN
116768;NaN
116780;NaN
116798;NaN
116811;NaN
116813;-2.4159038302145
116819;NaN
116844;NaN
116855;-7.366513594292727
116877;NaN
116899;-4.166125572266422
11690;NaN
116905;NaN
116906;NaN
116932;NaN
116960;NaN
116988;NaN
117040;NaN
117049;NaN
117054;NaN
117066;-2.781617424299781
117093;NaN
117100;NaN
117124;NaN
117141;NaN
11716;NaN
117192;NaN
117226;NaN
117238;NaN
117248;NaN
117252;NaN
117259;NaN
11730;NaN
117318;NaN
117319;NaN
117325;NaN
117339;NaN
117374;NaN
117384;NaN
117389;NaN
117396;NaN
117444;NaN
117446;NaN
117474;NaN
117483;1.402380659492482
117493;NaN
11750;NaN
117500;NaN
117506;NaN
117513;NaN
117517;NaN
117555;NaN
117559;NaN
117562;NaN
117573;NaN
117582;NaN
117587;NaN
117602;NaN
117622;NaN
117626;NaN
117656;NaN
117696;NaN
117699;NaN
117709;NaN
117726;NaN
11775;NaN
117791;-3.7391847430422445
117812;NaN
117823;NaN
117859;NaN
117866;-2.1637794440859617
117869;NaN
117876;NaN
117881;NaN
117918;NaN
117924;NaN
117938;NaN
117964;NaN
117966;NaN
117968;0.0
117990;NaN
1180;NaN
118004;NaN
118025;1.2004385850195025
118032;NaN
118037;NaN
118061;NaN
118065;NaN
118081;NaN
118103;NaN
118118;NaN
118121;NaN
118142;-3.3193189752273637
118143;NaN
118145;NaN
118148;NaN
118153;NaN
118177;NaN
118186;NaN
118190;NaN
118195;NaN
118221;NaN
118231;NaN
118235;NaN
11824;NaN
118261;NaN
118262;NaN
118283;NaN
118305;-0.8002873074222425
118326;NaN
118327;NaN
118366;NaN
11837;6.035062908733236
118380;NaN
118413;NaN
118459;NaN
118470;NaN
118477;NaN
118492;NaN
118516;NaN
118518;NaN
118548;NaN
118577;NaN
118595;NaN
1186;NaN
118610;NaN
118619;NaN
118629;-4.858790681991985
118633;NaN
118653;NaN
118665;NaN
118682;NaN
118688;NaN
118689;NaN
11869;NaN
118710;NaN
118752;NaN
118756;NaN
118811;NaN
118959;NaN
118979;NaN
118982;NaN
11899;NaN
119004;-3.141140786056824
119006;NaN
119014;NaN
119020;NaN
119111;NaN
11916;NaN
119163;NaN
119175;NaN
119184;NaN
119185;NaN
119220;-0.2158215228148248
119229;NaN
119235;-1.057796379764295
11933;NaN
119338;NaN
119343;NaN
119345;NaN
11935;-1.686147728587057
119362;-4.299345866354177
119396;NaN
119397;NaN
119408;NaN
119438;NaN
119461;NaN
119473;NaN
119479;NaN
119483;NaN
119496;-2.9371716361090927
119497;NaN
11950;NaN
11953;NaN
11956;NaN
119571;NaN
119603;NaN
119611;NaN
119653;NaN
119665;NaN
119694;NaN
119696;NaN
11976;NaN
119763;NaN
119810;NaN
119827;NaN
119833;3.651770856422527
119846;NaN
11988;NaN
119920;1.0215486721885811
119935;NaN
119980;NaN
119986;NaN
119995;NaN
119998;NaN
120022;NaN
12003;NaN
12009;NaN
120103;1.2862095411795234
120133;NaN
120154;NaN
120157;NaN
120168;NaN
12017;NaN
120175;NaN
120180;10.222209052057872
120219;NaN
120223;NaN
120229;NaN
120247;5.027539679539776
120254;NaN
12026;NaN
120288;NaN
120315;NaN
12037;NaN
120375;NaN
120394;-2.178491985598078
120426;NaN
120462;NaN
120479;NaN
120519;NaN
120521;NaN
12054;NaN
120543;NaN
120578;NaN
12058;NaN
120628;NaN
120636;NaN
120637;NaN
120696;NaN
120705;NaN
120719;NaN
120720;NaN
120726;-0.4244115290648096
120732;NaN
12075;NaN
120785;NaN
120802;NaN
120813;NaN
120818;NaN
120831;NaN
120841;NaN
120868;NaN
120870;NaN
120923;NaN
120927;8.41619877153886
120933;NaN
120962;6.226046268765632
120968;NaN
121012;NaN
121026;NaN
121028;NaN
12103;NaN
121043;NaN
12105;NaN
121052;NaN
121078;NaN
121118;NaN
121148;NaN
121200;NaN
121230;NaN
121266;NaN
121267;NaN
121286;NaN
121288;NaN
121292;NaN
121317;NaN
121320;NaN
121329;NaN
121335;NaN
121339;NaN
12135;NaN
121360;NaN
121377;NaN
12138;NaN
121385;NaN
121392;NaN
121403;NaN
121406;-0.2545709931964497
121408;NaN
121428;NaN
121444;NaN
121454;NaN
121465;NaN
121468;NaN
121470;NaN
121491;NaN
121494;NaN
121500;NaN
121519;NaN
121529;NaN
121546;NaN
121580;NaN
121586;NaN
121634;NaN
121637;NaN
121650;NaN
121692;NaN
121694;NaN
121696;NaN
1217;NaN
121709;NaN
121755;-0.716866865448035
121793;NaN
121798;NaN
121806;0.6569803073749473
12182;NaN
121821;NaN
121836;NaN
121907;NaN
121909;NaN
121913;NaN
121919;NaN
121946;NaN
121962;NaN
121973;NaN
121976;1.4796854105668422
121981;NaN
121982;NaN
121991;NaN
122041;NaN
122048;NaN
122060;-4.395865680978217
122109;NaN
122126;NaN
122140;NaN
122160;NaN
122175;NaN
122224;NaN
122262;NaN
122279;NaN
122287;NaN
122294;NaN
122295;-5.315400805473331
122298;NaN
122302;NaN
122313;NaN
122317;3.645955078525586
122339;NaN
122352;NaN
122359;NaN
122364;NaN
122379;NaN
122381;NaN
122398;NaN
122399;NaN
122419;NaN
122449;NaN
122453;NaN
12246;NaN
122465;NaN
12248;NaN
122488;NaN
122528;NaN
122566;NaN
122596;NaN
122603;NaN
122607;NaN
122612;NaN
122615;NaN
122640;NaN
12267;3.423120885502112
122670;NaN
122681;NaN
122696;NaN
122703;NaN
122707;NaN
122745;NaN
12275;NaN
122758;NaN
122770;-1.3448139130521315
122771;NaN
12281;4.161729326589185
122832;NaN
122853;NaN
122858;NaN
12287;NaN
122913;NaN
122920;NaN
122944;NaN
12295;NaN
122981;NaN
122983;NaN
12300;NaN
123011;NaN
123033;NaN
123041;-1.9417146866366792
123046;NaN
123054;NaN
12309;NaN
123103;NaN
123125;NaN
123134;NaN
12320;NaN
123226;NaN
123253;NaN
123303;NaN
123317;0.5067749849338257
123341;NaN
123350;NaN
123374;NaN
123382;NaN
123395;-0.6441251175635723
123399;NaN
123407;NaN
123416;NaN
12342;NaN
123427;NaN
123451;NaN
123463;NaN
123479;NaN
123525;NaN
123558;NaN
12357;NaN
123611;NaN
123626;NaN
123635;NaN
123638;NaN
123658;NaN
123674;NaN
123695;-1.7007148230761662
123744;NaN
123766;NaN
123767;NaN
123776;1.2660164788097104
123794;NaN
123802;NaN
123825;NaN
123828;NaN
123872;NaN
123880;NaN
123903;NaN
123913;NaN
123962;NaN
123963;NaN
123968;NaN
123969;NaN
123995;NaN
123998;1.5390397530633804
124006;NaN
124008;2.5521929718791903
12402;NaN
12403;NaN
124035;NaN
124043;3.2273042073152447
12405;NaN
124078;NaN
124093;NaN
124101;NaN
124130;NaN
124142;NaN
124153;NaN
124158;NaN
124183;2.6457059667440115
124185;NaN
124231;NaN
12429;NaN
124293;NaN
124331;NaN
124393;-20.466416288379772
124409;-3.0444422357636394
124424;NaN
124442;3.8979114257739518
124445;NaN
124478;NaN
124520;NaN
124533;NaN
124558;NaN
124561;NaN
124653;9.700180162692742
124669;NaN
124674;NaN
124725;NaN
124743;NaN
124760;NaN
124763;0.2910473852181441
124774;NaN
124803;NaN
124829;NaN
12483;NaN
124832;NaN
124836;NaN
124839;NaN
12485;NaN
124863;NaN
124867;NaN
124878;NaN
124891;NaN
124913;NaN
124932;NaN
124938;NaN
124947;NaN
12496;NaN
124984;NaN
12499;NaN
124999;NaN
125008;NaN
125043;NaN
125055;NaN
125068;NaN
1251;NaN
125100;NaN
125103;NaN
125108;NaN
125118;NaN
125138;-1.860780592158847
125155;NaN
125191;NaN
125243;NaN
125266;NaN
125292;NaN
125330;NaN
125340;NaN
125345;NaN
125356;NaN
125371;NaN
125375;NaN
125392;0.6215799863661777
125407;NaN
125439;NaN
125443;NaN
12547;0.0
125470;NaN
125476;NaN
125477;NaN
125483;NaN
125513;NaN
125524;NaN
125525;NaN
125553;NaN
125560;NaN
125567;NaN
125609;NaN
125612;NaN
125631;NaN
125657;NaN
12566;NaN
125660;NaN
125712;NaN
125785;2.0222005726066903
125821;NaN
125837;NaN
125881;NaN
125922;NaN
125951;NaN
125968;NaN
12597;NaN
125978;NaN
126016;NaN
126050;NaN
126067;NaN
126108;2.399635135998762
126127;NaN
126143;NaN
126149;NaN
12616;NaN
126195;NaN
126200;NaN
126219;NaN
126230;NaN
126256;NaN
126264;NaN
126269;NaN
126278;NaN
126286;NaN
126334;5.376875084081028
126339;0.0
126369;NaN
126375;NaN
126381;NaN
126409;NaN
126410;NaN
126414;-8.729497718738207
126425;NaN
126443;NaN
126451;NaN
126502;NaN
126551;NaN
126575;NaN
126591;NaN
126599;NaN
126620;NaN
126666;11.339951699922649
126711;NaN
126821;NaN
126849;NaN
126860;NaN
126867;NaN
1269;NaN
126911;NaN
126929;NaN
126956;NaN
126986;NaN
126991;NaN
127000;NaN
127005;NaN
127014;7.650515430695966
127023;NaN
127025;NaN
127053;NaN
127069;NaN
127078;NaN
127096;NaN
127120;NaN
127127;NaN
127131;NaN
127136;NaN
127138;NaN
127159;NaN
12717;NaN
127172;NaN
127196;NaN
12722;NaN
127222;NaN
127253;NaN
127306;NaN
127328;NaN
127362;NaN
12739;NaN
12740;NaN
127407;NaN
127467;NaN
127481;0.8276644024504936
127507;NaN
127523;NaN
127548;NaN
127552;NaN
127555;NaN
127600;NaN
12761;4.884647447154158
127622;NaN
127629;NaN
127634;NaN
127644;NaN
127649;NaN
127655;NaN
12766;NaN
12769;NaN
127705;0.0
127735;NaN
127746;NaN
127748;NaN
127774;NaN
127834;NaN
127840;1.9422570483820507
127854;NaN
127904;NaN
127907;NaN
127908;NaN
12791;NaN
127925;NaN
127932;NaN
127947;NaN
127998;NaN
12802;NaN
128032;NaN
128033;NaN
128040;NaN
128074;NaN
128091;NaN
128103;NaN
128121;NaN
128123;NaN
128141;NaN
128153;NaN
128199;NaN
128205;NaN
128247;0.0
128249;NaN
128252;4.996507949078811
12828;NaN
128313;NaN
128346;NaN
128355;NaN
128358;NaN
128359;NaN
128371;NaN
128404;NaN
128436;NaN
12844;NaN
128443;NaN
12849;NaN
128490;NaN
128499;NaN
128505;NaN
128518;NaN
128527;NaN
128544;NaN
128552;NaN
128577;NaN
128613;NaN
128623;NaN
128625;NaN
128636;NaN
128637;NaN
128651;NaN
128652;NaN
128696;NaN
128712;NaN
128714;NaN
128716;NaN
128718;NaN
128724;NaN
128730;NaN
128731;NaN
12876;NaN
128771;NaN
128795;NaN
128826;NaN
128858;NaN
128863;NaN
128867;NaN
12888;NaN
1289;NaN
128965;NaN
128967;NaN
128969;NaN
128979;NaN
129022;NaN
129107;NaN
129127;NaN
129138;NaN
129139;NaN
129154;NaN
129185;NaN
129211;NaN
129238;NaN
129313;NaN
129316;NaN
129355;NaN
12938;NaN
129385;NaN
129388;NaN
129391;NaN
129399;NaN
129430;NaN
129450;NaN
129454;NaN
129484;NaN
129506;NaN
12957;NaN
129586;NaN
129609;NaN
129622;NaN
129637;NaN
129672;NaN
129676;NaN
129762;-0.16806613396823145
12977;NaN
129780;NaN
129791;NaN
129826;NaN
129830;2.1484744821572668
129839;NaN
129841;NaN
129852;NaN
129858;NaN
129864;NaN
129867;NaN
129869;NaN
129875;NaN
129876;NaN
129903;-1.6969122053472172
129918;NaN
129920;NaN
129941;-3.3636701345587854
129944;2.368544932608093
129946;NaN
129996;5.631482136233841
130003;NaN
130020;NaN
130031;0.0
130039;NaN
130046;NaN
130062;NaN
130067;NaN
130100;NaN
130126;-1.6710801895494902
130129;NaN
130133;NaN
13014;NaN
130145;1.9505835573746735
130169;NaN
130186;NaN
130281;NaN
130323;NaN
130333;NaN
130363;NaN
130369;NaN
130375;NaN
130398;NaN
130439;NaN
130445;NaN
130446;NaN
130450;NaN
130458;NaN
130460;NaN
130465;NaN
130466;NaN
130485;NaN
130486;NaN
130511;NaN
13056;0.5937108895601124
130568;-2.6716925494335366
130578;NaN
13059;NaN
130628;NaN
130637;NaN
130646;NaN
130651;NaN
130673;NaN
130674;NaN
130709;NaN
130710;-3.898473737049438
130715;NaN
130729;NaN
130738;NaN
130747;NaN
130818;NaN
130820;NaN
130824;NaN
130829;NaN
130842;-0.6748340145812515
130853;NaN
130854;NaN
130926;NaN
130940;0.0
130952;NaN
131008;NaN
131011;NaN
131053;NaN
131069;NaN
131081;NaN
131085;NaN
13112;NaN
131128;NaN
131186;NaN
131210;NaN
131216;NaN
131234;NaN
131251;NaN
131259;NaN
13127;NaN
131283;6.027024338125952
131289;NaN
131309;NaN
131314;1.768291707938555
131369;NaN
131378;NaN
131397;NaN
13143;NaN
131438;NaN
131471;NaN
131477;NaN
13148;NaN
131487;NaN
131526;NaN
131532;NaN
131547;NaN
131560;0.0
131582;NaN
1316;NaN
131628;NaN
13163;NaN
131658;NaN
131709;NaN
131747;NaN
13175;NaN
131809;NaN
13182;NaN
131830;NaN
131832;NaN
131833;NaN
131841;NaN
131848;NaN
13187;NaN
131898;NaN
131899;NaN
131917;NaN
131935;NaN
131941;NaN
131958;NaN
131962;NaN
131994;NaN
131999;NaN
132003;NaN
132006;NaN
132012;NaN
132031;NaN
13206;NaN
132065;NaN
132080;NaN
132096;NaN
132108;NaN
132111;NaN
132118;NaN
132121;4.574419499298502
132125;NaN
132130;NaN
132137;NaN
132138;NaN
13215;NaN
132202;NaN
132206;NaN
132211;NaN
132251;NaN
132266;NaN
132299;NaN
132317;3.5228958325818507
132323;NaN
132328;NaN
132380;NaN
132381;NaN
132388;NaN
132474;NaN
132482;1.1915449769467916
132483;0.08561339649318087
132500;NaN
132526;NaN
132530;NaN
13255;NaN
132566;NaN
132574;NaN
13258;NaN
132583;NaN
13260;NaN
132627;NaN
132660;6.242557439422754
132671;NaN
132679;NaN
132717;NaN
132730;-0.2780999537889097
13277;NaN
132800;NaN
132817;2.858535754564983
132852;NaN
132867;NaN
13290;NaN
132906;NaN
132907;NaN
132912;NaN
132920;NaN
13293;NaN
132968;NaN
133010;7.693356298093021
133013;NaN
133028;NaN
133038;NaN
133068;NaN
133094;NaN
133155;NaN
133171;NaN
133172;NaN
133280;3.313558069557369
133287;NaN
133305;NaN
133326;NaN
133334;NaN
133343;NaN
133416;NaN
13344;NaN
133454;NaN
133510;-0.09753215145868954
133513;NaN
133519;0.0
133557;NaN
133559;NaN
133565;NaN
133585;NaN
133592;NaN
133602;NaN
133608;NaN
133610;-1.5789928869757919
133627;NaN
133653;0.35170723343525134
133656;NaN
133662;NaN
133680;NaN
133684;NaN
133727;NaN
133776;12.644387697998768
13379;NaN
133790;NaN
133796;NaN
133829;NaN
133831;NaN
133857;NaN
133872;NaN
133876;NaN
133893;NaN
133933;NaN
133939;NaN
133968;NaN
133988;NaN
13400;NaN
134011;NaN
134050;NaN
134084;NaN
134095;0.27629533508150783
134101;NaN
134189;NaN
134197;NaN
134225;NaN
134230;NaN
134267;NaN
134288;NaN
134301;NaN
134327;NaN
134336;NaN
134357;NaN
134377;NaN
134381;NaN
134388;NaN
134407;NaN
13446;NaN
134460;NaN
134505;NaN
134518;NaN
134534;NaN
134554;NaN
134557;NaN
134566;NaN
134571;NaN
134590;NaN
134610;NaN
134631;NaN
134652;NaN
134671;NaN
134740;0.5968732773334704
13477;-1.8407341881769437
134791;NaN
134819;NaN
134866;2.9168845495934157
134868;NaN
134881;NaN
134909;NaN
134937;NaN
134942;NaN
134976;NaN
134984;NaN
134987;NaN
134999;NaN
13503;NaN
135033;NaN
135039;NaN
135045;NaN
135050;NaN
135068;NaN
135092;2.5661583766286635
135100;NaN
135141;-1.0251471149896905
135159;NaN
135192;NaN
135244;NaN
135269;NaN
135279;NaN
135282;NaN
135284;NaN
13529;NaN
135306;1.236541912535226
135339;NaN
135340;NaN
135364;NaN
135378;NaN
135384;0.995026578231428
135385;NaN
135431;NaN
135433;NaN
135473;NaN
135477;NaN
1355;NaN
135530;NaN
135611;NaN
135614;NaN
135627;NaN
135628;-0.01710165566506272
135635;NaN
13564;NaN
135653;NaN
135684;NaN
13569;NaN
13573;NaN
135734;NaN
135751;NaN
135759;NaN
135766;1.3986996452672686
135779;NaN
135780;NaN
13580;NaN
135825;NaN
135826;NaN
135840;NaN
135884;NaN
135902;NaN
135903;NaN
135915;NaN
135942;NaN
135954;1.3931131212286836
135969;NaN
135975;NaN
13599;NaN
136000;NaN
136004;NaN
136013;0.0
136039;NaN
136069;NaN
136079;NaN
136085;NaN
136096;NaN
1361;NaN
136110;NaN
136120;NaN
136128;NaN
136130;NaN
136131;NaN
136161;NaN
136165;NaN
136184;NaN
136187;NaN
136221;NaN
136225;4.340742542648555
136226;NaN
136228;3.61497993422567
136237;NaN
136238;NaN
13624;4.501994329105221
136268;NaN
136293;NaN
1363;NaN
136354;NaN
136372;NaN
13639;NaN
136408;NaN
136453;NaN
136466;NaN
136496;NaN
136501;1.0856075950596842
136533;NaN
136534;NaN
136537;NaN
136555;0.753178556253321
136608;NaN
136622;NaN
13664;NaN
136662;NaN
136686;NaN
136687;NaN
136693;NaN
136709;NaN
136710;NaN
136734;NaN
136745;NaN
136756;NaN
136764;NaN
136789;0.0
136795;NaN
136797;NaN
136817;NaN
136823;NaN
136825;NaN
136838;NaN
136908;NaN
136935;NaN
136942;NaN
13696;NaN
136994;NaN
136996;NaN
137005;NaN
137077;NaN
137087;NaN
137094;NaN
13711;NaN
137124;NaN
137129;NaN
137135;NaN
137152;NaN
137194;NaN
137240;NaN
137259;NaN
137280;NaN
137284;NaN
137304;NaN
137330;NaN
137339;NaN
137361;NaN
137368;NaN
13737;-0.546437193699337
137378;NaN
137423;2.196920982395926
137454;NaN
137461;NaN
137465;NaN
13748;NaN
137486;NaN
137508;-3.645705560332661
137532;NaN
137538;-4.117751700352158
137547;NaN
137556;NaN
137564;NaN
13761;-3.2286031258983323
137612;NaN
13762;NaN
137627;NaN
137636;NaN
137643;-1.8233742068976624
137646;NaN
137689;NaN
137691;NaN
137693;NaN
137716;NaN
137755;NaN
137761;NaN
137779;6.226944211534539
137795;NaN
13782;NaN
137836;3.4863543482541175
137929;NaN
137933;NaN
137940;NaN
137952;NaN
137958;NaN
137974;NaN
138003;NaN
138014;NaN
138024;NaN
138110;NaN
138112;NaN
138147;NaN
13815;NaN
138207;NaN
138219;NaN
13822;NaN
13826;NaN
138268;NaN
138279;NaN
138310;NaN
138315;NaN
138319;1.0712166074780445
138341;NaN
138362;NaN
138376;NaN
138387;NaN
13844;NaN
138445;NaN
138457;NaN
138467;NaN
138494;NaN
138543;NaN
138574;NaN
138590;NaN
138623;NaN
138650;NaN
138656;NaN
138667;NaN
138700;NaN
138711;NaN
13876;NaN
138762;NaN
138772;NaN
138788;NaN
13881;NaN
138837;NaN
138853;7.795296062975273
138859;NaN
138884;NaN
138887;NaN
138933;NaN
138953;NaN
13898;NaN
138984;NaN
138991;NaN
139011;NaN
139029;NaN
139049;1.4263221965703297
13908;NaN
139091;NaN
139093;NaN
139094;NaN
13912;NaN
139123;NaN
139131;NaN
139186;NaN
1392;NaN
13920;NaN
139200;NaN
13923;NaN
139230;NaN
139251;NaN
139261;NaN
13927;4.843926117171053
139277;NaN
139339;NaN
139362;NaN
139382;NaN
139391;-3.5297447667039656
139396;NaN
139434;7.212361566613954
13945;NaN
139463;NaN
139470;NaN
139474;NaN
139533;NaN
139549;1.6241427580894283
139554;NaN
139590;NaN
139644;NaN
139658;NaN
139661;NaN
139676;NaN
139681;NaN
139685;NaN
139701;-0.9661672204426386
139716;NaN
139718;NaN
139726;NaN
139731;NaN
139788;NaN
139811;NaN
139866;NaN
139896;3.1206092071556135
139911;NaN
139917;-3.0563396369617797
139930;-0.7747910802640836
13995;1.863637083565697
139975;NaN
139996;NaN
14;NaN
140026;NaN
140042;NaN
140073;NaN
140077;NaN
140081;NaN
140084;NaN
140090;NaN
140111;NaN
140148;10.335467457256378
140164;NaN
140183;-0.966848988615526
140197;NaN
140213;2.4358723685935755
140227;-2.9650620944964468
140282;NaN
140318;NaN
140362;NaN
140396;NaN
140423;NaN
140446;NaN
140510;NaN
140526;1.3450128450841001
140529;NaN
140534;NaN
140536;NaN
14054;NaN
140540;-10.070461504215864
140567;NaN
140576;1.415513724460086
140594;16.260073405942837
14062;NaN
140632;NaN
140643;NaN
140659;NaN
140680;NaN
140699;NaN
1407;NaN
140758;NaN
140762;NaN
14077;NaN
14079;NaN
140813;NaN
140847;NaN
140866;NaN
140874;NaN
1409;NaN
14090;NaN
140901;NaN
140941;NaN
14095;NaN
140996;NaN
14100;NaN
141044;NaN
14106;NaN
141082;NaN
141118;NaN
141121;NaN
141138;NaN
141145;NaN
141154;NaN
141162;NaN
141180;NaN
141196;NaN
141200;NaN
141202;NaN
141222;NaN
141224;NaN
141241;NaN
141281;NaN
141301;NaN
141315;NaN
141337;NaN
141368;NaN
141386;NaN
141400;NaN
141423;NaN
141526;NaN
141535;NaN
141547;NaN
141549;NaN
141559;NaN
141576;NaN
141585;NaN
141592;NaN
141600;NaN
14162;NaN
141652;NaN
141661;NaN
14168;5.910737341976405
1417;NaN
141709;NaN
141710;-0.8933490755889071
141800;NaN
141802;NaN
141803;-0.7387505640569336
141821;NaN
141881;NaN
14192;3.549064616676038
141949;NaN
141953;NaN
141970;-87.22179338023102
142002;NaN
142023;NaN
142034;-1.0140829138162286
142076;NaN
142079;NaN
142102;NaN
142111;NaN
142127;NaN
142143;NaN
142156;NaN
142187;NaN
142223;NaN
14223;NaN
14224;NaN
142259;NaN
142274;NaN
142304;NaN
142312;0.9620889553399115
14234;NaN
142355;NaN
142357;-5.465920315612067
142359;NaN
142388;NaN
14239;NaN
142411;NaN
142458;NaN
142513;NaN
14254;6.934683605885085
142540;NaN
142563;NaN
142566;NaN
142567;NaN
142579;NaN
142583;NaN
142589;0.0
142597;NaN
142602;NaN
142642;NaN
14268;NaN
142694;-2.825349121324311
142702;NaN
142719;NaN
142725;NaN
142730;6.966910341341643
142751;NaN
142761;NaN
142767;-1.1518950846955178
142768;NaN
142772;NaN
142787;NaN
142793;NaN
142828;NaN
142835;0.7043667770877434
142848;NaN
142857;NaN
142910;NaN
142911;NaN
14292;NaN
142923;NaN
142944;NaN
14296;NaN
142962;NaN
14299;NaN
143025;NaN
143045;10.17537327540186
143056;13.176066077193841
143060;NaN
143084;NaN
143086;NaN
143089;NaN
143158;NaN
143179;NaN
143211;1.105602856537476
143219;NaN
143229;NaN
143253;NaN
143254;NaN
143289;NaN
143344;NaN
143366;NaN
143379;NaN
143384;NaN
143395;NaN
143397;NaN
143402;NaN
143413;NaN
143422;NaN
143463;NaN
14347;NaN
143524;NaN
143529;NaN
143537;NaN
143548;NaN
143556;NaN
14357;NaN
143571;NaN
143578;NaN
143590;-0.19131067755391729
143607;NaN
14361;4.68555942806657
143615;12.061588975252828
143624;NaN
143635;NaN
14365;NaN
14370;NaN
143733;NaN
143745;NaN
143748;NaN
143761;NaN
143767;NaN
143771;NaN
143779;NaN
143809;NaN
143837;NaN
143841;6.154760168155798
143857;NaN
143859;NaN
143876;NaN
143878;NaN
143880;NaN
143891;-4.13817647032588
1439;NaN
143913;NaN
143915;NaN
143949;1.5499421628528447
143997;0.4255177088106865
144010;NaN
144028;NaN
144054;NaN
144056;NaN
14406;NaN
144067;NaN
144076;NaN
14409;NaN
144096;NaN
144100;NaN
144128;NaN
144161;NaN
14418;NaN
144195;NaN
144207;NaN
144214;NaN
144245;NaN
144263;NaN
144267;NaN
144277;NaN
144294;NaN
144371;NaN
144379;NaN
144386;NaN
144389;NaN
144408;NaN
144446;NaN
144532;NaN
144552;NaN
144573;NaN
144622;NaN
144624;NaN
144657;9.125748960816685
144670;NaN
144682;NaN
144689;6.953118863165218
144690;NaN
144703;NaN
144723;NaN
144730;NaN
144745;NaN
144757;NaN
144761;NaN
144768;NaN
144771;NaN
144796;NaN
144819;NaN
144834;0.0
14484;NaN
144893;NaN
144938;NaN
144957;NaN
144966;NaN
144996;NaN
145009;NaN
145014;NaN
145040;NaN
145109;NaN
145128;NaN
145129;NaN
145158;NaN
1452;NaN
145234;NaN
145243;NaN
145251;NaN
14530;NaN
145327;NaN
145340;NaN
145344;4.936071627080822
14536;NaN
145383;NaN
145392;NaN
145394;NaN
145403;NaN
145424;NaN
14543;NaN
145431;NaN
145451;NaN
145461;NaN
145475;NaN
145491;NaN
145509;NaN
145515;NaN
145519;NaN
145526;NaN
145539;3.1972561276429863
145580;NaN
145604;NaN
145652;NaN
145669;NaN
145671;NaN
145685;0.29090619934829753
145692;NaN
145707;NaN
14571;NaN
145712;NaN
145713;-6.338871916911436
14574;NaN
145763;NaN
145786;NaN
145799;NaN
145838;NaN
145847;NaN
145849;NaN
145861;NaN
145872;NaN
145873;NaN
145895;NaN
145931;NaN
14595;NaN
145957;NaN
145965;3.274867976095015
145971;NaN
145977;NaN
145992;NaN
146021;NaN
146023;NaN
146070;NaN
146096;NaN
146106;NaN
146126;NaN
146177;NaN
146191;NaN
146202;NaN
146239;NaN
146295;NaN
146305;NaN
146322;NaN
146328;NaN
146346;NaN
146413;NaN
146430;NaN
146449;0.632347547104668
146471;6.0457541689299275
146488;NaN
146495;NaN
146515;NaN
146516;0.0
146518;NaN
146523;NaN
146528;NaN
146552;NaN
146565;NaN
146577;NaN
146623;NaN
146624;NaN
146638;0.2947714937267558
146640;NaN
146653;NaN
146666;NaN
14667;NaN
146706;0.2720086140013507
146719;0.334346286974307
146724;NaN
146727;NaN
146738;NaN
146746;NaN
146755;NaN
146832;NaN
146859;NaN
146869;NaN
146871;NaN
146896;NaN
14691;NaN
146913;NaN
146914;NaN
146918;18.39370032936454
146946;NaN
146978;NaN
147003;NaN
147064;NaN
147074;NaN
147093;NaN
147144;NaN
147153;NaN
147157;NaN
147223;4.121583165711236
14724;NaN
147269;NaN
147287;-1.397878667870668
147356;NaN
147389;NaN
147394;NaN
147433;NaN
147453;NaN
147482;NaN
147499;NaN
147500;NaN
14751;NaN
147537;-0.7545407442625798
147548;NaN
147559;NaN
147575;NaN
147581;NaN
14759;NaN
147614;NaN
147618;NaN
147631;NaN
147652;NaN
147716;NaN
147739;NaN
147757;NaN
147778;NaN
147784;NaN
147810;NaN
147844;NaN
14785;NaN
147860;NaN
147919;NaN
148036;NaN
148074;NaN
148126;NaN
148133;NaN
14815;NaN
148168;NaN
148201;NaN
148231;NaN
148248;NaN
148255;NaN
148258;NaN
148264;-1.8674032466820665
14827;NaN
148278;NaN
148316;NaN
148331;7.880847523684537
148350;NaN
14836;-1.3787496040487004
148361;NaN
148374;NaN
148382;NaN
148387;NaN
148393;NaN
148410;NaN
148419;13.461031960549501
148425;-2.450070470341837
148437;NaN
14844;NaN
148458;NaN
148501;NaN
148508;NaN
148509;NaN
148545;NaN
148562;NaN
148621;NaN
148624;NaN
148643;NaN
14865;NaN
148663;NaN
148664;NaN
148677;1.4263404089173506
148702;NaN
148800;NaN
148820;-1.4089502337643836
148822;NaN
148825;NaN
148848;NaN
148873;NaN
148895;NaN
148929;NaN
148934;NaN
149026;NaN
149027;NaN
149036;NaN
14904;NaN
149046;NaN
149061;NaN
149066;NaN
14907;NaN
149071;NaN
149085;NaN
14913;NaN
149147;NaN
149159;NaN
149187;NaN
149212;NaN
149238;NaN
149248;NaN
149288;NaN
149289;NaN
149301;NaN
149318;NaN
149337;NaN
149371;NaN
14939;NaN
149403;NaN
149412;NaN
149468;NaN
149484;NaN
149485;NaN
149493;0.0
149505;NaN
149517;NaN
149519;NaN
149531;NaN
149552;2.471031666620471
149573;NaN
149601;NaN
149606;NaN
149607;NaN
149638;NaN
149639;NaN
149644;NaN
149658;NaN
149707;NaN
149746;NaN
149754;NaN
149758;5.784836263371694
149766;-2.597660789548069
14978;NaN
149799;NaN
14980;NaN
149816;NaN
149841;NaN
149863;NaN
149864;NaN
149877;NaN
149889;NaN
149900;-1.8119026742074538
149908;1.4806362709896406
149917;5.2326991345689295
14993;NaN
149933;NaN
149935;NaN
149936;NaN
149937;NaN
149981;NaN
150024;NaN
150068;NaN
150079;NaN
150083;NaN
15011;NaN
150114;NaN
150188;NaN
1502;NaN
150213;NaN
150217;NaN
150254;NaN
150259;NaN
150299;NaN
150360;NaN
150422;NaN
150443;NaN
150477;8.246088185922874
150533;NaN
150594;NaN
150602;NaN
150644;NaN
150653;NaN
150665;NaN
150680;NaN
150688;-1.835683141312181
150694;2.9768199076309987
150698;NaN
15070;NaN
150704;NaN
15071;NaN
150721;NaN
150764;4.42227111865666
150775;NaN
150847;NaN
150878;NaN
150920;NaN
150936;NaN
150953;NaN
150960;-1.2617548307925452
150980;NaN
150993;NaN
151005;NaN
151013;NaN
151101;-2.9733306512799405
151114;NaN
151141;NaN
151192;NaN
151216;NaN
151231;NaN
151250;NaN
151287;NaN
151317;NaN
151339;NaN
151343;NaN
151360;NaN
151370;NaN
151431;NaN
151432;NaN
151434;NaN
151446;5.901192464612571
151455;NaN
151474;NaN
151492;NaN
151531;NaN
151558;NaN
151574;NaN
151594;NaN
151612;NaN
151617;NaN
151629;NaN
151648;NaN
151677;NaN
151702;NaN
151707;0.0
151722;16.972080184665057
151731;NaN
151767;NaN
15179;NaN
151797;NaN
1518;4.422137124899242
151821;NaN
151907;NaN
151911;NaN
151914;NaN
151935;NaN
151945;NaN
151963;NaN
151979;NaN
152042;NaN
152060;NaN
152067;NaN
152084;NaN
15210;NaN
152121;NaN
152141;NaN
152149;NaN
152161;NaN
152179;NaN
152215;NaN
152220;NaN
152262;8.841572934719629
15227;NaN
152289;NaN
15229;NaN
152313;0.0
152356;NaN
152410;NaN
152431;NaN
152440;NaN
152445;NaN
152478;NaN
15252;NaN
152520;NaN
152535;NaN
152546;NaN
152548;NaN
152551;NaN
152560;NaN
152568;NaN
152578;NaN
152589;NaN
152594;NaN
152618;NaN
15262;NaN
152623;NaN
152627;NaN
152647;NaN
152656;NaN
152663;4.250961968112074
152682;NaN
152696;NaN
152700;NaN
152710;NaN
152718;NaN
152721;1.4385089331326497
152750;2.0642824930031884
152752;2.617643021483557
152755;NaN
152780;NaN
152829;NaN
152836;NaN
152861;NaN
152868;NaN
152883;NaN
152897;NaN
15290;NaN
15293;NaN
152937;NaN
152960;NaN
152963;NaN
152973;NaN
153001;NaN
153041;NaN
153049;NaN
153057;NaN
153067;NaN
153081;NaN
153119;NaN
153128;NaN
153156;NaN
153219;NaN
153233;NaN
153241;NaN
153246;NaN
153268;NaN
153287;NaN
153311;NaN
153343;NaN
153353;-6.190773494830144
15338;NaN
153392;NaN
153432;NaN
153486;NaN
153492;NaN
153493;NaN
153508;NaN
153518;NaN
153559;0.0
15356;NaN
153582;NaN
153584;NaN
153599;NaN
153600;NaN
153605;NaN
153641;NaN
153647;NaN
153649;NaN
153684;NaN
15370;NaN
153723;NaN
153737;NaN
153739;NaN
153745;NaN
153754;NaN
153759;NaN
153813;NaN
153830;NaN
153833;NaN
153837;NaN
153839;NaN
15386;NaN
153903;NaN
153909;NaN
15393;NaN
153963;NaN
153974;NaN
153984;NaN
15399;NaN
154001;NaN
154021;NaN
154058;NaN
154069;NaN
154075;NaN
154081;NaN
154093;NaN
15410;NaN
154129;NaN
154151;NaN
154174;2.0448207031518315
154180;NaN
154195;NaN
154249;NaN
154281;NaN
154309;0.34526445030684916
154322;NaN
15434;3.7324299464365183
154344;NaN
154354;NaN
154375;NaN
154389;1.602354014214951
154395;NaN
154422;NaN
154445;NaN
154451;NaN
154468;NaN
154501;NaN
154507;NaN
154532;NaN
154537;-1.8492930722337977
154580;NaN
15459;NaN
154634;NaN
154657;NaN
154671;NaN
154687;NaN
154738;NaN
154759;NaN
154764;NaN
154773;NaN
154795;NaN
154825;NaN
154844;NaN
154856;NaN
154861;NaN
15487;NaN
154870;NaN
154944;NaN
154959;NaN
154970;NaN
154976;NaN
15499;NaN
155;NaN
155018;NaN
15503;NaN
155064;2.373305210998569
155065;3.5256846021160646
155068;NaN
155073;NaN
155081;NaN
155085;NaN
155101;NaN
15511;NaN
155110;NaN
155139;-4.4908843018477285
155147;NaN
155217;0.0
15522;NaN
155235;5.505199441856185
155254;NaN
155288;NaN
155300;NaN
155308;NaN
155317;NaN
155359;NaN
155365;NaN
155399;NaN
155412;NaN
155449;-0.38316226074344883
155453;NaN
155475;NaN
155516;NaN
155519;NaN
155526;NaN
155560;NaN
155621;NaN
155630;0.0
155656;NaN
155708;NaN
155723;NaN
155773;NaN
155816;NaN
155834;NaN
15585;-1.0949573077403938
155850;NaN
155852;NaN
155862;NaN
155874;NaN
155936;NaN
155963;2.0082689477964566
155980;NaN
155999;NaN
156018;NaN
156092;NaN
156101;NaN
156145;NaN
156153;NaN
156165;NaN
156189;-0.31489208998998164
156195;NaN
156199;NaN
156210;NaN
156218;NaN
156229;NaN
156234;NaN
156241;NaN
156242;NaN
156281;NaN
156283;14.216200784281304
15630;NaN
156306;NaN
156327;NaN
156328;-0.9687782675412674
156330;NaN
156338;NaN
156344;NaN
156354;NaN
156370;NaN
156413;-1.5911699073176409
156415;NaN
156457;NaN
156509;2.8077660440726335
15653;NaN
156539;NaN
15654;NaN
156578;NaN
156595;0.896975789311895
156614;NaN
156629;NaN
156660;NaN
156664;NaN
156666;6.96661348483655
156711;3.4074499899876116
156714;NaN
156716;NaN
156717;NaN
156749;NaN
156750;NaN
156774;NaN
156776;NaN
156798;NaN
156858;2.287691549397291
156890;NaN
15692;NaN
156922;NaN
15697;NaN
156981;NaN
156982;NaN
15699;NaN
15701;NaN
157020;NaN
157021;NaN
157041;NaN
157061;NaN
15708;NaN
157084;NaN
15709;NaN
157130;NaN
157213;-1.926423163448152
157218;NaN
157233;NaN
157273;NaN
157277;NaN
157290;NaN
157295;NaN
157299;3.232960454458806
157308;NaN
15732;NaN
157322;NaN
157337;NaN
157364;NaN
157374;NaN
157377;NaN
157401;NaN
157418;NaN
157437;NaN
157439;NaN
157457;NaN
157467;-1.1471387402701867
157485;NaN
157499;NaN
157507;NaN
157513;3.646499825110405
157542;NaN
157543;NaN
157582;NaN
157590;NaN
157627;NaN
157676;NaN
157698;14.702069017502886
157711;2.564522051584189
157715;NaN
15773;NaN
157735;1.5226431698044927
157751;NaN
157770;NaN
15778;NaN
157786;NaN
157796;NaN
157814;NaN
157815;NaN
157840;NaN
157862;NaN
157877;NaN
157897;NaN
157923;-2.6440285290211945
157927;NaN
157937;NaN
157938;NaN
157939;NaN
157944;NaN
157955;NaN
157966;NaN
15798;NaN
157983;NaN
157987;NaN
158028;NaN
158105;1.685498107541617
158125;NaN
158138;NaN
158141;NaN
158147;1.0867726479629958
158155;NaN
158189;NaN
15819;-2.0984867637852473
158197;NaN
158218;-1.9207085847390708
158240;NaN
158272;NaN
15829;NaN
158313;NaN
158330;NaN
158343;NaN
158396;NaN
158399;NaN
158412;NaN
158425;NaN
158426;NaN
158455;NaN
158475;0.0
158480;NaN
158485;NaN
158491;NaN
158500;NaN
15854;NaN
158552;1.524849235546889
158560;NaN
158568;6.5346463295331985
158570;NaN
158575;NaN
1586;NaN
158610;NaN
158636;-0.6852535913165713
158644;NaN
158651;NaN
158661;-1.644655875788658
158676;NaN
158677;NaN
158686;NaN
158688;NaN
158689;NaN
158690;0.5642408959286123
158698;NaN
158708;NaN
158728;NaN
158730;NaN
158733;NaN
158739;6.3433070861459795
15874;NaN
158750;NaN
15878;NaN
158805;NaN
158836;NaN
158879;NaN
158885;NaN
15891;NaN
158944;NaN
158951;NaN
158967;NaN
15903;NaN
159030;NaN
159038;NaN
159105;NaN
159111;NaN
159115;NaN
159126;NaN
159132;NaN
159140;NaN
159149;NaN
15917;NaN
159180;NaN
15920;NaN
159238;NaN
159262;NaN
159298;NaN
159302;NaN
159308;0.7021374636989965
159319;4.819125855156685
159336;NaN
15935;NaN
159389;NaN
159391;NaN
1594;-0.6644779225976508
159412;NaN
159468;NaN
159480;NaN
159481;NaN
159483;NaN
159526;NaN
159541;NaN
159551;NaN
159571;NaN
159578;NaN
15958;NaN
159600;NaN
159637;NaN
159645;NaN
159646;NaN
159657;NaN
159686;NaN
1597;NaN
15971;NaN
159736;1.5401636359154902
159770;NaN
159783;NaN
159808;1.922757298117706
159817;NaN
159842;NaN
159883;NaN
159905;NaN
159913;NaN
159926;NaN
159936;0.0
159980;NaN
159983;NaN
160060;NaN
160153;NaN
160166;NaN
160175;0.0
160188;NaN
160202;NaN
160205;NaN
160250;NaN
16027;NaN
160271;NaN
16030;NaN
160334;NaN
160362;NaN
160412;NaN
160431;NaN
160445;NaN
160449;NaN
160469;NaN
160512;NaN
16055;NaN
160575;NaN
160612;NaN
160665;0.0
160690;NaN
160694;0.0
160697;NaN
160712;NaN
160736;0.17014360758733416
160769;NaN
160803;NaN
16084;NaN
160843;NaN
160847;2.6955450746294587
160856;NaN
160862;NaN
160899;NaN
160929;NaN
160963;1.8574091671744772
16098;NaN
160988;NaN
161009;NaN
161038;NaN
16106;0.0
16108;NaN
161117;NaN
161134;NaN
161152;NaN
161187;NaN
161196;NaN
161207;NaN
161212;NaN
161299;NaN
161337;NaN
161351;NaN
161368;NaN
161374;NaN
161379;NaN
161464;NaN
161495;NaN
161496;NaN
161503;NaN
161525;NaN
161535;NaN
161549;NaN
161561;NaN
161578;2.137516462736067
161606;NaN
161609;NaN
161622;8.138117439296431
161634;NaN
161668;NaN
161731;NaN
161733;0.0
161763;NaN
161772;NaN
161818;NaN
161851;NaN
161856;NaN
161858;-4.791742320313483
161897;NaN
16190;7.210669915359091
161931;NaN
161934;NaN
1620;NaN
16201;NaN
162018;NaN
162033;NaN
162196;NaN
162206;NaN
162228;NaN
162275;NaN
162286;NaN
162310;NaN
162337;NaN
162344;NaN
162350;NaN
162362;NaN
162366;NaN
162397;NaN
162414;NaN
162415;NaN
162421;NaN
162457;-4.36008546089554
162468;NaN
162481;NaN
162485;NaN
162490;NaN
162515;NaN
162516;NaN
162518;NaN
162536;2.1962314571046577
162611;NaN
16264;NaN
162643;NaN
162667;9.761788630219797
162690;NaN
162701;0.7416916218422058
162703;NaN
162707;NaN
162748;NaN
162764;NaN
162768;NaN
162793;NaN
162795;NaN
162837;NaN
162839;-1.758391829526083
162840;NaN
162851;NaN
162906;NaN
162937;NaN
162951;NaN
163000;5.500575025721765
16303;1.1259888334379649
163038;NaN
163066;NaN
163071;NaN
163093;NaN
163098;NaN
163111;NaN
16313;NaN
163154;NaN
163178;NaN
16323;NaN
163231;NaN
16324;NaN
16327;NaN
163293;NaN
163318;NaN
16332;NaN
163321;NaN
163332;NaN
163334;NaN
163378;NaN
163400;NaN
163439;-4.065184342750298
163458;NaN
163461;NaN
16349;NaN
1635;1.74920757937721
16353;NaN
163531;NaN
163542;NaN
163566;NaN
163571;1.2097101308890563
163580;NaN
163586;NaN
163590;NaN
163597;NaN
163628;NaN
163642;NaN
163644;NaN
163675;NaN
163683;NaN
163697;NaN
16371;NaN
163731;NaN
163736;NaN
163772;NaN
1638;NaN
163819;NaN
163848;0.3512336852307465
163860;NaN
163874;NaN
163910;NaN
163959;NaN
163962;-0.16737081529352826
163968;NaN
164055;NaN
164078;NaN
164107;NaN
164120;NaN
164123;NaN
164153;NaN
164162;NaN
164171;NaN
164183;NaN
16422;NaN
164240;NaN
164250;6.18641314217741
164276;NaN
164298;NaN
164303;0.8763367129763595
164342;NaN
164381;NaN
164382;NaN
164404;NaN
164428;NaN
164434;NaN
164442;NaN
164444;NaN
164536;NaN
164599;NaN
164617;NaN
164652;NaN
164659;NaN
164668;NaN
164708;NaN
164728;NaN
164754;NaN
164758;NaN
164766;NaN
164767;NaN
164773;NaN
164785;NaN
164794;NaN
164801;NaN
164821;NaN
164861;NaN
164873;NaN
164880;NaN
16490;NaN
164912;NaN
164954;NaN
164956;NaN
164961;NaN
164965;NaN
164995;NaN
165023;1.8097740884336058
165053;NaN
165058;NaN
165062;NaN
16510;NaN
165139;NaN
165151;NaN
165153;NaN
16516;NaN
165174;NaN
165213;NaN
165217;NaN
165236;NaN
165243;NaN
16525;NaN
165328;NaN
165342;NaN
165379;NaN
165401;NaN
165413;NaN
165424;0.44210112888726716
165428;NaN
165458;NaN
165471;NaN
165519;NaN
165587;NaN
165595;NaN
165604;NaN
165649;NaN
165653;NaN
165661;NaN
165662;NaN
165672;NaN
165684;NaN
165696;NaN
165704;NaN
165719;NaN
165738;NaN
165782;NaN
165785;NaN
165830;NaN
165848;NaN
16585;NaN
165922;NaN
165931;4.55862550926038
165932;NaN
16596;NaN
165960;NaN
16597;NaN
165970;NaN
165973;NaN
165990;NaN
166028;NaN
166036;NaN
166042;NaN
166059;NaN
166093;NaN
166102;NaN
166111;NaN
166124;NaN
166135;NaN
166150;NaN
166188;NaN
166189;NaN
166199;NaN
166210;NaN
166224;NaN
166262;NaN
16627;NaN
166287;NaN
166316;NaN
166326;NaN
166337;NaN
166370;NaN
166394;NaN
166437;NaN
166442;NaN
166471;NaN
166493;NaN
166510;NaN
166520;NaN
166532;1.121764312104785
166545;NaN
166553;NaN
166562;NaN
166573;NaN
166574;NaN
166578;NaN
166591;NaN
166592;NaN
1666;NaN
16660;NaN
166607;NaN
16667;NaN
166712;NaN
166728;NaN
16673;NaN
166751;NaN
166785;NaN
166845;NaN
166846;3.3692534487383563
16685;NaN
166861;NaN
166864;2.694851678004563
166905;NaN
166910;NaN
166924;NaN
166926;NaN
166933;NaN
166948;NaN
166960;NaN
166974;NaN
166990;NaN
167001;NaN
167003;NaN
167011;NaN
167035;NaN
167044;4.231723203706778
167066;NaN
167070;NaN
167081;NaN
167083;NaN
167113;NaN
167118;NaN
167160;NaN
167178;NaN
16719;NaN
167207;NaN
167237;-2.8923316512050556
167250;NaN
16727;NaN
16728;NaN
167331;NaN
167351;NaN
167371;NaN
167386;17.267453594516912
167391;NaN
167399;1.1228229531092853
167410;3.9589881493770003
167414;NaN
167420;NaN
167473;NaN
167486;NaN
167515;NaN
167547;NaN
167566;NaN
167595;NaN
167607;0.6004109222220658
167641;NaN
167644;NaN
167650;4.872571195934699
167652;NaN
167657;NaN
16771;NaN
167729;NaN
167733;NaN
167756;NaN
167769;NaN
167776;NaN
167798;NaN
167816;NaN
16782;NaN
16785;NaN
167850;NaN
167902;NaN
167936;NaN
167945;NaN
167962;NaN
16797;NaN
167991;NaN
168008;NaN
168040;NaN
168047;NaN
168059;NaN
168097;NaN
168118;NaN
168125;NaN
168126;NaN
168133;NaN
168136;NaN
168197;NaN
168284;NaN
168308;NaN
168353;NaN
168369;NaN
168371;NaN
168393;NaN
168414;NaN
168459;NaN
168483;NaN
168491;NaN
168507;NaN
168533;NaN
16855;NaN
168552;NaN
168561;NaN
168564;NaN
16857;NaN
168599;NaN
168616;NaN
168637;NaN
168639;NaN
168663;-1.6616198906399862
168682;NaN
168754;NaN
168757;NaN
168781;NaN
16882;NaN
168847;NaN
168858;NaN
168862;NaN
168874;NaN
168889;1.1810448421072628
168926;NaN
168928;NaN
168957;NaN
168961;NaN
168980;NaN
16900;NaN
169001;NaN
169018;5.969836958247353
16904;NaN
16905;NaN
169098;NaN
169104;NaN
169106;NaN
169131;-3.2453623289579383
169164;NaN
169166;NaN
169170;NaN
169183;NaN
169285;NaN
16930;NaN
169307;NaN
169313;NaN
16933;NaN
169332;NaN
169343;NaN
169353;NaN
169388;NaN
169394;NaN
169401;NaN
169408;NaN
169424;NaN
169432;NaN
169474;-1.0219417554322996
169495;NaN
169500;NaN
169519;NaN
169537;NaN
169542;4.159470421549338
169577;NaN
16959;NaN
169596;NaN
169620;NaN
169628;NaN
169651;NaN
169710;9.516092574340695
169779;NaN
169818;NaN
16984;NaN
169871;NaN
169898;-0.46460459932929377
169901;NaN
169923;NaN
169926;NaN
169956;NaN
17000;NaN
170007;NaN
170024;NaN
170032;NaN
170041;-3.413237245383221
170044;NaN
170069;NaN
170084;NaN
170106;NaN
170114;NaN
17013;NaN
170147;NaN
170152;NaN
170159;NaN
170176;NaN
170199;NaN
170202;NaN
170207;NaN
170256;NaN
170259;NaN
170279;NaN
170284;NaN
170297;NaN
170326;NaN
170333;NaN
170336;NaN
170399;NaN
170407;NaN
170416;NaN
170443;NaN
170457;NaN
170459;NaN
170481;NaN
1705;NaN
170509;NaN
170525;NaN
170539;NaN
17054;NaN
170550;NaN
170556;NaN
170584;NaN
17061;NaN
170630;NaN
170651;NaN
170663;NaN
17067;NaN
170687;-3.7098347845155115
170689;NaN
17070;NaN
170714;NaN
170722;NaN
170743;NaN
170752;NaN
170800;NaN
170900;NaN
170901;NaN
170911;NaN
170913;NaN
170920;NaN
170930;NaN
170991;NaN
171020;NaN
171028;NaN
171056;NaN
171058;NaN
171066;NaN
171079;NaN
171105;NaN
171106;NaN
171112;NaN
171135;NaN
171143;NaN
171171;NaN
17120;NaN
171215;NaN
171226;NaN
17124;NaN
171262;NaN
171313;NaN
171345;NaN
171370;NaN
171389;NaN
171409;NaN
171414;NaN
171489;NaN
171494;NaN
171518;NaN
171523;NaN
171572;NaN
171619;NaN
171627;1.1896724656354012
171661;NaN
171665;NaN
171710;NaN
171739;NaN
171754;NaN
171814;NaN
171841;NaN
171842;NaN
171900;NaN
171901;NaN
171970;3.1808734073363603
172021;NaN
172034;NaN
17205;NaN
172079;NaN
172118;NaN
172122;NaN
172132;1.1749291436305427
172139;NaN
172145;NaN
172162;NaN
17217;NaN
172184;NaN
172191;NaN
172212;NaN
172228;NaN
172237;NaN
172250;NaN
172291;NaN
172324;NaN
172335;NaN
172344;NaN
172349;1.753845093480002
172392;NaN
172406;NaN
172468;NaN
172512;NaN
172580;NaN
172585;-1.7990429161449903
172586;NaN
172594;NaN
172601;13.337744009038742
172611;NaN
172649;NaN
172663;NaN
172665;NaN
172693;NaN
172706;NaN
172722;NaN
172756;NaN
172793;NaN
172798;2.81677044378695
172804;NaN
172808;NaN
172824;NaN
172873;NaN
172901;NaN
172976;NaN
172984;NaN
173026;NaN
173052;NaN
173053;NaN
173069;NaN
17307;NaN
17310;NaN
173101;NaN
173141;NaN
173176;NaN
173183;NaN
173191;NaN
173196;NaN
173231;NaN
173243;NaN
173257;NaN
173263;-4.1857291297119055
173270;NaN
1733;NaN
173308;NaN
173344;NaN
173381;NaN
173394;NaN
1734;NaN
173400;NaN
173402;-3.0873041007971826
173416;0.0
173421;0.8124210097638866
173425;NaN
173430;NaN
173451;NaN
173459;NaN
173467;NaN
173504;NaN
17360;NaN
173610;NaN
173618;NaN
173630;NaN
173631;NaN
173640;NaN
173662;1.0667689901402213
173728;NaN
173749;NaN
173751;NaN
173792;-2.48003983450998
173828;NaN
173854;NaN
173860;NaN
173864;NaN
173886;0.9869874473144029
173893;NaN
173949;NaN
173983;NaN
173994;-0.34698937831380966
174020;NaN
174023;NaN
174053;NaN
174067;NaN
174103;NaN
174108;NaN
174110;NaN
174111;NaN
174139;NaN
17418;NaN
174185;7.419390104688084
174215;NaN
174220;NaN
174234;5.088011482806028
174247;1.859937128528131
174266;NaN
174275;NaN
174278;NaN
174300;NaN
174309;NaN
17433;NaN
174349;11.527098451143244
174360;NaN
174362;NaN
174365;NaN
174367;NaN
174377;NaN
17439;NaN
174396;NaN
174404;NaN
174405;NaN
17446;NaN
174464;NaN
174470;NaN
174471;NaN
174473;NaN
174480;NaN
174500;NaN
174519;NaN
174524;NaN
174532;NaN
174543;NaN
174545;NaN
174555;NaN
174567;NaN
174573;NaN
17460;NaN
17461;NaN
174644;NaN
17467;NaN
174674;NaN
174709;NaN
174720;2.8694427898739745
174725;NaN
174793;NaN
174818;NaN
174827;NaN
174835;1.225477844281322
174852;NaN
174860;NaN
174887;-0.2559602762833353
174928;NaN
174936;NaN
174938;5.601576137860884
174940;NaN
174943;NaN
174972;NaN
174998;NaN
175002;NaN
175105;NaN
175115;NaN
175156;NaN
175159;NaN
175184;NaN
175188;NaN
175191;NaN
175197;NaN
175199;NaN
175222;NaN
175241;NaN
175277;NaN
175278;NaN
175296;NaN
175300;NaN
175324;NaN
175329;NaN
175340;-2.07519716120144
175373;0.6601018615515039
175375;NaN
175392;NaN
175410;NaN
175420;NaN
175469;-1.0773409196390327
175476;NaN
175497;NaN
175539;NaN
175540;NaN
17555;NaN
175571;NaN
175609;NaN
175625;NaN
175646;NaN
175653;NaN
175654;NaN
175660;NaN
175683;NaN
175687;NaN
175689;NaN
175760;NaN
175768;NaN
175773;NaN
175800;NaN
175816;NaN
175825;NaN
175858;NaN
175868;NaN
175869;NaN
175903;-2.5397820874426538
175935;NaN
175943;NaN
17596;NaN
175968;NaN
175988;NaN
176008;NaN
176020;NaN
176025;NaN
176036;NaN
176039;NaN
176044;NaN
176049;NaN
176057;-7.6498302290960964
176064;NaN
176107;NaN
176165;NaN
17617;NaN
176193;NaN
176225;NaN
176249;1.1990311853413538
176266;NaN
176332;NaN
176335;NaN
176350;NaN
176366;NaN
176369;NaN
176382;16.637977496546796
176390;NaN
176446;NaN
176467;NaN
176471;NaN
176488;NaN
176530;NaN
17654;NaN
176542;NaN
176545;NaN
176565;NaN
176630;NaN
176654;NaN
176665;NaN
176688;NaN
176709;NaN
17675;NaN
176763;NaN
176789;NaN
176800;-3.868806203962286
176817;NaN
176823;NaN
176826;NaN
176837;NaN
176879;NaN
176887;NaN
176897;-0.476104513642686
176949;NaN
177015;NaN
177023;NaN
177024;NaN
17704;NaN
177054;NaN
177066;NaN
177079;NaN
177090;NaN
177123;NaN
177124;NaN
177137;NaN
177172;NaN
177239;NaN
177253;NaN
177264;NaN
177321;5.596876940528405
17736;NaN
177360;NaN
177415;NaN
177416;NaN
177426;NaN
177454;-1.1952399126165656
17746;NaN
177482;NaN
177494;NaN
177497;NaN
177499;NaN
177562;11.539574100692155
177587;NaN
177618;NaN
17762;NaN
177645;NaN
177666;NaN
177694;NaN
177724;NaN
177736;NaN
177742;NaN
177758;NaN
177763;NaN
177772;NaN
177776;3.866739245714789
177777;NaN
177792;NaN
177802;NaN
177810;NaN
177822;NaN
177826;NaN
17785;1.3274420901803057
177851;NaN
177871;NaN
177873;NaN
177875;NaN
177906;NaN
177913;-3.126345090519732
177923;NaN
177929;NaN
177942;NaN
177955;2.6072015101580064
178002;NaN
178057;NaN
178095;NaN
178142;NaN
178152;NaN
178159;NaN
178180;NaN
178187;NaN
178188;NaN
178195;NaN
178207;NaN
178214;0.6624631935087366
178219;NaN
178226;NaN
178233;NaN
178240;NaN
178247;NaN
178282;NaN
178299;NaN
178330;NaN
178337;NaN
178345;NaN
178393;NaN
178395;NaN
178404;NaN
178426;NaN
178447;NaN
178449;NaN
17845;NaN
178488;NaN
178492;NaN
178511;NaN
178523;NaN
178564;NaN
178566;NaN
178570;NaN
178581;NaN
178606;-0.5617038233404078
178607;NaN
178609;NaN
178636;NaN
178676;NaN
178680;NaN
178691;NaN
178694;NaN
178728;NaN
178731;NaN
178796;NaN
178803;NaN
17883;NaN
178840;-3.6245699176986848
178842;NaN
178847;NaN
178895;NaN
178907;NaN
178925;NaN
178926;NaN
178929;5.167871867470499
178930;NaN
178969;NaN
178972;NaN
178992;NaN
179003;NaN
17906;NaN
179071;NaN
179076;NaN
179091;NaN
179092;NaN
179095;NaN
179097;NaN
179113;NaN
179114;NaN
179123;NaN
17915;NaN
179193;NaN
179204;NaN
179209;NaN
179217;NaN
17922;NaN
179221;NaN
179226;NaN
179232;NaN
179245;NaN
179266;NaN
179276;NaN
179278;NaN
17936;NaN
179377;NaN
179383;NaN
179395;0.8996030563465168
179396;NaN
179441;NaN
179460;NaN
17953;NaN
179577;NaN
179582;NaN
179584;NaN
179611;NaN
179629;NaN
179679;NaN
17968;NaN
179709;NaN
179714;NaN
179736;NaN
179744;-1.3296164470404797
179781;NaN
179829;NaN
179837;NaN
179862;-1.0894746248057423
179866;NaN
179877;NaN
179904;NaN
179924;NaN
179927;NaN
179946;NaN
179951;NaN
180016;NaN
180035;NaN
180040;NaN
1801;NaN
180108;NaN
180110;NaN
180130;NaN
180142;NaN
180144;-0.8329157901462724
180159;NaN
180176;NaN
180207;NaN
180213;NaN
180251;NaN
180263;NaN
180272;NaN
180278;NaN
180279;NaN
180307;3.18492055129007
180321;NaN
180343;NaN
180347;NaN
180354;NaN
180371;-2.240090176319142
180388;2.5275435192640576
180438;NaN
180490;NaN
18050;NaN
180502;NaN
180508;NaN
180522;NaN
180545;NaN
180608;4.382591090301238
180610;NaN
180665;NaN
180676;NaN
180677;NaN
180678;2.6317432014919335
180693;NaN
180700;NaN
180701;NaN
180717;NaN
18072;NaN
180727;NaN
18073;2.9369864907780534
180747;NaN
180812;NaN
180837;NaN
180840;NaN
180843;NaN
180924;NaN
180934;-2.1872923967730182
180945;NaN
180953;NaN
18096;NaN
181008;NaN
181035;NaN
181046;NaN
181068;NaN
181078;NaN
181109;NaN
181111;NaN
181114;NaN
181143;NaN
181153;NaN
181165;NaN
181180;NaN
181181;NaN
181182;NaN
181203;NaN
18122;NaN
181239;NaN
181265;NaN
18127;NaN
18132;NaN
181322;-2.9725864488952043
181355;NaN
181358;NaN
181386;NaN
18140;0.7680228409302721
181416;NaN
181452;NaN
181467;NaN
181500;NaN
181506;NaN
181518;NaN
181520;NaN
18156;NaN
181583;NaN
181589;NaN
18159;7.318495038675049
181603;NaN
181610;NaN
181612;-2.275332598865499
181651;NaN
181673;NaN
181697;-2.4388162612013975
181713;NaN
181739;NaN
181778;NaN
181781;NaN
181843;NaN
181848;NaN
181881;NaN
181884;NaN
1819;0.0
181922;NaN
181927;NaN
181946;NaN
181947;NaN
181966;NaN
18197;NaN
181977;NaN
182030;NaN
182032;NaN
182046;NaN
182065;NaN
18209;NaN
182096;NaN
182151;NaN
182159;NaN
182161;NaN
182171;NaN
182183;NaN
182224;NaN
18224;-1.0432854827671565
18225;-2.9821309289354714
182264;NaN
182294;NaN
182320;NaN
182322;NaN
182345;NaN
182350;NaN
182368;NaN
182372;-1.3775931462528388
182383;NaN
182466;NaN
182467;NaN
182471;NaN
182499;NaN
182527;NaN
182556;NaN
182571;NaN
18258;NaN
182588;NaN
182604;NaN
182621;NaN
182679;NaN
182691;-6.051521607678142
182701;NaN
182709;NaN
18271;NaN
182731;1.5882206107881172
182732;1.9397398324027955
182735;NaN
182750;NaN
182768;NaN
18279;NaN
1828;NaN
182805;3.451044080424138
182815;NaN
182842;NaN
182920;NaN
182926;NaN
182947;NaN
182948;4.129710716219648
182980;NaN
182990;NaN
183025;NaN
183037;NaN
183047;NaN
183098;NaN
183102;2.891387963005131
183114;NaN
183123;NaN
183161;NaN
183169;NaN
183176;NaN
183186;NaN
183209;NaN
183282;NaN
183294;NaN
183300;NaN
183303;NaN
183317;NaN
183350;NaN
183363;NaN
183379;NaN
183381;NaN
183389;NaN
183410;NaN
183416;NaN
183428;2.5347858653697184
183439;NaN
183525;3.250320700686135
183534;NaN
183540;NaN
183550;NaN
183551;NaN
183564;NaN
183610;NaN
183635;3.356184441383232
183645;-2.119521566751632
183653;NaN
183657;-2.751225595907102
183685;NaN
183715;NaN
183763;NaN
183766;NaN
183774;3.952837156565046
183775;NaN
183776;NaN
183786;NaN
183789;NaN
183810;NaN
183819;NaN
183830;NaN
183880;NaN
183891;NaN
183909;NaN
183933;NaN
183936;NaN
183965;NaN
18397;NaN
183983;NaN
184046;NaN
184049;NaN
184052;NaN
184054;NaN
184089;NaN
184094;0.6329952368634431
18410;NaN
184135;NaN
184142;NaN
184154;NaN
184182;NaN
184195;NaN
184199;NaN
1842;NaN
184205;NaN
184236;NaN
184255;NaN
184260;NaN
184262;3.643666709601994
184272;1.1935035741699656
184287;NaN
184297;NaN
184305;NaN
184333;NaN
184346;NaN
184421;NaN
184426;NaN
184432;NaN
184436;NaN
184466;9.201703297259971
184481;-1.7382821076857593
184494;NaN
184500;NaN
184520;NaN
184590;NaN
1846;NaN
184663;NaN
18469;NaN
184714;NaN
184719;NaN
184745;NaN
184818;NaN
184819;NaN
184835;NaN
184837;4.974036263952479
184844;NaN
184846;0.8045874654512262
184848;NaN
184891;NaN
184898;NaN
18491;5.400166641569328
184965;NaN
184972;11.22643802266731
184973;NaN
184991;NaN
185020;NaN
185041;NaN
185047;NaN
185064;NaN
185077;NaN
185090;NaN
185132;NaN
185147;NaN
18515;NaN
185164;NaN
185165;NaN
185166;NaN
185179;NaN
185192;NaN
185198;NaN
185201;NaN
185214;NaN
185248;NaN
185273;NaN
185277;NaN
185297;NaN
185312;NaN
185355;NaN
185383;NaN
185384;NaN
185385;NaN
185387;NaN
185407;NaN
185413;NaN
185422;NaN
185426;NaN
185441;NaN
18546;NaN
185511;NaN
185519;NaN
185521;NaN
185524;NaN
185538;NaN
185539;NaN
185555;NaN
185571;NaN
185579;NaN
185585;NaN
18559;NaN
185592;NaN
185604;NaN
185615;NaN
185622;NaN
185626;NaN
185650;NaN
185679;NaN
185724;NaN
185743;NaN
185771;NaN
185795;NaN
185807;NaN
185847;NaN
185860;NaN
185861;NaN
185915;NaN
185941;NaN
185976;NaN
185983;-1.4077724353176182
185997;NaN
186008;NaN
186035;NaN
186038;NaN
186058;NaN
186103;10.734755820739641
186127;NaN
186145;NaN
186181;NaN
186184;NaN
186193;NaN
18621;NaN
186229;NaN
186240;NaN
186263;NaN
186277;NaN
186299;NaN
186330;NaN
186357;NaN
186376;NaN
186388;NaN
186389;NaN
186415;NaN
186431;NaN
186468;NaN
186515;3.631866180344261
186517;NaN
186559;1.3967777676695539
186572;NaN
186573;NaN
186619;NaN
186638;NaN
186639;NaN
186653;NaN
186694;NaN
186702;NaN
18672;NaN
186733;NaN
18675;NaN
186756;0.0
186800;NaN
186818;NaN
186825;NaN
186831;NaN
186849;NaN
186858;NaN
186911;NaN
186914;NaN
186921;NaN
186933;NaN
186934;NaN
186953;NaN
186961;NaN
186962;NaN
186989;NaN
187009;NaN
187033;NaN
187036;NaN
187054;NaN
187055;NaN
187073;NaN
18708;NaN
187088;NaN
187096;NaN
187159;3.609986367997425
18718;NaN
1872;NaN
187212;NaN
18723;NaN
187271;NaN
187280;NaN
187299;NaN
187311;NaN
187324;NaN
187328;NaN
18733;1.3746154795536836
187332;NaN
187334;NaN
187349;NaN
187355;NaN
187371;NaN
187399;NaN
187460;NaN
187480;NaN
187498;NaN
187512;3.493276261704051
18755;NaN
187557;NaN
18756;NaN
187597;NaN
18765;NaN
187651;NaN
18768;NaN
18771;NaN
187724;7.829880593086132
187756;NaN
187773;NaN
187804;NaN
187806;NaN
187819;NaN
18783;NaN
187859;NaN
18790;NaN
187917;NaN
187938;NaN
187947;NaN
187949;NaN
18795;NaN
187967;NaN
187974;NaN
187977;NaN
18798;4.131403262986406
187999;-0.2883920491228052
18802;NaN
188030;NaN
18804;NaN
188063;NaN
188083;-0.6120900818375414
188084;0.0619561231767185
188105;NaN
188127;NaN
188135;NaN
188136;NaN
188138;NaN
188139;NaN
18814;3.368352624925098
188142;NaN
188146;NaN
188147;NaN
188188;NaN
188223;NaN
188242;NaN
188287;NaN
18831;NaN
188313;NaN
188329;NaN
188336;NaN
188365;NaN
188391;NaN
188394;NaN
188407;NaN
188462;NaN
18849;NaN
188491;NaN
188492;NaN
188524;NaN
188530;NaN
188545;NaN
188555;NaN
188576;NaN
188605;NaN
188609;NaN
188611;NaN
188621;NaN
188626;NaN
18865;NaN
188660;2.6551165509334695
188772;NaN
188780;NaN
188795;NaN
188799;16.04664063941699
188807;NaN
188822;NaN
188832;NaN
188833;NaN
188843;NaN
188872;NaN
18888;1.6082909771781189
188904;NaN
188936;NaN
188939;NaN
18894;NaN
188959;1.9166920505562226
188960;NaN
188984;NaN
188990;NaN
188998;NaN
189029;NaN
189103;NaN
189113;NaN
189124;NaN
189126;NaN
189136;NaN
18917;NaN
189189;NaN
189192;NaN
18922;0.0
189228;NaN
18924;NaN
189253;NaN
189283;NaN
189298;NaN
189299;NaN
189312;NaN
189315;NaN
189333;NaN
189355;NaN
189365;NaN
189367;-5.581209447533158
189378;NaN
189386;NaN
189394;NaN
189405;NaN
189416;0.8961484907521013
189439;-0.02726538519811328
189447;NaN
189457;NaN
189481;NaN
189482;NaN
18949;NaN
189520;NaN
189571;NaN
189579;NaN
189589;NaN
189590;NaN
189599;NaN
189611;NaN
189616;NaN
189620;NaN
189630;NaN
189632;NaN
189641;NaN
189657;-2.318057613285719
189708;NaN
189713;NaN
189735;0.3737743105937038
189740;NaN
189767;NaN
189825;NaN
189829;NaN
18985;NaN
189851;NaN
189883;NaN
189911;NaN
18992;NaN
189927;0.9941869377143884
189952;NaN
189969;NaN
189973;NaN
190019;NaN
190025;NaN
19003;NaN
190035;NaN
190141;-1.4601018470243976
190153;NaN
19020;NaN
190236;NaN
190253;NaN
190263;NaN
19030;NaN
190300;NaN
190309;NaN
190312;NaN
190328;NaN
190332;NaN
190335;13.102819459044168
190339;NaN
190340;NaN
19037;NaN
19039;NaN
19040;NaN
190400;NaN
190459;13.120152456898353
190464;NaN
190484;NaN
190492;NaN
190518;NaN
190521;NaN
190554;5.625182363153277
190576;NaN
190579;NaN
19058;NaN
190590;NaN
190595;NaN
190598;NaN
190603;NaN
190605;5.53739700531779
190611;NaN
190615;-0.2755962152274146
190621;NaN
190700;NaN
190718;NaN
190720;NaN
190767;NaN
190797;NaN
190801;NaN
190886;0.0
190896;NaN
190897;NaN
190923;NaN
190948;NaN
190951;NaN
190957;NaN
190973;NaN
190991;-1.3714929245432028
191003;NaN
191042;NaN
191045;NaN
191047;NaN
191049;NaN
191057;NaN
191059;NaN
191087;NaN
191097;NaN
191117;NaN
191127;NaN
191144;NaN
191152;NaN
191153;NaN
191161;NaN
191189;NaN
191203;-0.698174526716324
191212;NaN
191225;1.569475014571983
191255;NaN
191260;NaN
191270;NaN
19131;NaN
191324;NaN
191332;NaN
191337;10.690783362117472
191339;NaN
191351;NaN
191353;NaN
191360;NaN
191373;NaN
191383;NaN
191407;NaN
191440;NaN
191508;NaN
191516;NaN
191531;NaN
191561;NaN
191563;NaN
191593;NaN
191626;NaN
191634;NaN
191650;NaN
191676;NaN
191686;NaN
191690;NaN
191693;NaN
191717;NaN
19172;NaN
191732;NaN
191762;NaN
191766;NaN
191794;NaN
191811;NaN
191827;NaN
191833;NaN
191859;NaN
191909;NaN
19192;NaN
191923;-0.9171759398585715
191930;NaN
191931;NaN
191940;NaN
191961;NaN
191964;NaN
191969;NaN
191992;NaN
1920;13.776870884139667
19201;NaN
192014;NaN
192085;-5.285451086578746
192096;NaN
19210;NaN
192108;3.5147930007376833
19214;NaN
192190;1.0635275670655764
19220;NaN
192209;NaN
192241;NaN
192252;NaN
192262;0.0
192268;NaN
192271;NaN
192296;NaN
192326;NaN
192337;NaN
192350;-1.7603004993539846
192353;NaN
192402;NaN
192421;NaN
192422;NaN
192434;NaN
192436;NaN
192445;NaN
192451;-3.086837061385535
192457;NaN
192479;NaN
19248;NaN
192521;NaN
192543;NaN
192554;NaN
19259;NaN
192598;NaN
192631;NaN
192633;NaN
192638;4.226321829641885
192686;NaN
192688;NaN
1927;NaN
192714;NaN
192742;NaN
192777;-1.1560854972183643
192832;NaN
192861;NaN
192870;0.0
192898;7.531252758613513
192909;NaN
192928;NaN
19293;NaN
192974;NaN
193009;NaN
193042;NaN
193047;NaN
193058;NaN
193066;NaN
19307;NaN
193092;NaN
193162;NaN
193163;NaN
193177;NaN
193186;NaN
19319;3.1261586977150455
193210;NaN
193211;NaN
193242;NaN
193245;NaN
193266;-2.6791370432132346
193296;NaN
193304;NaN
193305;NaN
193320;NaN
193333;NaN
193335;NaN
193349;NaN
19335;NaN
193352;NaN
193359;NaN
193360;-1.6809354602955466
193367;NaN
193377;NaN
19338;NaN
193436;NaN
19345;NaN
193462;0.29515604276198415
193496;NaN
193514;NaN
193537;NaN
193631;NaN
193633;NaN
193678;NaN
193679;NaN
193680;NaN
193682;NaN
193689;NaN
19369;NaN
193691;NaN
193709;NaN
193750;NaN
193784;NaN
193811;NaN
193822;NaN
193838;NaN
193904;NaN
193950;NaN
193985;NaN
194041;NaN
194070;NaN
194072;NaN
194073;NaN
194089;NaN
194105;NaN
194109;NaN
194122;NaN
194164;NaN
194180;3.0167555269699005
194184;NaN
194197;NaN
194228;NaN
194248;-3.9301191208177446
194252;NaN
194289;-0.3960947728492863
194296;NaN
194347;-2.92062480392296
194387;NaN
194422;NaN
194463;NaN
194486;NaN
194495;NaN
194512;NaN
194562;NaN
194576;NaN
194594;NaN
194595;NaN
194619;NaN
194633;NaN
194666;NaN
194682;NaN
194687;NaN
194699;NaN
194701;NaN
194703;NaN
194756;NaN
194779;NaN
194851;NaN
194863;NaN
194899;NaN
194901;-6.409302102185711
194912;NaN
194918;NaN
194927;NaN
194928;-3.419196058653454
194933;NaN
19496;NaN
194967;NaN
194972;NaN
194983;NaN
194998;NaN
1950;4.379672888048836
195008;NaN
195013;NaN
195017;NaN
195020;0.5090497638559219
195057;NaN
195073;NaN
195104;NaN
195112;NaN
195118;NaN
195170;NaN
195238;NaN
195242;2.7032183269464056
195245;NaN
195250;NaN
195269;NaN
195276;NaN
195293;NaN
195299;NaN
195306;NaN
195336;NaN
195434;NaN
195439;NaN
195444;NaN
195454;NaN
195458;NaN
195473;NaN
195481;NaN
195484;NaN
195493;7.455919194986869
195504;NaN
195539;2.281404045792746
195543;NaN
195582;NaN
19559;NaN
195590;15.38885906091605
195592;NaN
195596;NaN
195615;NaN
195638;NaN
195657;NaN
195667;NaN
195671;NaN
195707;NaN
195736;NaN
195745;NaN
195749;NaN
195752;NaN
195761;NaN
195774;NaN
195839;NaN
195859;5.505177397116263
195877;NaN
1959;NaN
195906;0.0
19596;NaN
195969;NaN
195982;NaN
1960;NaN
196023;NaN
196028;NaN
196029;3.9697756003849864
196040;NaN
196041;NaN
196138;NaN
196149;NaN
196151;NaN
19616;NaN
196186;NaN
196238;NaN
196255;NaN
196285;NaN
19629;0.0
1963;NaN
196312;0.5485260905160225
196314;NaN
196316;NaN
19632;NaN
196320;NaN
196341;NaN
196344;NaN
19635;NaN
196353;NaN
196361;NaN
196364;NaN
196369;NaN
196372;0.0
196425;NaN
196485;NaN
196495;NaN
196510;NaN
196533;NaN
196542;NaN
196554;NaN
196591;NaN
1966;NaN
196627;NaN
196643;NaN
196684;NaN
196721;NaN
196739;NaN
196743;NaN
196752;NaN
196755;NaN
196795;NaN
196798;9.904552918062763
196814;NaN
196874;NaN
19689;NaN
196908;NaN
196929;NaN
19693;NaN
196940;NaN
19696;2.058256577682761
196964;NaN
196999;NaN
197046;NaN
197053;NaN
197074;NaN
197080;NaN
197081;NaN
197090;NaN
197092;NaN
197104;NaN
197122;NaN
197126;NaN
197137;NaN
197148;NaN
197155;NaN
19716;NaN
197219;NaN
197273;NaN
197276;NaN
197281;NaN
197295;NaN
197353;NaN
197355;NaN
197363;NaN
197435;NaN
197446;NaN
197463;NaN
197464;NaN
197465;NaN
197469;NaN
197471;NaN
197479;1.5353909701104573
197485;NaN
197517;NaN
197519;NaN
197524;NaN
197537;NaN
197575;NaN
197589;NaN
197652;NaN
197655;NaN
197678;NaN
19768;NaN
197702;8.22795713579062
197710;NaN
197750;NaN
197751;NaN
197760;3.079995180642674
197785;NaN
197803;-1.482375420996279
197817;0.6877227299555343
197836;NaN
197840;NaN
197843;NaN
197844;0.5663073227594924
19785;NaN
19787;NaN
197872;1.2042093292616136
197888;NaN
197894;0.865627648311033
197969;NaN
197986;NaN
197987;NaN
197990;NaN
1980;NaN
198008;NaN
198019;NaN
198038;NaN
198098;NaN
198099;NaN
198122;10.746431144687962
198124;NaN
19815;NaN
198154;1.255852098268539
198157;NaN
198167;NaN
198172;NaN
198178;2.069056253686888
198201;NaN
198239;5.1444125879478
198356;NaN
198427;NaN
198467;NaN
198473;1.3922641289930135
198499;NaN
198542;NaN
198575;NaN
198579;NaN
198592;NaN
198610;NaN
198613;NaN
198622;NaN
198636;NaN
198663;NaN
19868;NaN
198695;NaN
198704;NaN
198778;NaN
198805;NaN
198813;0.0
198819;NaN
198836;-1.2593614559078863
198840;NaN
198936;NaN
198980;NaN
199006;NaN
199026;-0.6104310258876879
19903;NaN
199046;NaN
199061;NaN
199076;NaN
199079;NaN
199088;NaN
199092;NaN
199103;NaN
199109;NaN
19911;NaN
199139;NaN
199161;NaN
199211;NaN
19925;NaN
199278;NaN
199283;NaN
199285;NaN
199288;NaN
199290;NaN
199302;2.7984316012218793
199313;NaN
199318;NaN
199329;NaN
19934;NaN
19935;NaN
199350;-1.9341146687306972
199358;NaN
199363;NaN
199368;0.0459497878060402
199393;NaN
19941;6.784498579658308
199441;NaN
199469;NaN
199474;NaN
199505;NaN
199509;NaN
199523;NaN
199569;NaN
199601;NaN
199605;NaN
199628;NaN
199647;NaN
199654;NaN
199661;NaN
199662;NaN
199680;NaN
199684;NaN
199687;NaN
199691;NaN
199698;NaN
199710;NaN
199713;NaN
199723;NaN
199727;NaN
199732;NaN
199739;-2.2723464525590136
19974;NaN
199763;NaN
199799;NaN
199800;5.541027375166915
199801;NaN
199819;NaN
199824;2.7666805820523668
199856;NaN
199878;NaN
199935;NaN
199941;NaN
199957;NaN
199980;NaN
199981;NaN
2000;NaN
20000;NaN
200007;3.560950876075281
200020;NaN
200062;-2.0833750977717758
200072;NaN
200078;NaN
200087;NaN
200102;NaN
200177;NaN
200202;NaN
200225;NaN
200226;-0.675163356825708
200239;NaN
20025;NaN
200267;NaN
200310;NaN
200311;NaN
200373;NaN
200378;NaN
200407;NaN
200414;NaN
200444;NaN
200455;0.0
200457;0.0
200473;NaN
200505;NaN
20052;NaN
200521;NaN
200522;NaN
200539;NaN
200542;NaN
200552;NaN
200584;NaN
200636;NaN
200649;NaN
200652;NaN
200700;NaN
200708;NaN
20071;NaN
200742;NaN
200807;NaN
200809;NaN
200837;NaN
200865;NaN
200908;NaN
200980;NaN
200987;NaN
201008;NaN
201044;NaN
201067;NaN
201077;NaN
201099;NaN
201106;NaN
20112;NaN
20117;NaN
20120;NaN
201237;NaN
201242;NaN
201263;6.340418649891264
201276;NaN
20128;NaN
201289;NaN
201313;NaN
201319;NaN
201351;10.826280259532076
201377;NaN
201385;NaN
201403;NaN
201414;NaN
201425;2.3455286927111043
201429;NaN
201432;NaN
201469;NaN
201563;6.66996039797727
201564;NaN
201578;NaN
201597;NaN
201607;NaN
201613;NaN
201620;NaN
201627;10.993137966685422
201636;NaN
201641;NaN
201668;NaN
201693;NaN
201714;NaN
201770;NaN
201799;NaN
201818;NaN
201831;NaN
201876;NaN
201899;NaN
201930;NaN
201941;NaN
201955;NaN
201958;NaN
201966;NaN
20197;NaN
201977;NaN
202004;NaN
202023;NaN
20204;-2.4447036845689354
202067;2.6998162034251307
202086;NaN
202154;NaN
202158;NaN
202163;NaN
202175;NaN
202183;NaN
20223;-1.025708682661775
202231;NaN
202255;NaN
202318;NaN
20232;NaN
20237;NaN
202382;NaN
202417;NaN
202496;NaN
202506;NaN
202514;NaN
202517;NaN
202543;NaN
202548;NaN
202567;NaN
202579;NaN
20260;NaN
202634;NaN
202636;NaN
202673;NaN
202695;NaN
202731;NaN
202766;NaN
202768;NaN
202786;NaN
202818;NaN
202839;NaN
202867;NaN
202868;NaN
202876;NaN
202882;NaN
202993;NaN
203024;NaN
203030;NaN
203040;2.536583692302813
203052;NaN
203083;NaN
203087;NaN
203108;-2.6734895097059432
203110;NaN
203149;NaN
203151;NaN
203212;NaN
203230;3.5714911834441523
203233;NaN
203245;NaN
203263;NaN
203266;NaN
20328;NaN
203328;NaN
203335;NaN
203341;NaN
203357;3.221266140948696
203392;NaN
203397;NaN
203422;NaN
203423;NaN
20349;NaN
203491;NaN
203512;NaN
203517;-4.884214619481017
203526;NaN
203527;NaN
20354;0.0
203558;NaN
203562;NaN
203573;NaN
203574;NaN
203575;NaN
203596;NaN
203620;NaN
20363;NaN
203662;NaN
203690;NaN
203705;NaN
203707;NaN
20372;2.848393091510797
203846;NaN
203847;NaN
20385;NaN
203850;NaN
203864;NaN
203871;NaN
203912;-0.7784318802060639
203916;NaN
203927;3.7640957512964057
203935;NaN
203996;NaN
203998;NaN
204011;NaN
204033;NaN
204084;NaN
204096;NaN
204107;NaN
204152;NaN
204182;NaN
204184;NaN
204200;NaN
204203;5.651543053601792
204209;NaN
204225;NaN
204232;NaN
204246;NaN
204250;0.9211617011255071
204295;NaN
204299;3.364375794491326
204303;NaN
204304;NaN
204323;NaN
204360;NaN
204391;NaN
2044;NaN
204424;NaN
204432;NaN
204441;NaN
204481;NaN
204523;NaN
204534;NaN
204564;NaN
204610;NaN
204650;NaN
204677;NaN
204693;NaN
20472;0.19858422857326352
204720;NaN
204728;NaN
204751;NaN
204814;NaN
204822;NaN
204826;NaN
204843;NaN
204860;NaN
204893;0.9145939145372237
204900;NaN
204927;NaN
204979;NaN
204986;0.012371004505303151
204990;NaN
205005;NaN
205061;NaN
20510;NaN
205120;NaN
205155;NaN
205193;NaN
205198;NaN
205201;NaN
205223;NaN
205248;NaN
205287;NaN
205303;NaN
205320;NaN
205335;NaN
205337;NaN
205338;-1.3583650683866226
20538;NaN
205380;NaN
20539;NaN
205393;NaN
205405;NaN
205426;NaN
205429;NaN
205446;NaN
205460;NaN
205463;NaN
205474;NaN
205481;NaN
205489;NaN
205512;NaN
20553;NaN
205536;NaN
205566;NaN
205605;-1.290557035201827
205642;NaN
205656;NaN
205664;NaN
205693;NaN
205748;NaN
205755;NaN
205798;2.8719103190034034
205799;NaN
205842;NaN
205847;NaN
205855;NaN
205890;-0.8899778085714285
205898;NaN
205920;NaN
205925;-2.590823173527079
205960;NaN
205968;NaN
205977;NaN
206003;NaN
206038;NaN
206057;NaN
206093;NaN
206112;NaN
206118;NaN
206133;NaN
206153;NaN
206170;5.058217003020106
206202;5.273967913748143
20621;NaN
206230;NaN
20624;NaN
206263;NaN
206273;NaN
206288;NaN
206302;5.620434301299307
206305;NaN
206309;NaN
206340;NaN
206377;NaN
206382;NaN
206395;NaN
20640;NaN
206441;NaN
206471;NaN
206489;NaN
206497;NaN
206501;NaN
206503;NaN
206524;NaN
206544;NaN
206565;NaN
206580;NaN
206657;NaN
206679;NaN
20671;NaN
206714;NaN
20672;NaN
206762;NaN
206796;NaN
206803;NaN
206829;NaN
206882;NaN
206895;NaN
206897;NaN
206907;NaN
206938;NaN
20694;NaN
206955;NaN
206956;NaN
206963;NaN
206982;NaN
207021;NaN
207024;NaN
207029;NaN
207036;NaN
207052;NaN
207064;NaN
207142;NaN
207158;NaN
207172;NaN
207182;NaN
207233;NaN
207245;NaN
207259;NaN
207292;NaN
207309;NaN
20732;NaN
207349;NaN
207364;NaN
207394;NaN
207406;NaN
207421;NaN
207468;NaN
207511;NaN
207522;NaN
207552;4.160693112092659
207573;NaN
207579;NaN
207594;NaN
207634;NaN
207643;3.9953028460866897
20766;NaN
20768;NaN
207683;NaN
207684;NaN
20770;NaN
207716;NaN
207733;NaN
207737;NaN
207752;1.7268129925450357
207780;NaN
207799;NaN
207808;NaN
207810;NaN
207874;NaN
207875;NaN
207910;NaN
207924;NaN
20793;NaN
207935;2.23937212456305
207941;NaN
207967;-2.652285608599222
207982;NaN
208020;NaN
208041;NaN
208047;3.2856959887538912
208056;NaN
208073;NaN
208087;2.530656506588031
208121;NaN
208122;NaN
208142;NaN
20820;NaN
208201;NaN
208221;NaN
208251;NaN
208269;NaN
208281;NaN
208298;NaN
208318;NaN
208343;0.0
208348;NaN
208357;0.0
208360;0.0
208379;NaN
208383;NaN
208404;-3.912815445428346
208427;NaN
20843;NaN
208433;NaN
208463;NaN
208475;NaN
208478;2.556184387155483
208504;NaN
20852;NaN
208609;NaN
208618;NaN
208633;NaN
20864;NaN
208706;NaN
208714;0.0
208733;NaN
208751;NaN
208803;NaN
208840;NaN
208847;NaN
208897;0.0
208899;NaN
20890;NaN
208925;NaN
208932;NaN
20894;-2.4243981252764555
208978;NaN
208990;-4.037608402152262
209023;NaN
209045;NaN
209071;NaN
209072;NaN
209080;NaN
209109;NaN
209131;NaN
209133;NaN
209140;NaN
209173;NaN
209182;NaN
209197;NaN
20920;NaN
209262;-1.7697156039557713
209275;NaN
20928;NaN
209287;NaN
209319;NaN
20932;10.373165206321204
209329;NaN
209380;NaN
209397;NaN
209428;NaN
20944;NaN
209440;NaN
209445;NaN
209481;NaN
209499;NaN
2095;NaN
209524;NaN
209561;NaN
209566;NaN
209592;NaN
209596;NaN
209598;NaN
209600;NaN
209615;NaN
209640;NaN
209647;NaN
209653;NaN
209664;NaN
209671;NaN
209677;NaN
20968;NaN
209682;NaN
209692;NaN
209717;1.537952230160242
209748;NaN
209759;NaN
209763;NaN
209773;NaN
209799;NaN
209807;-1.4502898359733443
209820;NaN
209826;NaN
209832;NaN
209839;NaN
209841;NaN
209865;NaN
209869;NaN
209873;NaN
209889;NaN
209903;NaN
209931;NaN
209943;1.111566745216231
209968;NaN
209988;NaN
210004;NaN
210012;1.6387398616549271
210033;NaN
210056;NaN
210058;NaN
210070;-1.004838859490174
210071;NaN
210126;NaN
210139;NaN
210149;NaN
210171;6.119827480202744
210249;NaN
210277;-4.453410188037262
2103;NaN
210303;NaN
210308;NaN
210309;NaN
210356;NaN
210374;NaN
210378;NaN
21041;NaN
210444;NaN
210445;NaN
210478;1.4867793396497313
210488;NaN
210501;NaN
210503;NaN
210509;NaN
210517;2.8017412201560874
210518;NaN
210520;NaN
210524;NaN
210526;NaN
210527;NaN
210532;NaN
210554;NaN
210570;NaN
210586;NaN
210611;NaN
210632;NaN
210660;NaN
210723;2.910246719714448
210733;NaN
210739;NaN
210755;NaN
210762;NaN
210768;NaN
210781;NaN
210809;NaN
210821;NaN
210827;NaN
210830;NaN
210840;NaN
210860;NaN
210870;NaN
210895;NaN
210913;NaN
210919;NaN
210929;NaN
210941;NaN
210944;NaN
210967;NaN
210968;NaN
210979;NaN
211005;NaN
211027;NaN
211052;NaN
211097;NaN
211132;NaN
211148;0.0
211150;NaN
211152;NaN
21116;NaN
211207;NaN
211224;NaN
211234;NaN
211270;NaN
211295;NaN
211297;NaN
211302;NaN
211307;1.458655349875059
211345;NaN
211370;NaN
211375;NaN
211397;NaN
211408;NaN
211426;NaN
211435;-1.4721631065619485
211436;NaN
211444;NaN
21146;NaN
211473;NaN
211502;-0.3744349803001379
211550;NaN
211557;NaN
211572;NaN
21164;NaN
211683;NaN
211686;NaN
21170;NaN
211706;NaN
211717;NaN
211722;NaN
211741;NaN
211781;NaN
211791;NaN
211811;NaN
211840;NaN
211874;0.9800161961111956
211934;-0.15242844823699075
211940;NaN
212010;NaN
212057;NaN
212060;NaN
212064;NaN
212071;NaN
212098;NaN
212115;NaN
212135;NaN
212142;NaN
212160;NaN
212237;NaN
212262;NaN
212264;NaN
212271;NaN
212274;NaN
212296;NaN
212317;0.8463377990021543
21232;NaN
212335;NaN
212340;NaN
212346;NaN
212385;-5.453008277675736
212397;NaN
212459;NaN
212510;NaN
212514;NaN
212540;NaN
212556;NaN
212559;NaN
212560;NaN
212569;NaN
212594;NaN
212600;1.4580175537754918
21261;NaN
212624;NaN
212644;NaN
212647;NaN
212704;NaN
212718;NaN
212727;NaN
212757;2.2031526684722067
212790;NaN
212795;NaN
212809;-5.129028564517301
212811;NaN
212813;NaN
21284;NaN
212841;NaN
212869;NaN
212883;7.721313021053529
2129;NaN
212907;NaN
212941;-3.6590580015007514
212948;NaN
212955;NaN
212981;NaN
213;NaN
213014;NaN
213028;NaN
21304;NaN
213041;NaN
213061;NaN
213073;-1.2904949218204302
21312;NaN
213164;NaN
213172;NaN
2132;NaN
213214;-0.29950982572306173
213216;NaN
213273;NaN
213284;NaN
213369;NaN
213370;NaN
213406;3.085458500938396
213408;NaN
213431;NaN
213433;NaN
213436;NaN
213464;3.7846892149105313
213466;NaN
213517;NaN
213536;NaN
213556;NaN
213640;NaN
213645;NaN
213672;NaN
213676;NaN
213690;NaN
213692;NaN
213748;NaN
213768;NaN
213773;NaN
213778;NaN
213821;NaN
213829;NaN
213844;NaN
213846;NaN
213848;0.0
213859;-3.191828517202975
21387;1.8169007635564927
213891;-3.1458822908643045
213899;NaN
213925;NaN
213959;NaN
213983;NaN
213984;NaN
213998;NaN
214007;-1.4006053125160318
214013;NaN
214101;NaN
214102;NaN
214103;NaN
214138;NaN
214151;1.7463824362531086
214174;NaN
214185;NaN
214192;NaN
214196;-5.502824660355612
214197;NaN
214205;NaN
214210;NaN
21422;NaN
214227;NaN
214231;NaN
214248;NaN
214259;NaN
214266;NaN
214268;NaN
214289;NaN
214320;NaN
214348;NaN
214355;NaN
214357;NaN
214386;NaN
214397;NaN
214408;NaN
214446;NaN
214456;NaN
214461;NaN
214492;NaN
214495;NaN
214509;-4.537634378877847
214527;NaN
21453;NaN
214549;NaN
214550;NaN
21460;NaN
214623;NaN
214628;NaN
214657;NaN
214659;NaN
214687;NaN
214688;NaN
214702;NaN
214703;NaN
214705;NaN
21472;NaN
214729;NaN
214739;NaN
214759;NaN
21476;NaN
214761;NaN
214775;NaN
214779;NaN
214797;NaN
214834;NaN
214842;NaN
214958;NaN
214978;NaN
214987;2.7615016132855743
214988;NaN
214992;7.370714465054307
214997;NaN
215014;-3.8733519984555738
21502;NaN
215036;NaN
215039;NaN
215111;NaN
215115;NaN
215124;NaN
215146;NaN
21516;NaN
215203;NaN
215207;NaN
215234;NaN
215243;NaN
215274;NaN
215330;NaN
215347;NaN
215421;NaN
215457;NaN
215464;NaN
215469;NaN
215477;NaN
215492;NaN
21552;NaN
215521;NaN
21556;NaN
215560;NaN
215569;NaN
21559;3.8731215040292635
21561;-1.839948757632286
215639;NaN
215654;4.22255375107223
21566;NaN
215680;NaN
215690;NaN
215693;NaN
215701;0.0
215706;NaN
215707;NaN
215744;NaN
21575;NaN
215770;NaN
215789;NaN
21579;-0.66249096609288
2158;NaN
215806;NaN
21581;NaN
215822;NaN
21590;NaN
215911;NaN
215922;NaN
215923;NaN
215927;NaN
215979;NaN
215982;NaN
215984;NaN
216037;NaN
216047;NaN
21606;NaN
216062;NaN
21608;NaN
216080;NaN
21609;NaN
216116;NaN
216134;2.2330709027153044
216136;2.0187641676688317
216146;NaN
216148;-1.0628391742923977
216155;NaN
216158;NaN
216242;NaN
21625;NaN
216264;NaN
216278;NaN
216356;NaN
216359;NaN
216388;NaN
216403;NaN
216473;-2.9745078834125582
216475;NaN
216480;NaN
216481;NaN
216509;NaN
216511;NaN
21654;NaN
216634;NaN
216653;NaN
216660;NaN
21667;NaN
216674;NaN
2167;NaN
216727;NaN
216732;NaN
216757;NaN
216790;NaN
216798;NaN
21682;NaN
216820;NaN
216829;-1.8923147622542444
216835;NaN
216885;NaN
216889;NaN
216899;NaN
216906;NaN
216922;NaN
216951;-0.9046354682003535
216978;NaN
217059;NaN
217074;NaN
217119;NaN
217129;NaN
217131;NaN
217230;NaN
217236;NaN
217238;NaN
217239;0.0
217262;NaN
217289;NaN
217294;0.9550803170772952
217300;NaN
217320;NaN
217333;NaN
217358;NaN
217360;NaN
217377;NaN
217379;NaN
217386;NaN
217388;NaN
217407;NaN
217443;NaN
217456;NaN
217513;NaN
217585;NaN
217594;NaN
217599;NaN
217607;NaN
217638;-1.71014030275787
217646;NaN
217653;-3.449854894201477
217714;2.9392967381688417
217738;NaN
217749;NaN
217769;NaN
217787;NaN
217834;NaN
217838;NaN
21786;NaN
217893;NaN
217911;NaN
217917;NaN
217936;NaN
217948;NaN
217958;NaN
217967;NaN
21797;NaN
217985;NaN
218004;NaN
218017;NaN
21802;NaN
21806;NaN
218060;NaN
218067;NaN
218073;NaN
218078;NaN
218089;NaN
218136;NaN
218182;NaN
218188;NaN
218194;NaN
218215;10.637192338141578
218223;NaN
218226;NaN
21823;NaN
218234;NaN
218295;NaN
218298;NaN
21830;NaN
218319;NaN
218357;-1.2939098061939207
218396;1.6802000733753004
218404;1.4298466836551773
21845;NaN
218462;3.927736214610941
21848;NaN
218483;NaN
218484;NaN
21850;NaN
218521;NaN
218532;-1.4367843126302635
218665;NaN
218677;NaN
218709;NaN
218714;NaN
218717;NaN
218727;NaN
218735;NaN
218740;NaN
218757;NaN
21880;NaN
218812;NaN
218830;NaN
218852;NaN
218865;NaN
218902;NaN
21893;NaN
218937;NaN
218947;NaN
218952;NaN
218961;NaN
219016;NaN
219019;NaN
219023;NaN
219040;NaN
219071;NaN
219082;NaN
219120;0.5903350242123445
219135;NaN
219180;NaN
219203;NaN
219229;NaN
219240;NaN
219243;NaN
219286;NaN
219308;NaN
21931;NaN
219310;NaN
219318;NaN
219347;0.08593490293514483
219356;NaN
219365;NaN
219366;NaN
219406;NaN
219419;NaN
219434;NaN
219467;NaN
219472;NaN
219479;NaN
21948;NaN
219480;NaN
219526;-0.8319612292720999
219575;NaN
219610;NaN
219632;NaN
219642;NaN
219644;NaN
219658;NaN
219700;NaN
219730;NaN
219768;NaN
219783;NaN
219790;NaN
219798;NaN
219809;NaN
219825;NaN
219860;NaN
219868;1.5320308349213412
219872;NaN
219878;NaN
219888;NaN
219922;NaN
219962;NaN
219968;NaN
219973;0.6277751513968526
219981;NaN
219991;NaN
220028;NaN
220062;NaN
22007;NaN
220077;NaN
220098;NaN
220111;NaN
220169;NaN
220225;NaN
220227;NaN
220288;NaN
220302;NaN
22031;NaN
220318;NaN
220345;0.0
220382;NaN
220385;NaN
220410;NaN
220411;NaN
220421;NaN
220451;NaN
22046;NaN
220470;NaN
220488;NaN
220490;NaN
220494;NaN
220506;NaN
220512;NaN
220519;NaN
220532;NaN
220534;NaN
220535;NaN
220604;NaN
220635;NaN
220680;NaN
220706;NaN
220708;NaN
22071;NaN
220713;NaN
220719;NaN
220723;NaN
220744;NaN
220753;NaN
220759;NaN
220812;NaN
220844;NaN
220901;NaN
220931;NaN
220974;NaN
220996;NaN
221006;NaN
221014;NaN
221125;NaN
221137;NaN
221146;NaN
221153;NaN
221163;NaN
221166;NaN
221196;NaN
221216;NaN
221242;NaN
221244;NaN
221253;NaN
221259;NaN
221309;NaN
221345;2.361289904943331
22136;NaN
22142;NaN
221431;NaN
221434;NaN
221459;NaN
22146;NaN
221468;NaN
22158;NaN
221588;NaN
221597;NaN
221610;NaN
22162;NaN
221621;NaN
22163;NaN
221644;NaN
221653;NaN
221682;NaN
221706;NaN
221721;NaN
221740;NaN
221778;0.01928877273633467
221838;NaN
221847;NaN
221853;NaN
221878;NaN
221895;NaN
221897;NaN
221932;NaN
221942;NaN
221977;NaN
221986;NaN
22200;NaN
222030;NaN
222085;NaN
222094;-1.2050502703333836
222098;1.9061196752289211
222103;NaN
222145;NaN
222189;NaN
222236;-1.228515211143932
22226;NaN
222263;NaN
22227;NaN
222295;NaN
222298;NaN
222306;NaN
222334;-1.1088492578708613
222347;0.0
222349;NaN
222377;NaN
22238;NaN
222381;NaN
222513;NaN
222533;NaN
222562;NaN
222569;NaN
222584;NaN
22259;NaN
222590;NaN
222601;NaN
222614;NaN
222615;NaN
222616;NaN
222625;NaN
222627;NaN
222628;3.6356441758397446
222677;NaN
222700;NaN
222703;NaN
222708;NaN
222710;NaN
222729;NaN
222741;NaN
222742;NaN
222789;NaN
222801;0.0
222810;NaN
222824;NaN
222873;NaN
222885;NaN
222900;NaN
222902;NaN
222921;0.12232214669989072
222922;NaN
222933;NaN
222936;NaN
222995;NaN
223003;NaN
22301;NaN
223026;NaN
223031;NaN
22304;NaN
22305;6.182900479071071
223067;NaN
223088;NaN
223101;NaN
223106;NaN
223126;NaN
223165;NaN
223183;NaN
223184;NaN
223202;NaN
223219;NaN
223225;NaN
223230;NaN
223260;NaN
223266;NaN
223282;NaN
223296;NaN
223311;NaN
223334;NaN
223341;NaN
223344;NaN
223378;NaN
223398;NaN
223423;NaN
223436;4.071873779505037
22344;NaN
223443;NaN
223462;NaN
223476;NaN
223525;NaN
22353;NaN
223535;NaN
223557;NaN
2236;NaN
223624;NaN
223643;NaN
22365;NaN
223693;NaN
223706;NaN
223730;NaN
223739;NaN
223753;NaN
223777;NaN
223778;NaN
223779;NaN
223785;NaN
223795;2.1342655408432667
223808;NaN
22387;NaN
223876;NaN
223881;NaN
223887;NaN
223929;NaN
22394;NaN
223943;NaN
22396;NaN
223967;NaN
2240;NaN
224021;NaN
224042;NaN
224065;NaN
224091;NaN
22416;NaN
224216;NaN
224310;NaN
224336;NaN
224362;NaN
224374;NaN
224375;NaN
224378;NaN
224422;NaN
224447;0.0
224461;6.582332637923076
224498;NaN
224503;0.0
22451;NaN
224534;NaN
224568;NaN
224569;NaN
224570;6.746419013558652
224582;NaN
224585;NaN
224605;0.0
224636;NaN
224639;NaN
224645;NaN
224646;NaN
224670;4.99738011837361
224675;7.512766277268215
224677;NaN
224691;NaN
224693;NaN
224717;NaN
22472;NaN
224734;NaN
22476;0.0
224762;NaN
224778;NaN
224786;NaN
224794;NaN
224804;NaN
224830;NaN
224868;NaN
224888;NaN
224936;NaN
224963;NaN
224969;NaN
224974;NaN
224983;NaN
224997;-3.4951471106812955
225028;NaN
225038;NaN
225072;NaN
225084;NaN
225085;NaN
225112;11.099601564522573
225119;NaN
225151;NaN
225183;-2.7123990156257736
225203;NaN
225265;NaN
225273;NaN
225280;NaN
225290;NaN
225300;NaN
225311;NaN
225320;NaN
225353;NaN
225360;NaN
225375;NaN
225380;NaN
225393;NaN
22540;NaN
225401;NaN
225418;NaN
225422;NaN
225498;NaN
225527;NaN
225531;NaN
225537;NaN
225550;NaN
225569;NaN
225590;NaN
225593;NaN
225597;NaN
225627;NaN
225632;NaN
225634;NaN
225639;NaN
225653;NaN
225685;NaN
225687;NaN
225689;NaN
225693;NaN
2257;NaN
225799;NaN
225813;NaN
225834;NaN
225857;NaN
225862;-3.797198783108022
225909;5.308774283853795
225954;NaN
22597;2.4658608013899963
225986;NaN
225994;NaN
226019;NaN
22602;NaN
226022;3.5595989512224806
22604;NaN
22608;0.0
226083;NaN
226100;NaN
226115;0.4440103035088099
226118;NaN
226119;NaN
226132;NaN
226133;NaN
226138;NaN
226139;NaN
226143;NaN
226153;NaN
226197;NaN
2262;NaN
226201;NaN
226217;NaN
226220;NaN
226234;NaN
226248;2.318651607316492
226293;NaN
226306;NaN
226342;NaN
226350;NaN
226390;NaN
226415;NaN
226425;NaN
226445;NaN
226447;5.403738698940524
226464;NaN
226483;NaN
226498;NaN
226525;4.591314958602149
226541;-1.0275642672460794
226546;NaN
226555;NaN
226566;NaN
226571;NaN
226574;NaN
2266;NaN
226602;NaN
226614;NaN
226618;NaN
226646;NaN
22665;NaN
226664;NaN
22667;NaN
226676;NaN
226678;NaN
226679;NaN
22669;NaN
226701;NaN
226702;NaN
226720;NaN
226726;NaN
226732;NaN
226746;NaN
22675;NaN
226760;9.580728953218578
226771;NaN
226772;NaN
226778;NaN
226785;NaN
226832;NaN
226849;NaN
226875;NaN
226887;NaN
226897;NaN
226909;NaN
22691;NaN
226923;5.856084382169209
22697;-0.09918474999051696
226979;NaN
226990;NaN
226994;NaN
22705;NaN
227070;NaN
227084;NaN
227085;NaN
227102;NaN
227135;NaN
227138;NaN
227140;NaN
227145;NaN
227185;NaN
227245;NaN
227264;NaN
227265;-1.8982754578071654
227283;NaN
227324;NaN
227328;NaN
22734;NaN
227357;NaN
227367;NaN
227376;NaN
227383;NaN
227440;NaN
227462;4.920402224920876
227464;NaN
227468;NaN
227487;NaN
22750;NaN
227556;NaN
227567;NaN
227587;NaN
22760;NaN
227619;NaN
227637;NaN
227644;NaN
227647;NaN
227652;NaN
227692;NaN
227724;NaN
227748;NaN
227759;NaN
227764;NaN
227765;NaN
227775;NaN
227784;NaN
227793;NaN
227842;NaN
227859;NaN
227896;NaN
227916;NaN
227925;NaN
227962;1.1133735674717649
227995;NaN
2280;NaN
228018;NaN
228023;NaN
228053;5.26700018777079
228067;-0.7506339232219827
22810;NaN
228151;NaN
228171;NaN
228173;NaN
228197;NaN
228199;NaN
228204;NaN
22821;NaN
228266;NaN
228285;NaN
22829;NaN
22831;NaN
228316;NaN
228329;NaN
228339;NaN
228365;NaN
228368;NaN
228377;NaN
228455;NaN
22846;NaN
228491;NaN
22851;NaN
228535;NaN
228571;NaN
228602;NaN
228611;NaN
228616;NaN
22864;NaN
228651;NaN
22866;NaN
228685;NaN
228691;NaN
228766;NaN
228805;NaN
228811;NaN
228858;NaN
228868;NaN
228871;NaN
228879;NaN
228908;NaN
22891;NaN
228923;NaN
228940;NaN
228960;NaN
229039;NaN
229041;NaN
229045;NaN
229050;7.177445141400967
229052;NaN
229058;NaN
229087;NaN
229097;NaN
229111;NaN
229126;NaN
229143;NaN
229148;NaN
229191;NaN
229242;NaN
229247;NaN
2293;NaN
229302;NaN
229318;NaN
229334;-2.3126839991718704
229341;NaN
229342;NaN
229367;NaN
229378;NaN
229404;NaN
229436;-1.516538195492963
229439;0.3299121624420489
229484;NaN
229486;NaN
229543;NaN
229544;NaN
229566;NaN
22957;NaN
229572;NaN
229592;NaN
229596;NaN
229603;NaN
229656;NaN
229661;NaN
229679;NaN
229689;NaN
229692;NaN
229699;NaN
229730;NaN
229734;4.649297781631049
229753;NaN
22977;NaN
229771;NaN
229807;NaN
229813;NaN
22983;NaN
229833;NaN
22985;NaN
229934;NaN
229935;NaN
230006;NaN
230023;NaN
230032;NaN
23005;NaN
230064;NaN
230075;NaN
230119;NaN
23016;NaN
230205;NaN
23021;NaN
230220;NaN
230248;-1.3342116401476731
230253;NaN
230271;NaN
230276;NaN
230277;NaN
230291;NaN
230297;NaN
230311;NaN
230313;NaN
230316;NaN
230334;NaN
23034;NaN
230351;0.0
230360;-0.3957932081347233
230367;NaN
230377;NaN
230422;NaN
230442;NaN
23045;NaN
230501;NaN
230517;NaN
230523;NaN
230537;NaN
230542;NaN
230569;NaN
23060;NaN
230613;NaN
230626;NaN
230630;NaN
230650;NaN
230661;NaN
230664;NaN
230669;NaN
230672;NaN
230714;NaN
230723;NaN
230734;NaN
230736;NaN
230754;NaN
230774;NaN
23078;NaN
230786;NaN
230828;NaN
230847;NaN
23087;NaN
230922;NaN
230926;NaN
230954;NaN
230964;NaN
230979;NaN
231015;NaN
231050;NaN
231059;NaN
231075;-1.6282883694066204
231105;NaN
231115;NaN
231123;NaN
23114;NaN
231148;NaN
231224;NaN
231229;NaN
231235;NaN
231238;NaN
231268;NaN
231300;NaN
231301;NaN
231313;NaN
231367;NaN
231405;NaN
231426;NaN
231427;NaN
231431;3.2811260693475006
231444;NaN
231472;NaN
231487;NaN
231491;NaN
231507;NaN
231535;NaN
231558;NaN
23158;NaN
231587;NaN
23163;NaN
231643;NaN
231654;NaN
231655;-2.2960493468533554
231677;NaN
231737;NaN
231759;NaN
231771;NaN
231772;NaN
231778;NaN
23179;NaN
23180;NaN
231800;8.64767017831125
231862;NaN
23188;NaN
231882;NaN
23191;NaN
231929;3.3428980925368004
231957;NaN
231961;NaN
23198;NaN
231980;NaN
231994;NaN
232006;NaN
23206;NaN
232072;NaN
23208;0.0
232113;NaN
232119;NaN
232202;NaN
232205;NaN
232241;NaN
232262;NaN
232286;NaN
232348;NaN
23235;NaN
232352;NaN
232375;NaN
232434;NaN
232460;NaN
232469;3.692942131894403
232532;NaN
232536;NaN
232561;NaN
232567;NaN
232573;NaN
232607;NaN
232627;NaN
232631;NaN
232635;-2.0426016777998575
232641;NaN
232655;NaN
232661;NaN
232679;NaN
232681;NaN
232692;NaN
232698;NaN
232759;NaN
232765;NaN
232777;NaN
232791;NaN
232806;NaN
232813;NaN
232815;NaN
232853;NaN
232854;2.837769717341555
232863;0.0
232909;2.7083039549720263
232915;33.39507109030726
232960;NaN
232963;NaN
232973;NaN
232984;NaN
233005;-2.3321732417519447E-4
233036;NaN
233067;NaN
233077;NaN
23309;0.0
233104;NaN
23312;NaN
23313;NaN
233132;NaN
233145;NaN
233153;NaN
233171;NaN
2332;-3.1916501369516745
23322;NaN
233263;-0.7272770964665116
233336;NaN
233351;2.102768784040138
233360;NaN
233363;NaN
233394;NaN
23342;NaN
233429;NaN
233438;NaN
233440;NaN
233479;NaN
233513;NaN
233577;NaN
233588;NaN
233610;NaN
233625;NaN
233632;NaN
233661;NaN
233662;NaN
233666;NaN
233674;NaN
233760;NaN
233781;NaN
233787;NaN
233788;NaN
23379;2.6953198518482218
233797;NaN
233802;NaN
233807;NaN
23381;NaN
233840;NaN
233846;NaN
233851;NaN
233856;NaN
233857;NaN
233860;NaN
233885;NaN
233890;-0.5014662837431418
233896;NaN
233908;NaN
233947;NaN
233955;NaN
233959;NaN
233999;NaN
23400;NaN
234000;NaN
234001;NaN
23401;NaN
234015;NaN
23403;NaN
234043;NaN
234055;NaN
234077;NaN
234078;NaN
234096;NaN
234097;NaN
234099;NaN
234132;NaN
234140;NaN
234198;NaN
234199;NaN
234209;NaN
234240;NaN
234249;NaN
234255;-2.0167696989913657
234260;8.910294284588549
234297;NaN
234300;NaN
234301;NaN
23431;NaN
234313;-2.831760825346211
23436;NaN
234416;-1.315297673024198
234418;NaN
234420;NaN
23444;NaN
234451;NaN
234496;NaN
234507;-2.172112033734
234514;NaN
234518;NaN
234520;NaN
234578;NaN
234579;NaN
234580;NaN
234582;0.1631395194416031
234616;-0.4760073872839674
234632;NaN
234706;NaN
234707;NaN
234742;NaN
234747;NaN
234757;NaN
234796;NaN
234809;NaN
234813;NaN
234828;NaN
234831;NaN
234845;NaN
234852;NaN
234876;NaN
234927;NaN
234951;NaN
234957;NaN
234969;NaN
234995;NaN
235009;-0.8734574796906609
235010;NaN
235019;NaN
235023;NaN
23503;NaN
235069;-4.035107794904144
235113;NaN
235138;NaN
23516;NaN
235168;NaN
235177;NaN
235188;NaN
235215;NaN
235221;3.3101039740278098
235239;NaN
23527;NaN
235336;NaN
235340;NaN
235352;NaN
23536;NaN
235371;NaN
235384;NaN
235397;NaN
235399;NaN
23542;NaN
235425;NaN
235429;NaN
235438;NaN
23545;NaN
235460;NaN
23548;NaN
235548;NaN
235554;NaN
235584;NaN
23560;NaN
235633;NaN
235639;4.1968894980193046
23564;NaN
235646;NaN
235725;NaN
235775;NaN
235797;NaN
2358;NaN
235838;NaN
235855;NaN
235879;NaN
235887;NaN
235898;NaN
235906;NaN
235938;NaN
235944;NaN
235946;NaN
235953;NaN
235955;NaN
235967;NaN
23598;-4.6733347617475225
235987;0.7627427343117108
236001;NaN
236015;NaN
236025;NaN
236029;NaN
23610;NaN
236103;NaN
236142;NaN
23615;NaN
236150;NaN
236153;NaN
23616;NaN
236172;NaN
236205;NaN
236226;NaN
236249;NaN
236253;2.6462198775202626
236255;4.12181209801548
236277;NaN
236313;NaN
236321;NaN
236326;NaN
236338;NaN
236339;NaN
236343;NaN
236348;NaN
236369;NaN
236378;NaN
236412;NaN
23642;NaN
236422;NaN
236424;5.694367138542141
236436;NaN
236441;-1.4756654777714362
236443;NaN
236459;NaN
236465;NaN
236469;NaN
23654;NaN
236566;NaN
236582;NaN
236608;NaN
236609;NaN
236611;NaN
236620;NaN
236674;NaN
236680;NaN
236704;NaN
236741;NaN
236753;NaN
23676;NaN
236771;NaN
236781;NaN
236792;3.6660394087102155
236800;NaN
236809;NaN
236827;NaN
236871;NaN
236902;NaN
236929;NaN
236944;NaN
23698;NaN
237;NaN
237010;NaN
237014;NaN
237035;NaN
237058;NaN
237066;NaN
237125;NaN
237137;NaN
237140;NaN
237162;NaN
237236;2.0490632616957876
237245;NaN
237258;NaN
237277;NaN
237279;NaN
237285;NaN
237318;NaN
237343;-2.3427222295308714
237352;NaN
237382;NaN
237405;NaN
237445;NaN
23747;NaN
237481;NaN
237482;NaN
237524;NaN
237542;NaN
237587;NaN
237677;NaN
237686;NaN
23772;NaN
237753;NaN
237761;-0.37725950213795056
237787;NaN
237795;1.755577140115338
23780;NaN
237818;NaN
237820;NaN
237827;NaN
237834;NaN
237839;NaN
237856;NaN
237911;NaN
237914;NaN
237918;NaN
237930;NaN
237948;NaN
237976;NaN
237987;NaN
237993;NaN
238004;NaN
238032;NaN
238059;NaN
238061;NaN
238062;NaN
238086;NaN
238090;NaN
238112;NaN
238117;NaN
238136;NaN
238161;NaN
238213;NaN
238235;NaN
238248;NaN
238277;NaN
238288;NaN
238292;NaN
238339;NaN
23835;NaN
238372;NaN
238380;NaN
238383;24.702411359490434
238385;NaN
238391;NaN
238485;NaN
238510;NaN
238519;NaN
238521;NaN
238525;NaN
23853;NaN
238531;NaN
238537;NaN
238581;0.028391710334703668
238612;NaN
238617;NaN
238622;NaN
238624;NaN
238700;NaN
238711;NaN
238718;NaN
238797;NaN
238823;NaN
238846;NaN
23888;NaN
238908;NaN
238916;NaN
238950;NaN
238964;NaN
238973;NaN
23898;NaN
239008;NaN
239026;0.8454170715373692
239035;-4.39077043250078
239067;NaN
239085;NaN
23910;NaN
239133;NaN
239141;NaN
239217;NaN
239227;NaN
239233;NaN
23924;NaN
239254;NaN
239274;NaN
239284;NaN
239289;2.122144590117037
239332;NaN
239340;NaN
239370;NaN
239412;NaN
239439;NaN
239465;1.6654859354571199
239467;NaN
239472;NaN
23951;NaN
239533;NaN
239539;NaN
239553;NaN
239599;NaN
239604;NaN
239641;NaN
239656;NaN
23968;NaN
239685;NaN
239688;NaN
239743;NaN
239750;NaN
239783;NaN
239791;NaN
239811;NaN
239816;NaN
239834;1.4422190209615993
239846;NaN
239861;NaN
239868;NaN
239915;NaN
239926;7.267178907716424
239937;NaN
239941;NaN
239951;NaN
239955;NaN
239967;NaN
239977;NaN
239991;NaN
240006;NaN
24003;NaN
240032;NaN
240048;NaN
240053;NaN
240074;NaN
24008;NaN
240082;9.160434132177814
24011;NaN
240131;NaN
240164;NaN
240171;-1.2459562479730468
240180;NaN
24019;-4.157039748290877
240212;NaN
240227;NaN
240237;NaN
240272;NaN
240274;NaN
240282;NaN
24029;NaN
240309;NaN
240312;NaN
240326;NaN
240340;NaN
240428;NaN
240431;NaN
240440;NaN
240461;NaN
240473;NaN
240501;NaN
240510;NaN
240516;NaN
240540;NaN
240591;NaN
24060;NaN
240600;NaN
240614;NaN
240626;NaN
240642;NaN
240650;NaN
24070;NaN
24073;NaN
240733;NaN
240741;NaN
240745;NaN
240750;NaN
240752;NaN
240753;NaN
240766;NaN
240769;NaN
240784;NaN
240793;NaN
240820;NaN
240825;NaN
240837;NaN
240856;NaN
240857;NaN
240858;NaN
240876;NaN
240887;NaN
240895;NaN
240913;NaN
240938;NaN
240942;NaN
24095;NaN
240960;-9.442564172720648
240965;NaN
240966;NaN
240989;NaN
241011;NaN
241018;NaN
241026;NaN
241039;NaN
241086;NaN
241088;NaN
241090;NaN
241137;NaN
241147;NaN
241172;NaN
241179;NaN
241196;1.0718604535920973
241200;NaN
241217;NaN
241253;NaN
241279;NaN
241283;NaN
241293;NaN
24130;NaN
241313;NaN
241346;NaN
241365;NaN
241404;NaN
241418;NaN
241425;NaN
241426;NaN
241430;NaN
241544;3.039631645333088
241545;NaN
241547;NaN
241576;NaN
241578;NaN
241607;NaN
241608;NaN
241613;16.936715414807615
241669;NaN
241687;NaN
241691;NaN
241696;NaN
241699;NaN
241708;NaN
241710;NaN
241712;NaN
241739;NaN
24175;NaN
241766;NaN
24178;NaN
241789;NaN
241795;NaN
241806;NaN
241813;NaN
24184;NaN
241849;NaN
24185;NaN
241866;NaN
241883;NaN
241888;NaN
241922;NaN
241965;NaN
24198;NaN
241986;NaN
242016;NaN
24202;NaN
24204;NaN
242049;NaN
242062;NaN
242081;NaN
242098;NaN
242106;NaN
242131;3.4413381994563843
242138;0.0
242154;NaN
242155;NaN
242174;NaN
242184;7.322917510439041
24219;NaN
242216;NaN
242222;NaN
242282;NaN
242287;NaN
242304;NaN
242317;NaN
242320;NaN
242324;NaN
242348;NaN
242349;2.3183185993848485
24238;NaN
242398;NaN
242523;NaN
24253;NaN
242532;NaN
242555;NaN
242567;NaN
242568;NaN
242572;-0.6776071088317066
242574;NaN
242587;NaN
242589;NaN
242590;NaN
242615;NaN
24264;NaN
242656;NaN
242660;NaN
242662;NaN
242675;NaN
242693;NaN
242695;NaN
242725;NaN
24275;NaN
242778;NaN
242804;NaN
242809;NaN
242844;NaN
242849;NaN
242856;NaN
242868;NaN
242882;NaN
242915;NaN
242935;NaN
242948;NaN
242959;NaN
242983;NaN
24299;NaN
243001;NaN
243009;NaN
243017;NaN
243035;4.01646324996754
243038;NaN
243047;NaN
243080;NaN
243082;NaN
24309;NaN
24310;NaN
243128;NaN
243154;NaN
24319;NaN
243224;NaN
243232;NaN
243245;NaN
243306;NaN
243319;NaN
243320;6.969266849412645
243330;NaN
243343;NaN
243347;NaN
243365;-1.158748664852622
243397;NaN
243447;NaN
243464;-3.2720692720666866
243496;NaN
243497;NaN
243501;NaN
243502;NaN
243514;NaN
24352;NaN
243521;NaN
243532;NaN
24354;NaN
243570;NaN
243583;NaN
243587;NaN
243588;NaN
243646;NaN
243726;0.0
243731;NaN
243737;NaN
243739;NaN
24375;NaN
243769;4.23285379760606
243781;NaN
243843;NaN
243846;NaN
243847;NaN
243853;NaN
243862;NaN
243901;NaN
243918;NaN
243919;NaN
243985;NaN
243987;NaN
244000;NaN
244015;NaN
244033;NaN
244055;NaN
244066;NaN
244075;NaN
244088;NaN
244108;NaN
244162;-4.30591387739309
244166;NaN
24418;NaN
244181;NaN
244192;NaN
244206;NaN
244212;NaN
244218;NaN
244228;NaN
24423;NaN
24424;NaN
244243;NaN
244250;0.0
244256;NaN
244258;NaN
244275;NaN
244277;NaN
24431;2.7260045166309745
244326;-3.5938756573995536
244382;NaN
244391;NaN
2444;8.664900337042491
244417;NaN
24442;NaN
244427;NaN
244435;NaN
244436;NaN
244447;NaN
244485;NaN
244499;NaN
244506;NaN
244557;NaN
244562;NaN
244580;NaN
244591;NaN
244600;NaN
244603;NaN
244619;NaN
244623;NaN
244630;NaN
244663;NaN
244665;NaN
244671;NaN
244680;NaN
244698;NaN
244717;NaN
244723;NaN
244752;NaN
244761;NaN
244796;NaN
244799;NaN
24482;NaN
244829;NaN
244855;NaN
244862;NaN
244865;NaN
244871;NaN
244940;NaN
24495;-0.9200751946320376
244962;NaN
245005;NaN
245014;NaN
245016;NaN
245029;NaN
245038;NaN
245058;NaN
24506;NaN
245080;NaN
245112;NaN
245126;NaN
245160;NaN
245196;NaN
245197;NaN
245210;-4.551118062140901
245228;NaN
245269;NaN
245275;NaN
24528;NaN
245292;NaN
245358;NaN
24536;NaN
245362;NaN
245369;NaN
245373;0.6372743562254599
245445;NaN
245471;NaN
24548;NaN
245507;NaN
245509;NaN
245573;NaN
245588;NaN
245614;NaN
245636;-0.9996477820274956
245646;NaN
245656;NaN
245686;NaN
245711;NaN
245744;NaN
24575;NaN
245765;NaN
245769;NaN
245771;NaN
245817;NaN
245818;NaN
245862;NaN
245881;NaN
245906;NaN
245916;NaN
245925;-3.5535439014164965
245936;NaN
245954;2.440133104244698
245988;NaN
245992;NaN
245994;NaN
246026;NaN
24608;NaN
246109;NaN
246112;NaN
246148;-3.351839539313838
246208;NaN
246239;NaN
246284;NaN
246317;NaN
246342;NaN
246397;-1.2684957482368249
24641;NaN
246430;NaN
246461;NaN
24647;NaN
246481;NaN
246519;0.4132343691778594
246527;NaN
246538;2.844115394297101
246551;NaN
246581;NaN
246586;4.654433706899026
246601;NaN
246613;NaN
246640;NaN
246652;NaN
246659;NaN
246671;NaN
246673;NaN
246702;NaN
24673;NaN
246730;NaN
246750;NaN
246756;NaN
24678;NaN
246784;4.2798663362407705
246843;NaN
246846;-4.155626590044137
246877;NaN
246925;NaN
246932;NaN
246938;NaN
24694;NaN
246965;NaN
246981;NaN
246993;NaN
247007;NaN
247008;NaN
24701;NaN
247033;NaN
247034;NaN
247084;NaN
247114;NaN
247125;NaN
247129;NaN
247135;NaN
24714;NaN
247214;6.726033738753152
247231;NaN
247237;NaN
247242;NaN
247244;NaN
247255;NaN
247270;NaN
247293;NaN
24730;NaN
247315;NaN
247324;NaN
247335;NaN
247380;NaN
24740;NaN
247402;NaN
247429;NaN
247446;1.2325814735578553
247455;NaN
247457;NaN
247463;NaN
247480;NaN
247484;NaN
247498;NaN
247512;NaN
247587;NaN
247597;NaN
24760;NaN
247623;NaN
247625;NaN
247627;NaN
247658;NaN
247687;1.0435882806717065
247697;NaN
247705;NaN
247746;NaN
247751;NaN
247826;NaN
247864;NaN
247881;NaN
247936;NaN
247957;NaN
247963;NaN
247990;NaN
248009;-2.0831269556262404
248014;NaN
248018;NaN
248036;NaN
248066;NaN
248104;NaN
248106;NaN
248108;NaN
248142;NaN
248156;NaN
248183;NaN
248185;1.0577243841591053
248225;NaN
248228;0.0
248259;NaN
248260;NaN
24829;NaN
248310;NaN
248319;NaN
248321;NaN
248361;NaN
248367;NaN
248374;NaN
248378;NaN
248399;NaN
248407;NaN
248502;NaN
248544;NaN
24855;NaN
248563;NaN
248565;NaN
248574;NaN
248578;NaN
248640;NaN
248668;NaN
248697;NaN
248708;NaN
248716;NaN
248718;NaN
248740;NaN
248743;NaN
248761;0.0
248772;NaN
248777;NaN
248781;6.267276058303043
248793;NaN
248796;NaN
248798;NaN
248800;NaN
248818;NaN
248823;NaN
248832;NaN
248891;NaN
248892;NaN
248913;NaN
248919;NaN
248949;NaN
248950;NaN
248985;NaN
248992;NaN
249008;NaN
249026;NaN
249027;NaN
249036;NaN
249053;2.9160618717930022
249079;NaN
249088;0.6463168184038195
24916;NaN
249215;NaN
24923;NaN
249230;NaN
249293;NaN
249313;NaN
249321;NaN
249325;NaN
249344;NaN
249394;NaN
249422;NaN
249430;NaN
249433;NaN
249445;-0.8532812798426574
24947;NaN
249474;NaN
249505;NaN
249515;18.85896407861456
249595;NaN
249602;NaN
24961;NaN
249628;NaN
249633;NaN
249656;NaN
249657;NaN
249758;NaN
249775;NaN
249794;NaN
249869;NaN
249956;NaN
249977;NaN
249984;NaN
249994;NaN
250;NaN
250057;NaN
25006;NaN
250107;0.056179468782834086
250108;-7.011665093355574
250119;NaN
250127;NaN
250148;NaN
250160;NaN
250172;NaN
250196;NaN
25022;1.8152712914571563
250229;-0.4027892750126918
25024;NaN
250244;NaN
250270;NaN
250274;NaN
250302;NaN
250359;NaN
250367;NaN
250386;NaN
250396;NaN
2504;NaN
250400;NaN
250462;NaN
250464;NaN
250474;NaN
25049;NaN
250502;0.3067186122863344
250504;NaN
250510;-2.8058761805818664
250535;NaN
250555;NaN
250560;NaN
25058;NaN
250622;NaN
250667;NaN
250674;NaN
250678;NaN
250679;NaN
250688;NaN
250709;NaN
250717;NaN
250727;NaN
250732;NaN
250740;NaN
250742;NaN
250748;0.9764455980550604
250761;NaN
250765;0.4496406649688487
250771;NaN
250791;NaN
250805;NaN
250808;2.5360347989725756
250833;7.425895508358181
250834;NaN
250846;NaN
250878;NaN
250899;0.0
250986;NaN
250999;NaN
25100;NaN
251002;NaN
251018;2.1744905772485694
251025;NaN
25105;NaN
251056;NaN
251057;NaN
251075;0.0
251101;NaN
251127;NaN
25114;NaN
251156;NaN
251166;NaN
251186;NaN
251213;2.338753514098687
251251;NaN
251255;NaN
251273;NaN
251300;NaN
251332;NaN
251335;NaN
251374;NaN
2514;NaN
251422;4.213209548906739
251425;NaN
251449;NaN
251469;NaN
251495;NaN
251531;3.4370589506629736
251536;NaN
251537;NaN
251540;NaN
251544;NaN
251548;NaN
251565;NaN
251579;NaN
251601;NaN
251622;NaN
251626;NaN
251646;NaN
251657;NaN
251659;NaN
251679;NaN
251688;NaN
251690;2.8760806419408653
25171;NaN
251710;NaN
25173;NaN
251745;NaN
251757;NaN
25178;NaN
251783;NaN
251787;NaN
25179;NaN
251795;2.3570089285398055
251811;NaN
251812;NaN
251826;NaN
251897;NaN
251928;NaN
251981;NaN
251998;NaN
252015;NaN
252019;NaN
252069;NaN
252076;NaN
252085;NaN
252095;NaN
252145;NaN
252146;NaN
252178;NaN
252181;NaN
252189;NaN
252190;NaN
252197;NaN
252201;NaN
252203;NaN
252217;NaN
252226;NaN
252257;NaN
25226;NaN
252275;NaN
252320;NaN
252329;NaN
252335;NaN
252359;NaN
252360;NaN
252367;NaN
252370;NaN
252374;-1.788408186757899
252388;NaN
252398;NaN
252436;NaN
252437;NaN
252443;NaN
252457;NaN
252460;NaN
252493;NaN
252500;NaN
252508;NaN
252514;NaN
252572;NaN
25258;NaN
252590;NaN
252598;NaN
252605;NaN
252611;NaN
252630;NaN
252644;NaN
252645;NaN
252655;NaN
252662;NaN
252694;NaN
252701;NaN
252750;NaN
252758;NaN
25277;NaN
252780;NaN
252852;NaN
252856;NaN
252857;NaN
252874;NaN
252886;NaN
252921;NaN
252926;NaN
25293;NaN
252931;0.0
252933;NaN
25294;-1.0647417680272575
252959;NaN
252966;NaN
252990;1.4202375938615273
253003;NaN
253075;NaN
253129;NaN
253140;NaN
253145;NaN
253152;NaN
25316;NaN
253186;NaN
253202;NaN
253241;NaN
253242;NaN
253269;NaN
253278;NaN
25330;NaN
253327;NaN
253368;-2.0443463178888965
253372;NaN
253377;NaN
253381;-3.766184841982431
253392;NaN
253394;NaN
253413;NaN
253414;-1.6841952772534792
253448;NaN
253467;NaN
253478;NaN
253479;NaN
253481;NaN
253498;-0.036184833337687294
253511;NaN
253525;NaN
253556;7.715934903883017
253580;NaN
253596;NaN
253666;-4.903059458225849
253681;NaN
25369;NaN
253754;NaN
253766;NaN
25378;NaN
253790;NaN
253816;NaN
253817;NaN
253818;NaN
253841;NaN
253844;NaN
253872;NaN
253899;NaN
253935;NaN
253943;-1.5142664966706556
253951;NaN
253977;NaN
254025;NaN
254040;NaN
254057;NaN
254058;NaN
254080;2.987776165492074
254101;NaN
254108;NaN
254127;NaN
254130;NaN
254134;NaN
254149;NaN
254174;NaN
254181;NaN
25419;NaN
254213;NaN
254224;NaN
254247;-1.4081948537393072
254265;NaN
254276;NaN
254277;NaN
254289;NaN
254312;NaN
254317;NaN
254341;NaN
254371;NaN
254386;NaN
254453;NaN
254460;NaN
254476;NaN
254488;NaN
254538;NaN
254561;NaN
254585;NaN
254603;NaN
254620;NaN
254642;NaN
254653;NaN
254666;NaN
254709;NaN
254714;NaN
254729;NaN
254742;NaN
254746;NaN
254770;0.4033676546739443
254780;NaN
254783;NaN
25479;NaN
254790;NaN
254823;NaN
25483;NaN
254854;NaN
254875;NaN
254882;NaN
254885;4.9293706603875425
254892;0.0
254997;NaN
255001;NaN
255003;NaN
255045;NaN
255146;NaN
255162;7.204372663225167
255169;NaN
255172;NaN
25518;0.09778878148055847
255180;NaN
255207;NaN
255215;2.34415548891824
255234;-0.9087111665315346
25525;NaN
255267;NaN
255270;NaN
255305;NaN
255307;NaN
255323;-6.8380858467763845
255335;NaN
255342;NaN
255348;NaN
255428;NaN
255441;NaN
255448;NaN
255451;NaN
255473;NaN
255478;NaN
255500;NaN
255532;NaN
255561;NaN
255568;NaN
255575;NaN
255596;3.3465352498758985
255597;NaN
255613;NaN
255616;NaN
255642;NaN
255643;NaN
255656;NaN
255694;NaN
255695;NaN
255702;NaN
255703;NaN
255722;NaN
255753;NaN
25578;NaN
255801;NaN
255816;NaN
255820;NaN
255850;NaN
255858;NaN
255865;NaN
255874;NaN
255910;NaN
255913;NaN
255914;NaN
25592;NaN
255954;0.19253621706359336
255973;NaN
255999;NaN
25600;NaN
256010;NaN
256016;NaN
256022;NaN
256046;NaN
256066;NaN
256067;NaN
256068;NaN
256091;NaN
2561;NaN
25610;NaN
256126;NaN
256145;NaN
256154;NaN
256178;NaN
256189;NaN
256195;NaN
256213;NaN
256279;NaN
256283;NaN
256296;NaN
256318;NaN
256321;NaN
256339;NaN
256342;NaN
256364;NaN
256387;NaN
256392;9.646065709035542
256394;NaN
256404;NaN
256430;NaN
256449;NaN
256482;NaN
256492;0.0
256515;NaN
256525;NaN
25654;-0.14296585750365653
256551;NaN
25658;NaN
256584;NaN
256628;NaN
256645;NaN
256670;NaN
256698;NaN
256752;NaN
256763;NaN
256776;NaN
256812;3.9015039262213396
256817;NaN
256831;NaN
25685;NaN
256892;NaN
256908;NaN
256941;NaN
25695;NaN
256996;NaN
257000;NaN
257005;NaN
257018;NaN
257032;NaN
257065;NaN
257116;NaN
257129;NaN
257141;6.510056986393074
257162;NaN
257163;NaN
257189;NaN
257222;NaN
257224;NaN
257229;NaN
257238;NaN
257254;NaN
25726;NaN
257269;NaN
257308;NaN
257320;0.0
257337;NaN
257365;NaN
257370;NaN
257411;NaN
257413;NaN
257424;1.3212819654768506
257430;NaN
257432;NaN
25748;NaN
257502;NaN
257522;-0.7608192326584844
257523;NaN
257542;NaN
257556;NaN
257570;NaN
257574;NaN
257614;NaN
257619;3.005371576810705
257626;3.038610920051036
257630;NaN
257633;NaN
257636;NaN
257640;NaN
257641;NaN
257648;NaN
257649;NaN
257661;-2.2776979149737535
257718;NaN
257724;2.188558006176902
257732;NaN
257746;NaN
257779;NaN
25778;NaN
257816;NaN
257818;NaN
25782;NaN
257847;NaN
257849;NaN
257867;NaN
257909;0.2517595395027813
257932;NaN
25794;NaN
257998;NaN
25802;NaN
258066;NaN
258103;NaN
258107;NaN
258135;NaN
258143;NaN
258177;NaN
25818;NaN
258209;NaN
258218;NaN
258245;NaN
258258;NaN
2583;NaN
258302;NaN
258336;NaN
25834;NaN
258341;NaN
258357;NaN
258370;NaN
258386;NaN
258397;NaN
258412;NaN
258419;NaN
258422;NaN
258456;NaN
258492;NaN
258498;NaN
258513;NaN
258532;10.033159962194375
258544;NaN
258590;NaN
258619;NaN
258620;NaN
258638;NaN
25864;NaN
258679;NaN
25868;NaN
258690;NaN
258713;NaN
258716;NaN
258718;NaN
258734;NaN
258739;1.487853608917459
258744;NaN
258748;NaN
258801;NaN
258826;NaN
258829;NaN
25883;NaN
258925;NaN
258988;NaN
259006;NaN
259010;NaN
259030;1.4710212717314437
259036;-4.352950504880816
259067;NaN
25908;NaN
259097;NaN
259108;NaN
259153;NaN
259155;NaN
259193;1.4168533154691496
259212;NaN
259224;NaN
259229;NaN
259234;NaN
259256;NaN
25926;NaN
259270;NaN
259318;NaN
259341;NaN
259363;NaN
259379;NaN
259391;NaN
259426;NaN
259428;NaN
259432;7.070225977195626
259482;NaN
259484;NaN
259507;NaN
25953;NaN
259541;NaN
259543;NaN
259575;NaN
259581;NaN
259595;NaN
259648;NaN
259672;NaN
25968;NaN
259681;NaN
259691;NaN
259725;NaN
259727;NaN
259729;NaN
259731;NaN
259747;NaN
259761;NaN
259784;NaN
259801;NaN
259814;NaN
25982;NaN
259820;NaN
259836;NaN
259846;NaN
259849;NaN
25985;NaN
259887;-0.7776600106158049
259893;2.3016202521578917
259926;NaN
259954;NaN
260008;NaN
260009;NaN
260058;NaN
260066;0.6963820711513663
260071;6.43614696911653
260074;2.7374071678469587
260082;NaN
260099;NaN
260112;-1.5519277533019231
260117;NaN
260118;NaN
260143;NaN
260171;NaN
260238;NaN
260243;NaN
260246;NaN
260262;NaN
260272;NaN
260295;NaN
260323;NaN
260324;NaN
260338;NaN
260368;NaN
260371;NaN
260373;NaN
26040;NaN
260400;NaN
26044;NaN
260445;NaN
260450;NaN
260464;NaN
26049;-2.637018744866939
260497;3.0090363460005505
260521;NaN
260542;NaN
260547;NaN
260589;NaN
260594;NaN
260677;NaN
260721;NaN
260722;NaN
260733;NaN
260740;NaN
260741;4.666041085118592
260743;NaN
260756;NaN
260772;NaN
260773;NaN
260792;NaN
26081;-0.10882682088860895
260894;NaN
260899;NaN
260944;NaN
260954;-2.217468900611432
261014;NaN
261033;NaN
26106;NaN
26110;NaN
261105;NaN
261122;NaN
261124;NaN
261129;NaN
261161;NaN
261169;NaN
261183;NaN
261231;NaN
261262;NaN
261283;NaN
26130;NaN
26133;0.9206560455564519
261364;4.690575739980523
261380;NaN
26143;NaN
261476;NaN
26149;-1.5804443737177227
261511;NaN
261530;NaN
261532;NaN
261534;NaN
261539;NaN
261572;NaN
261603;NaN
261621;NaN
261640;NaN
261672;NaN
261678;-4.6443032088408
261685;NaN
261709;NaN
261713;NaN
261720;NaN
261744;NaN
261807;NaN
261826;NaN
261855;NaN
261862;NaN
261863;NaN
26193;NaN
261951;NaN
26199;NaN
262009;NaN
262015;NaN
262044;2.2243022091917704
262062;NaN
262067;-2.288267959601944
262083;5.693798219106844
262094;NaN
262129;NaN
262143;NaN
262154;NaN
262164;NaN
262177;NaN
26218;NaN
262252;NaN
262257;NaN
262267;NaN
262271;NaN
262296;NaN
262297;NaN
262381;NaN
262412;NaN
262422;-6.717273560871877
262456;NaN
262473;NaN
262486;NaN
262498;NaN
262522;NaN
262526;NaN
262531;NaN
262532;NaN
262535;NaN
262537;NaN
262558;NaN
262560;NaN
262583;NaN
262636;NaN
262651;NaN
262661;NaN
262674;NaN
262678;NaN
262693;NaN
262702;NaN
262705;NaN
262711;-1.7173709361603526
262717;NaN
262738;NaN
262740;NaN
262743;NaN
26275;-1.7437061268131728
262754;NaN
262778;NaN
262807;1.7323365237167292
262816;NaN
262836;NaN
262839;NaN
262841;NaN
262855;NaN
262868;NaN
262899;NaN
262902;NaN
262911;NaN
262912;NaN
262918;NaN
262931;NaN
262933;NaN
262968;NaN
262972;NaN
262977;NaN
262986;NaN
262999;NaN
263017;NaN
263063;NaN
263102;NaN
263148;NaN
263153;NaN
263170;NaN
263183;-0.03505607000456068
263213;0.0
263265;NaN
263269;NaN
263276;0.0
263295;NaN
263297;NaN
263316;NaN
26332;NaN
263342;NaN
263356;NaN
263367;NaN
26338;-2.903551214407959
2634;NaN
26342;NaN
263452;NaN
263465;2.3129245106499403
263472;NaN
263491;NaN
263512;0.1583334457541501
263547;NaN
263560;-0.3257673487280218
263567;NaN
263576;NaN
263585;NaN
26360;NaN
263644;NaN
263687;NaN
263729;-1.4144452954879605
26373;NaN
263750;NaN
263784;NaN
263789;NaN
263793;NaN
263797;NaN
263870;0.0
263871;-0.5928666727398064
263881;NaN
263897;NaN
263949;NaN
263974;-4.69431435459363
263994;NaN
264017;NaN
264019;0.0
264023;NaN
26405;NaN
264077;NaN
264086;NaN
264091;NaN
264093;NaN
264102;NaN
264109;NaN
264110;NaN
264112;NaN
264172;NaN
264213;NaN
264225;0.5503653487908994
26423;NaN
264246;NaN
264275;NaN
264291;NaN
264297;NaN
26431;NaN
264319;NaN
264320;NaN
264323;NaN
264358;NaN
264359;NaN
26436;NaN
264380;NaN
264383;NaN
264385;NaN
264392;NaN
264460;NaN
264481;NaN
264487;NaN
264494;NaN
264531;NaN
264558;NaN
264567;NaN
26457;NaN
264631;NaN
264649;NaN
264677;NaN
264682;NaN
264684;NaN
264688;NaN
264698;NaN
264731;NaN
264732;NaN
264744;NaN
264777;NaN
26478;NaN
264786;NaN
264787;NaN
264801;NaN
264820;NaN
264825;NaN
264826;NaN
264847;NaN
264874;12.245300090764198
264878;NaN
264881;NaN
264944;NaN
264984;NaN
265011;NaN
265028;-7.456411815444866
265036;NaN
265045;NaN
265057;NaN
26508;NaN
265082;NaN
265084;NaN
26510;NaN
26512;NaN
265137;NaN
265154;2.5636784259073435
265170;NaN
265179;NaN
265186;5.824207272581462
265191;NaN
265199;NaN
265215;NaN
265252;NaN
265289;NaN
265297;NaN
265315;NaN
26533;NaN
265340;NaN
265353;NaN
265429;NaN
26544;0.9002246713316189
26545;NaN
265450;NaN
265466;NaN
265498;NaN
265511;NaN
265513;NaN
265596;NaN
265599;NaN
265611;NaN
265619;NaN
26565;NaN
265682;NaN
265703;NaN
26571;NaN
265727;NaN
26582;NaN
265864;NaN
26587;NaN
26588;NaN
265897;NaN
265907;-2.931808770763166
265917;NaN
265921;NaN
265922;NaN
26593;NaN
265938;NaN
26594;NaN
265960;NaN
265971;NaN
265996;NaN
266040;NaN
266052;NaN
266091;5.301809942712531
266093;NaN
266095;NaN
266100;NaN
266106;NaN
266134;NaN
266167;NaN
266188;NaN
266194;NaN
266198;NaN
266207;NaN
266234;NaN
266257;-0.030615910256470924
26627;NaN
266271;NaN
26629;NaN
266294;NaN
266297;NaN
266302;NaN
266306;2.420244093338997
266318;NaN
266371;NaN
266394;NaN
266404;NaN
266406;NaN
266415;6.497453704596108
266423;NaN
266453;NaN
26648;NaN
266484;NaN
266493;NaN
266518;NaN
266528;NaN
266530;NaN
266554;NaN
266560;NaN
266576;NaN
266590;NaN
266593;NaN
266598;NaN
266621;NaN
266635;NaN
266642;NaN
266655;NaN
266663;NaN
266699;0.0
266702;NaN
266707;NaN
266718;NaN
266719;NaN
266734;1.5076392888227794
266770;NaN
266810;NaN
266816;NaN
266846;NaN
266847;NaN
266867;NaN
266869;4.657872676807101
266903;NaN
26691;NaN
266910;NaN
266924;NaN
266951;NaN
266998;NaN
267006;NaN
267068;NaN
267100;NaN
267136;NaN
267151;NaN
267156;NaN
267168;NaN
267171;NaN
267218;NaN
267230;NaN
267246;NaN
267261;NaN
267265;NaN
267266;NaN
267269;NaN
26729;NaN
267309;NaN
267323;NaN
26735;NaN
267350;4.140784472342252
267392;NaN
267453;NaN
267485;NaN
267495;NaN
267498;NaN
267535;NaN
267572;NaN
267579;NaN
26758;4.46755044190148
26760;NaN
267602;NaN
267620;NaN
267624;NaN
26766;NaN
267671;NaN
267677;NaN
26770;NaN
267703;NaN
267763;NaN
267779;NaN
26778;NaN
267789;NaN
267792;NaN
2678;NaN
267817;NaN
267826;NaN
267852;NaN
267854;NaN
267856;NaN
267888;NaN
2679;NaN
267921;NaN
26793;NaN
267953;NaN
268050;NaN
268056;NaN
26808;NaN
268141;NaN
268173;NaN
268194;NaN
268209;NaN
268215;NaN
268217;NaN
268231;NaN
268242;6.6648340930374586
268252;NaN
268312;NaN
268322;0.2895589575351054
26835;NaN
268359;NaN
268444;NaN
268496;NaN
26858;NaN
268582;NaN
268595;NaN
268605;NaN
268606;NaN
268616;NaN
268655;0.0
268685;NaN
268692;NaN
268693;NaN
268701;NaN
268707;2.7907450487559418
26871;NaN
268713;NaN
268715;NaN
268717;NaN
268719;NaN
268722;NaN
268747;NaN
268778;NaN
268779;NaN
268783;NaN
268797;NaN
268816;5.619973835800211
268818;NaN
268836;NaN
268837;NaN
268842;NaN
268869;NaN
268878;NaN
268883;NaN
268890;NaN
268911;1.5382725097199796
268938;NaN
268941;4.580870665860329
268962;NaN
26898;NaN
268986;NaN
268989;NaN
269013;NaN
269023;NaN
269033;NaN
269039;NaN
26906;NaN
269066;NaN
269071;NaN
26909;NaN
26910;NaN
269100;NaN
269102;NaN
269115;NaN
26916;NaN
269160;NaN
269169;NaN
269189;NaN
269191;NaN
269203;NaN
269214;NaN
269218;NaN
269219;7.423906905539084
269229;2.0399969244246314
269237;0.5205606615793248
269311;NaN
26932;NaN
269333;1.3813586510680596
269364;NaN
269369;NaN
269391;NaN
269416;NaN
269453;NaN
269456;NaN
269458;NaN
269491;NaN
2695;NaN
269504;NaN
269524;NaN
269528;NaN
269548;NaN
269566;NaN
269573;NaN
269579;NaN
269588;NaN
269595;NaN
269603;NaN
269614;0.9539030747679386
269671;NaN
269682;NaN
269710;NaN
269713;NaN
269718;NaN
269785;NaN
269792;NaN
26984;NaN
269846;NaN
269876;NaN
269918;NaN
269980;NaN
270003;NaN
270005;NaN
270007;-1.3156673468290974
270010;NaN
270011;NaN
270022;NaN
270029;NaN
270095;NaN
270104;NaN
270111;NaN
270125;NaN
27017;NaN
270171;NaN
270217;NaN
270218;NaN
270256;NaN
270260;-3.640022870148311
270284;NaN
270347;NaN
270362;NaN
27037;NaN
270391;NaN
270401;NaN
270428;NaN
270440;NaN
270450;NaN
270470;NaN
270483;NaN
270511;NaN
270519;NaN
270520;NaN
270522;NaN
270534;NaN
270557;NaN
270597;NaN
270598;NaN
270612;NaN
270616;NaN
270619;NaN
270627;NaN
270652;NaN
270702;NaN
270729;NaN
270736;NaN
270743;NaN
270747;NaN
27075;4.104818192432041
270770;NaN
270786;NaN
270801;NaN
270815;NaN
270818;NaN
270821;NaN
270863;NaN
270882;NaN
270907;NaN
270910;NaN
27092;NaN
270946;NaN
270948;NaN
270990;NaN
270997;-1.1558452969783586
27103;NaN
271073;NaN
271091;NaN
271095;NaN
271107;NaN
271114;NaN
271121;-2.684192004945315
271250;NaN
271276;NaN
271295;NaN
2713;5.590953172463868
271327;NaN
27134;3.863748169616742
271344;NaN
27136;NaN
271373;0.21866565856164888
271404;NaN
271424;NaN
271485;NaN
271495;NaN
2715;NaN
271500;NaN
271523;NaN
271531;NaN
271553;NaN
271565;NaN
271568;NaN
271580;NaN
271592;NaN
271613;NaN
271636;NaN
271676;NaN
271684;NaN
271693;NaN
271710;NaN
271712;NaN
271719;NaN
271722;NaN
271733;NaN
271782;NaN
271787;-1.967460880342361
271792;-1.8305672105936759
271799;-2.7387449340171357
271825;NaN
271836;NaN
271862;NaN
271865;NaN
27189;NaN
271894;NaN
271901;NaN
271936;NaN
271977;NaN
271978;-2.181772751266792
272026;NaN
272063;NaN
27209;NaN
272109;NaN
27213;NaN
272135;NaN
272159;NaN
272186;NaN
272200;NaN
272201;NaN
272214;NaN
272238;NaN
272242;NaN
272250;NaN
272255;NaN
272276;NaN
27232;NaN
272321;NaN
272332;NaN
272406;NaN
272409;0.0
272415;NaN
272422;NaN
272423;NaN
272429;NaN
272436;NaN
272461;NaN
272463;NaN
272464;NaN
272512;NaN
272525;NaN
272535;2.3851106412469605
272549;NaN
272557;NaN
272613;NaN
27262;0.08312703145693545
272630;NaN
272649;NaN
27265;NaN
272658;NaN
27266;-0.8529139957524678
272701;NaN
272768;-6.631905223187353
272772;NaN
272788;NaN
272802;NaN
272807;NaN
272819;NaN
272832;NaN
272848;0.0
272876;NaN
272879;NaN
272891;NaN
272910;NaN
272911;-0.5829066759101165
272951;NaN
272964;-2.258775975395865
272977;NaN
272985;NaN
273006;NaN
273049;NaN
273076;3.3897278304631233
273096;NaN
273113;NaN
273142;NaN
273151;NaN
273177;NaN
27319;NaN
273193;NaN
273260;NaN
273261;NaN
273262;NaN
273268;NaN
273306;NaN
273353;0.10432735378025226
273370;NaN
273371;NaN
2734;NaN
273450;NaN
273460;-3.547838986522449
273470;NaN
273473;NaN
273477;NaN
273544;-4.11016577773708
273556;NaN
273562;NaN
273578;NaN
273583;NaN
273593;NaN
273615;NaN
273632;NaN
273641;NaN
273643;NaN
273679;NaN
273710;NaN
273712;NaN
273714;NaN
273730;NaN
273737;NaN
273738;NaN
273757;NaN
273787;-0.2620505855702615
273792;NaN
273822;NaN
273870;NaN
273882;NaN
273898;NaN
273963;7.738778847127296
273976;NaN
273999;NaN
274028;NaN
274043;NaN
274067;NaN
274068;NaN
274072;NaN
274076;NaN
274123;NaN
274185;NaN
274193;NaN
27421;NaN
274220;NaN
274244;NaN
274267;NaN
274297;NaN
274303;NaN
274317;NaN
274332;NaN
274349;NaN
274408;NaN
274414;NaN
274425;NaN
274430;0.0
274447;NaN
274472;NaN
274473;NaN
274513;NaN
27457;NaN
274605;9.621060142408053
274612;NaN
27465;NaN
274661;0.0
274679;NaN
274697;NaN
274711;NaN
274717;-1.9454171758830467
274723;NaN
274727;NaN
274735;NaN
274740;NaN
274744;NaN
274763;NaN
274770;NaN
274807;NaN
274839;NaN
274845;NaN
274859;NaN
274860;NaN
274883;NaN
274909;NaN
274923;NaN
274930;NaN
274931;NaN
274935;NaN
274947;NaN
274956;NaN
27499;NaN
274990;NaN
275003;NaN
275022;NaN
275030;-0.773064197275712
275047;NaN
275096;NaN
275150;NaN
275165;NaN
275217;NaN
275228;NaN
27523;NaN
275248;NaN
275251;NaN
275262;NaN
275263;NaN
275292;NaN
275314;NaN
275327;NaN
275350;NaN
275352;NaN
275380;NaN
275410;NaN
275468;NaN
275472;NaN
275476;NaN
275482;NaN
275491;NaN
275498;NaN
275500;NaN
275502;NaN
275518;NaN
275543;0.0
275579;NaN
275609;NaN
275615;NaN
275628;NaN
275644;NaN
275665;NaN
275679;NaN
275719;NaN
275755;NaN
275769;NaN
275777;NaN
27581;NaN
275888;NaN
275898;NaN
275921;NaN
275960;NaN
275965;NaN
275976;NaN
275983;NaN
275992;NaN
276020;NaN
276031;NaN
276039;NaN
27604;NaN
276048;NaN
276054;NaN
276078;NaN
276083;NaN
276106;NaN
276137;NaN
27614;NaN
276149;NaN
276183;NaN
276189;NaN
276190;NaN
276199;NaN
276207;NaN
276221;NaN
276245;6.193348357825752
276246;NaN
276277;NaN
276286;NaN
27629;NaN
276296;NaN
276398;NaN
276411;NaN
276444;NaN
276455;NaN
27647;NaN
276488;NaN
276513;NaN
276530;NaN
276584;NaN
276587;NaN
276603;-3.1303386815828214
276607;NaN
276628;NaN
276640;NaN
276669;NaN
276677;NaN
27668;NaN
276692;NaN
27671;NaN
276738;NaN
276762;NaN
276784;NaN
276834;NaN
276854;NaN
276868;NaN
276885;NaN
276894;NaN
276895;NaN
276905;0.0
276941;NaN
277005;NaN
277019;NaN
277029;NaN
277040;NaN
277082;NaN
277092;NaN
277094;NaN
27710;NaN
277121;NaN
277134;NaN
277143;NaN
277173;NaN
277181;NaN
277182;NaN
277206;NaN
277226;NaN
277246;NaN
277257;NaN
277275;NaN
277280;NaN
277287;NaN
277313;0.05550251800285838
27733;NaN
277330;NaN
277332;NaN
277333;NaN
277360;NaN
277361;NaN
277372;NaN
277380;0.06930878258065598
277386;NaN
2774;NaN
277410;NaN
27743;NaN
277433;NaN
277436;NaN
277452;NaN
277456;NaN
277480;NaN
277483;NaN
277498;NaN
277499;NaN
277517;0.672247982504053
277539;NaN
277542;NaN
277556;NaN
277571;3.1240216455356506
277582;NaN
277585;NaN
277588;NaN
277607;NaN
277630;NaN
277639;NaN
27771;11.303552132603278
27772;NaN
277767;NaN
277775;NaN
277778;NaN
277792;NaN
277805;NaN
277807;NaN
277808;NaN
277810;NaN
277860;NaN
277864;2.1850863922397057
277890;NaN
277896;NaN
277909;NaN
277920;NaN
27794;NaN
277965;NaN
27798;2.092521063678489
277982;NaN
278019;NaN
278066;NaN
278094;NaN
278113;NaN
278135;NaN
27815;NaN
278151;NaN
278158;NaN
278168;NaN
278180;NaN
278215;NaN
278229;NaN
278233;NaN
278247;NaN
278268;NaN
278282;NaN
27829;-2.4819830505007014
278350;NaN
278376;NaN
278396;NaN
278406;NaN
278424;NaN
278440;NaN
278467;NaN
278482;NaN
278508;NaN
278557;NaN
278571;NaN
278576;0.0
278588;NaN
278602;NaN
278611;-1.6734106860434645
278616;NaN
278632;NaN
278645;NaN
278649;NaN
27865;3.5030389220124185
278661;NaN
278676;NaN
278704;1.2251007892202284
278710;NaN
278730;NaN
278745;NaN
278749;-6.612590502936472
278862;NaN
278873;NaN
278884;NaN
278924;NaN
278925;NaN
278941;NaN
278946;NaN
278948;NaN
278993;NaN
279002;NaN
279048;NaN
279052;NaN
279066;NaN
279079;2.7522416162099996
27909;NaN
279092;1.3953146528830764
27910;-2.6656638058564135
279103;NaN
279108;NaN
279119;NaN
279120;NaN
279129;NaN
279132;NaN
279163;NaN
279173;NaN
279203;NaN
279207;-0.19740145203602244
279209;NaN
279223;NaN
279264;NaN
279267;NaN
279287;NaN
279309;NaN
279327;NaN
279331;NaN
279332;NaN
279383;NaN
279401;0.0
279438;NaN
279443;NaN
279460;NaN
279548;NaN
279561;NaN
279581;NaN
279598;NaN
279606;NaN
279636;NaN
279693;NaN
27970;NaN
279720;NaN
279743;NaN
279791;NaN
279794;NaN
279847;NaN
279855;NaN
279860;NaN
279883;NaN
279915;NaN
279926;NaN
279953;NaN
279989;NaN
279995;NaN
280007;NaN
280014;NaN
280031;-1.3480216751617506
280087;NaN
280108;NaN
280123;NaN
280135;NaN
280164;NaN
280188;NaN
280197;NaN
28020;NaN
280210;NaN
280213;NaN
280233;NaN
28024;NaN
28025;NaN
280278;NaN
280288;NaN
280290;NaN
280325;NaN
280327;NaN
280328;NaN
280330;NaN
280338;NaN
280341;NaN
280353;NaN
28037;NaN
28039;NaN
280408;NaN
280440;0.0
280453;NaN
280455;NaN
280482;NaN
280488;NaN
28051;NaN
280514;1.7962706231238292
280540;NaN
280552;NaN
280556;NaN
280557;NaN
280561;NaN
280568;10.059380935810514
280611;NaN
280673;0.0
280675;NaN
280693;NaN
280719;NaN
28072;NaN
280753;NaN
28076;NaN
28079;NaN
280807;NaN
280823;2.2116037555045844
280824;NaN
280844;NaN
280854;NaN
28087;NaN
280886;NaN
280933;NaN
281009;NaN
281056;-0.9621805241716255
281068;NaN
281105;NaN
281135;NaN
281154;NaN
281161;NaN
281181;0.0
281188;NaN
281190;NaN
281200;NaN
281223;0.5606902911180571
281240;NaN
281286;NaN
281352;NaN
281378;NaN
281383;-0.8314332401004167
281393;NaN
281399;NaN
281405;NaN
281413;NaN
281437;NaN
281446;NaN
281469;NaN
281473;NaN
281487;NaN
281532;NaN
28155;NaN
281572;NaN
281634;NaN
281650;NaN
281671;NaN
281674;NaN
281686;NaN
281767;0.0
281773;NaN
28181;NaN
281829;NaN
281833;NaN
281838;NaN
281839;2.1255134206521484
281840;NaN
281881;NaN
281959;NaN
281969;0.8893797256132545
281970;NaN
281975;NaN
281987;NaN
281996;-1.02798587448091
28200;NaN
282014;-1.1682513170139015
282019;NaN
282066;NaN
282076;NaN
282100;NaN
282104;NaN
282150;NaN
282153;NaN
282241;NaN
282257;NaN
282271;NaN
282278;NaN
282282;NaN
282290;NaN
282293;NaN
282299;NaN
282305;NaN
282315;NaN
282324;NaN
282343;NaN
282363;3.2406351495058536
282402;NaN
282410;NaN
282413;NaN
28244;NaN
282451;NaN
282454;NaN
28246;NaN
282487;NaN
282492;NaN
282530;NaN
282541;NaN
282557;NaN
282584;NaN
282592;-0.6346992759206276
282595;NaN
282597;NaN
282639;NaN
282649;NaN
28269;NaN
28278;0.97910993321898
282792;NaN
282795;1.0530764538524149
28280;NaN
282802;NaN
282805;NaN
282815;11.59818728665426
282825;NaN
282826;NaN
282879;10.282586644389074
282900;NaN
282938;NaN
282951;NaN
283025;NaN
283033;NaN
28304;NaN
283077;NaN
283101;NaN
283119;NaN
283133;NaN
283179;NaN
283186;NaN
283236;NaN
283252;NaN
283262;NaN
283268;NaN
283294;NaN
283302;NaN
283321;NaN
283337;NaN
283344;NaN
283353;NaN
283380;NaN
283394;NaN
283414;NaN
283420;NaN
283432;NaN
283435;NaN
283441;1.2388238348630753
283458;NaN
283474;NaN
28348;NaN
283483;NaN
283488;NaN
283584;NaN
283594;NaN
283617;NaN
28362;NaN
283623;NaN
283641;NaN
283693;NaN
283718;NaN
283730;NaN
283765;NaN
28378;NaN
283797;NaN
283840;10.951502006212655
283841;NaN
283872;-0.6322179494246998
283878;NaN
283880;NaN
283881;NaN
283916;NaN
283930;NaN
283948;NaN
283953;NaN
283997;NaN
284023;NaN
284039;NaN
284057;NaN
284077;NaN
284093;NaN
284114;NaN
284128;NaN
284144;0.0
284150;NaN
284187;NaN
284194;-2.4881149375166616
284226;NaN
284242;NaN
284300;NaN
284316;-1.273785859415977
284318;NaN
284345;NaN
284347;NaN
284374;NaN
284391;NaN
284393;1.8742823255211785
284396;NaN
28441;NaN
284421;NaN
284438;-3.31033375906651
284441;NaN
284493;-0.6742689097075025
284514;NaN
284518;NaN
284539;NaN
284541;NaN
284558;NaN
28458;NaN
284618;NaN
284619;NaN
284640;NaN
28466;NaN
284679;NaN
284724;NaN
284732;NaN
284766;NaN
284783;NaN
284790;NaN
284793;NaN
284861;NaN
284882;NaN
2849;NaN
284906;NaN
28491;0.0
284920;NaN
284973;NaN
284978;3.750737595725998
285007;NaN
285032;NaN
285059;NaN
285065;NaN
285071;NaN
285094;NaN
285100;0.44983784144096095
285102;NaN
285132;NaN
28516;NaN
285207;NaN
285247;NaN
285319;NaN
285332;NaN
28534;-6.0508318077640855
285371;NaN
285405;NaN
285406;NaN
285450;NaN
285452;NaN
285455;NaN
285482;NaN
285504;NaN
285557;NaN
285559;NaN
285577;NaN
285581;NaN
285598;NaN
285599;1.1666145666323497
285602;NaN
285605;NaN
285648;NaN
285658;-3.6261434900276006
285663;NaN
285677;NaN
285683;NaN
285688;NaN
285702;NaN
285763;NaN
285820;NaN
285835;0.2852526310308764
285847;NaN
28588;NaN
285892;NaN
285900;NaN
285962;NaN
285991;NaN
286016;NaN
286022;NaN
286023;NaN
286039;NaN
286050;4.501028822728587
286058;NaN
286063;4.008864758047146
286070;NaN
286099;NaN
286158;NaN
286163;NaN
28624;NaN
286249;NaN
286255;NaN
286273;NaN
28628;NaN
286280;NaN
286282;NaN
28630;NaN
286304;-2.7266500171021164
286310;NaN
286346;NaN
286359;NaN
286373;NaN
286375;NaN
286394;NaN
286402;NaN
286415;NaN
286451;NaN
286473;NaN
286482;NaN
28653;0.0
286593;NaN
286695;NaN
286717;NaN
286731;NaN
286740;NaN
286741;NaN
286800;NaN
286817;NaN
286820;NaN
286837;NaN
286947;NaN
286953;NaN
287024;NaN
287117;NaN
28713;NaN
287184;NaN
287187;NaN
287189;NaN
287198;NaN
2872;NaN
287208;NaN
287212;NaN
287219;NaN
287231;1.1190797681961553
287236;NaN
287244;NaN
287266;NaN
287270;NaN
287307;NaN
287313;NaN
287322;NaN
287341;NaN
287366;NaN
287377;-2.1458079408396227
287380;NaN
287454;NaN
28746;NaN
287461;NaN
287477;3.3095071961606606
287534;NaN
287538;NaN
287587;NaN
287608;NaN
287646;NaN
287667;NaN
287682;NaN
2877;NaN
287738;0.0
287762;NaN
287790;-0.9654843940617219
287802;NaN
287814;NaN
287828;NaN
287838;NaN
287847;6.613135431054765
287860;3.459781031893834
287886;NaN
287895;NaN
287940;NaN
287960;NaN
287965;NaN
287981;NaN
287986;NaN
287988;NaN
288008;NaN
288021;NaN
288045;NaN
288072;2.791427959889798
288131;NaN
288166;NaN
288180;NaN
288191;NaN
28820;NaN
288204;NaN
288230;NaN
288259;NaN
288266;NaN
288278;3.652959552736161
288289;NaN
288316;NaN
288362;NaN
288369;NaN
288381;NaN
288394;NaN
288396;NaN
288403;NaN
288407;NaN
288426;NaN
288437;NaN
288454;NaN
288471;NaN
288479;NaN
2885;2.420911334537454
288542;NaN
288553;NaN
288576;NaN
288589;-4.312852020643527
288599;5.123400327139569
288620;NaN
288635;NaN
288654;NaN
288664;NaN
288747;NaN
288779;0.0
28882;NaN
288826;NaN
288832;2.506645178664585
28884;NaN
288851;NaN
288854;NaN
288915;0.6804190969311557
288936;NaN
288952;NaN
288959;0.7633099795556471
288965;NaN
289008;NaN
28902;NaN
289022;NaN
28903;NaN
289031;NaN
289038;NaN
289047;NaN
289062;NaN
28907;NaN
289074;NaN
289087;NaN
289111;NaN
28912;NaN
289155;NaN
289179;NaN
289186;NaN
289189;NaN
289215;NaN
28922;NaN
289245;NaN
289246;NaN
289305;NaN
289310;NaN
28935;NaN
289358;NaN
289361;NaN
289390;NaN
289408;NaN
289457;NaN
289461;NaN
289473;NaN
289474;NaN
28949;NaN
289520;NaN
289537;NaN
289551;NaN
289562;NaN
289564;NaN
289570;NaN
289589;-0.40778574453960964
289593;-0.848145549584383
289628;NaN
289647;NaN
289658;NaN
289660;NaN
289666;NaN
289670;NaN
289730;0.0
289732;NaN
289736;NaN
289742;NaN
289751;NaN
289762;NaN
289821;NaN
289835;NaN
289848;NaN
289851;NaN
28989;NaN
28993;NaN
289966;NaN
289967;NaN
289995;NaN
290006;NaN
290024;NaN
29006;NaN
290073;NaN
290091;NaN
290118;NaN
29013;NaN
290171;NaN
290192;NaN
290196;NaN
290199;NaN
290266;NaN
29030;NaN
290302;NaN
29031;NaN
290321;NaN
290367;NaN
290386;NaN
29039;NaN
290435;NaN
290438;NaN
290442;0.4900003835529416
290445;NaN
290501;NaN
290526;NaN
290531;NaN
290556;NaN
290586;NaN
290591;NaN
290601;NaN
290648;NaN
290668;NaN
290671;NaN
290676;NaN
290680;NaN
290683;NaN
290697;NaN
290702;NaN
290718;NaN
290743;0.4072169286158194
290747;NaN
29076;NaN
290790;NaN
290816;NaN
290825;NaN
290830;NaN
290856;NaN
290886;NaN
290887;NaN
290891;NaN
290904;NaN
290928;NaN
290957;NaN
290969;NaN
290974;NaN
290979;NaN
290985;NaN
291013;NaN
291026;NaN
291080;NaN
291082;NaN
29111;0.0
291128;NaN
29113;NaN
291139;NaN
291167;NaN
291172;NaN
29123;NaN
291249;NaN
291285;NaN
291294;NaN
29133;NaN
291342;5.285249656816699
291347;NaN
291373;NaN
291381;0.21444485966321392
291384;NaN
291425;NaN
291567;1.4134289156176352
291571;NaN
291572;NaN
291624;6.538440040443078
291631;NaN
291692;NaN
29170;NaN
291706;NaN
291713;NaN
291736;NaN
29176;NaN
291780;NaN
291792;0.09663797817675346
291805;NaN
291829;NaN
29184;-0.7828863121419412
291847;NaN
291853;NaN
291861;NaN
291864;NaN
291891;NaN
291918;NaN
29196;NaN
291961;NaN
291973;NaN
292028;NaN
292063;0.0
292069;NaN
292112;NaN
292139;NaN
292146;NaN
292159;NaN
292188;NaN
292189;NaN
292223;NaN
292252;NaN
292255;NaN
29228;NaN
292283;-1.4755546862229167
292312;NaN
29232;NaN
292326;NaN
292340;-0.5347553820887938
292357;NaN
292398;NaN
292406;NaN
292479;NaN
29249;NaN
292500;NaN
292508;NaN
292512;NaN
292514;NaN
292540;NaN
292542;NaN
292546;NaN
292555;NaN
292559;0.30142754634947333
292563;NaN
292569;-0.7193320095298923
292577;NaN
292588;NaN
29261;NaN
292616;NaN
29264;NaN
292647;NaN
292668;1.5400186101252786
292669;NaN
292683;2.050932847343794
292710;NaN
292726;NaN
292727;NaN
292756;NaN
292777;6.568279782310096
292805;NaN
292814;NaN
292826;NaN
292854;NaN
292865;NaN
292871;NaN
292874;NaN
292912;NaN
292926;-2.041285756128803
29295;NaN
292955;NaN
292959;NaN
292978;NaN
292980;NaN
293004;NaN
293011;NaN
293023;NaN
293044;NaN
293049;NaN
293051;NaN
293060;NaN
293064;NaN
293166;6.57596113156016
293169;NaN
293181;NaN
293192;NaN
293208;NaN
293221;NaN
293235;-1.5780445142575343
293236;NaN
293261;NaN
293312;NaN
293313;NaN
293328;3.1066822388274895
29334;0.7261837281175627
293343;-3.984770791844089
293349;NaN
293360;NaN
293370;NaN
293371;NaN
293375;NaN
29338;NaN
293386;1.364573012126022
2934;NaN
293419;NaN
293450;NaN
293474;NaN
293541;NaN
293544;NaN
293545;NaN
293558;NaN
293563;NaN
293592;NaN
293595;NaN
293672;3.6433365621550498
293726;NaN
293735;NaN
293740;NaN
293764;NaN
293833;19.027396695223654
293838;NaN
29384;NaN
293878;NaN
293888;NaN
293896;NaN
293909;NaN
293912;NaN
293967;NaN
293969;NaN
294002;NaN
294022;NaN
294038;NaN
29405;NaN
294071;-0.15785473026999197
29408;NaN
294153;NaN
294163;NaN
29417;NaN
294170;NaN
294171;-1.1749524205441355
294212;NaN
294222;NaN
29424;NaN
294254;NaN
294276;NaN
294312;NaN
294319;NaN
294333;NaN
294349;NaN
29435;NaN
294351;NaN
294369;NaN
2944;NaN
294402;NaN
294421;NaN
294438;NaN
294451;NaN
294457;NaN
294476;NaN
294487;NaN
294492;NaN
294502;NaN
294503;0.7277982845245567
294509;0.0
294512;NaN
294574;NaN
294621;NaN
294625;NaN
294640;NaN
294664;NaN
294672;3.152702086360751
294681;NaN
294714;0.0
294728;NaN
29473;2.1972467291892386
294739;NaN
294744;NaN
294757;NaN
29476;NaN
294762;NaN
294784;NaN
294797;NaN
294800;-2.1827121346473786
294848;NaN
294851;NaN
29486;NaN
294884;NaN
294892;NaN
294939;NaN
294984;NaN
294990;NaN
295014;NaN
295044;NaN
295060;0.0
295075;NaN
295099;NaN
295128;NaN
295140;6.8088780771345165
295149;NaN
295173;NaN
295207;8.328016645384048
295210;NaN
295245;NaN
29527;NaN
295271;NaN
295278;NaN
295303;NaN
295331;NaN
295363;NaN
295383;NaN
295392;NaN
295404;NaN
29544;NaN
295482;NaN
295487;NaN
29550;NaN
295518;NaN
295523;NaN
295527;NaN
295544;NaN
295551;NaN
295557;NaN
29557;NaN
295622;NaN
295631;NaN
295658;2.76773460677724
295664;NaN
295673;NaN
295703;NaN
295709;NaN
295759;NaN
295850;NaN
295853;NaN
295855;NaN
295857;NaN
295859;NaN
295875;NaN
295888;NaN
295900;NaN
295922;NaN
295937;NaN
29594;0.0
295967;NaN
296010;NaN
296012;NaN
29602;NaN
296027;NaN
296054;NaN
296058;NaN
29607;NaN
296073;NaN
296117;-3.7171728764925316
296119;NaN
296139;NaN
296162;NaN
296183;NaN
296186;NaN
296187;NaN
296193;NaN
29621;NaN
296218;NaN
29623;-0.9747453483274888
29624;NaN
29626;NaN
296304;NaN
296317;-3.3865374110014823
296329;NaN
296347;NaN
296361;NaN
296431;NaN
296432;NaN
296461;NaN
296478;NaN
296488;NaN
296507;NaN
296538;NaN
296548;NaN
296560;NaN
296569;NaN
296572;NaN
296592;NaN
296606;NaN
296608;NaN
296626;0.0
296638;NaN
29665;NaN
296665;NaN
296671;NaN
296683;NaN
296723;NaN
296725;NaN
29674;NaN
296743;NaN
296757;NaN
296774;NaN
296779;NaN
296780;NaN
2968;NaN
296820;NaN
296837;NaN
296841;NaN
296850;NaN
296926;NaN
29693;1.41992279090438
296934;NaN
296942;NaN
296944;NaN
296946;NaN
296970;NaN
297028;NaN
297034;NaN
297056;NaN
297072;NaN
297092;NaN
29713;NaN
297144;-1.4115076014286898
29715;NaN
297173;NaN
297174;NaN
297176;NaN
297178;NaN
297191;NaN
297229;NaN
297260;NaN
297294;NaN
297302;NaN
29734;1.8480467816468864
29736;NaN
297365;NaN
297378;2.862766310465662
297394;NaN
297410;NaN
297411;NaN
297419;NaN
297430;NaN
297433;NaN
297435;NaN
297469;NaN
297486;NaN
297495;NaN
2975;NaN
297505;NaN
297543;NaN
297546;NaN
297587;NaN
297589;NaN
297596;NaN
297605;NaN
297680;NaN
297712;NaN
297739;NaN
297746;NaN
29775;NaN
297813;NaN
297831;NaN
297835;NaN
297843;NaN
297845;NaN
29785;NaN
29786;NaN
297864;NaN
297865;NaN
297943;NaN
297988;NaN
298000;NaN
298025;NaN
298029;-2.345644831164032
298046;NaN
298061;NaN
298073;NaN
298090;NaN
298102;NaN
298120;NaN
298138;NaN
298159;NaN
298166;NaN
29818;NaN
298225;NaN
298250;4.36342690998571
298283;2.1604829002297814
298285;NaN
298288;NaN
298346;NaN
29835;NaN
298382;NaN
298386;NaN
29839;NaN
298394;NaN
298399;NaN
298403;NaN
298512;NaN
29853;NaN
298577;NaN
298625;NaN
298639;NaN
29869;NaN
298694;NaN
298736;NaN
298753;NaN
298765;NaN
298788;NaN
298791;NaN
298798;NaN
298814;NaN
29883;NaN
298852;NaN
298859;NaN
298936;NaN
298948;NaN
298949;NaN
298960;NaN
298967;NaN
299003;NaN
29901;NaN
299014;NaN
299019;NaN
299021;NaN
299023;NaN
299031;NaN
299048;-1.860216298538813
29905;NaN
299063;NaN
299075;5.486622166946568
299099;NaN
299103;NaN
299124;NaN
299134;NaN
299137;NaN
299148;NaN
299158;NaN
299170;NaN
299186;NaN
299190;NaN
299202;NaN
299204;NaN
299208;NaN
29925;NaN
299262;NaN
299288;NaN
299300;NaN
299317;NaN
299327;NaN
299352;NaN
299402;11.56704366994494
299406;NaN
299414;0.0
299425;NaN
299428;NaN
299456;NaN
2995;NaN
299509;NaN
299542;NaN
299552;NaN
2996;NaN
299611;NaN
299671;NaN
299739;NaN
299866;NaN
299870;NaN
299905;NaN
299917;NaN
299922;NaN
299932;NaN
299940;NaN
299949;NaN
299952;NaN
299954;NaN
299965;NaN
299968;NaN
299979;NaN
299990;0.0
300014;NaN
300036;NaN
300051;NaN
300054;NaN
300078;NaN
300083;NaN
300089;NaN
300097;NaN
30013;NaN
300151;NaN
300167;NaN
300168;NaN
300173;NaN
30020;NaN
300207;NaN
300208;NaN
300229;NaN
300236;NaN
300243;NaN
300252;NaN
300311;NaN
300313;NaN
300327;NaN
300334;NaN
300336;NaN
300349;NaN
300357;NaN
300358;NaN
300372;NaN
300431;NaN
300451;NaN
300460;NaN
300478;NaN
300524;NaN
300527;-4.255251140186673
300545;NaN
30060;NaN
3007;NaN
300727;-4.5515409450374005
300740;NaN
300751;NaN
300755;NaN
300767;NaN
300777;NaN
300779;NaN
300780;1.8342702988103394
300799;NaN
30083;5.211600461649681
300839;NaN
30087;NaN
300876;NaN
300888;NaN
300909;NaN
300927;NaN
300983;NaN
300988;NaN
301;NaN
301008;NaN
301010;NaN
301026;NaN
301031;NaN
301051;NaN
301062;NaN
301081;NaN
301106;NaN
301110;6.422949796307545
301112;NaN
301122;0.36535193439548586
301132;NaN
301138;NaN
301156;NaN
301173;NaN
301180;NaN
301195;NaN
301208;NaN
301210;NaN
301222;NaN
301223;NaN
301233;NaN
301234;NaN
301262;NaN
301274;NaN
301288;NaN
301289;NaN
301291;NaN
301298;NaN
301302;NaN
30133;NaN
301334;NaN
30135;NaN
301357;0.0
301381;NaN
301390;NaN
301441;NaN
301518;NaN
301565;NaN
301570;NaN
3016;NaN
301622;NaN
301629;NaN
301714;NaN
301756;NaN
301786;NaN
30185;NaN
301851;NaN
30186;NaN
301896;NaN
301936;NaN
301938;-1.009332841583084
30194;NaN
301952;NaN
301957;NaN
301966;NaN
301982;NaN
302007;NaN
302014;NaN
302027;NaN
302094;NaN
302102;NaN
302106;NaN
302135;NaN
30214;NaN
302146;NaN
302159;NaN
30216;NaN
302213;NaN
302216;NaN
302225;NaN
302265;NaN
302266;NaN
3023;NaN
302309;NaN
302374;NaN
302379;NaN
30239;NaN
302399;2.989364031101788
302405;NaN
302415;NaN
302422;NaN
302436;NaN
30244;NaN
302441;NaN
30247;NaN
302478;NaN
302488;NaN
302508;NaN
302540;NaN
302541;NaN
302545;NaN
302581;NaN
302582;NaN
302601;NaN
302605;NaN
302612;NaN
302613;NaN
302633;NaN
302646;NaN
302652;NaN
30266;NaN
302689;NaN
302737;NaN
302813;NaN
302834;NaN
302844;NaN
302921;NaN
302953;NaN
302962;NaN
30297;NaN
302975;NaN
302978;NaN
303006;-2.5529524472843956
303020;NaN
303054;NaN
303063;NaN
303065;NaN
303068;NaN
303072;NaN
303083;5.725287373813567
303084;NaN
30309;NaN
303112;NaN
303120;1.2568943983429306
303165;NaN
303189;NaN
303207;NaN
303246;-0.23684562665243825
303264;NaN
303309;NaN
30331;NaN
30332;NaN
303341;NaN
303352;NaN
303373;-2.9102394789995922
303384;NaN
303425;NaN
303447;NaN
303462;NaN
303479;NaN
303487;NaN
303496;NaN
303498;NaN
303504;NaN
303521;NaN
303559;NaN
303584;NaN
303591;NaN
303604;NaN
30361;NaN
303618;NaN
303625;NaN
303628;6.745540024917397
303632;NaN
30364;NaN
303645;NaN
303689;NaN
303696;NaN
303723;-2.399848451860489
303727;NaN
303751;NaN
303768;3.4203234665928433
303784;NaN
303800;NaN
303810;NaN
303812;NaN
303823;NaN
303848;NaN
303850;NaN
303855;NaN
303865;NaN
303886;NaN
303904;NaN
303922;NaN
303939;NaN
303955;NaN
303973;NaN
303990;NaN
303999;-0.12214919166730542
304027;3.0063089862815957
30406;NaN
304088;NaN
304090;NaN
304102;NaN
304111;6.1667280392202946
304137;NaN
304166;NaN
304178;-6.546277315987728
304180;NaN
304210;NaN
304245;NaN
304268;NaN
304270;NaN
304273;NaN
304286;NaN
304305;0.10300286033379313
304337;NaN
304346;NaN
304361;NaN
30438;NaN
304399;NaN
304424;NaN
304451;NaN
304522;NaN
304523;NaN
304535;0.17437952226166376
30458;NaN
304583;NaN
304605;NaN
304623;NaN
304668;NaN
30469;NaN
304692;NaN
304700;NaN
304707;NaN
30471;0.40757878832039285
304733;NaN
304784;NaN
304792;NaN
304825;NaN
304849;NaN
304852;NaN
304863;NaN
30489;NaN
304918;NaN
30492;NaN
304996;NaN
305018;NaN
305037;-2.4919870889162894
305039;NaN
305042;NaN
305049;NaN
305077;NaN
305081;NaN
305108;NaN
305113;NaN
305120;NaN
305133;NaN
305146;NaN
305147;2.86670849967747
305151;NaN
305181;NaN
305189;NaN
305195;NaN
305197;-0.25149640693061626
305199;NaN
305204;NaN
305214;NaN
30523;NaN
305238;NaN
305272;NaN
305304;NaN
305306;NaN
305339;NaN
305340;NaN
305363;1.5899612530560274
305368;NaN
305393;NaN
305395;NaN
305400;-5.675881297155774
30542;NaN
305422;NaN
305451;NaN
305477;NaN
305493;NaN
305500;NaN
305524;NaN
305525;0.8876487000792683
305549;NaN
305555;NaN
305556;NaN
305587;-2.306031060395517
305593;NaN
305610;NaN
305613;NaN
305624;NaN
305628;NaN
305645;NaN
305654;NaN
305677;NaN
305679;-6.845613879076591
305698;NaN
305708;NaN
305729;NaN
305739;NaN
305759;NaN
305762;NaN
305769;NaN
30577;NaN
305772;NaN
305786;NaN
30579;NaN
305790;-4.477192531935932
305801;NaN
305847;NaN
305871;NaN
305886;NaN
305889;NaN
305912;NaN
305927;NaN
305952;NaN
305972;NaN
305977;NaN
306;NaN
306015;NaN
306028;NaN
306038;NaN
306047;NaN
306054;1.3781161392001218
306059;NaN
306062;NaN
306085;1.69731833383419
30611;NaN
306132;5.14916915411231
306142;NaN
306146;NaN
306149;NaN
306153;NaN
306163;NaN
306176;NaN
306183;NaN
306193;NaN
306215;NaN
306219;NaN
306238;NaN
306261;NaN
306265;NaN
306271;NaN
306309;NaN
306310;NaN
306313;NaN
30636;NaN
306363;NaN
30639;NaN
306406;NaN
306410;NaN
30643;NaN
306439;NaN
30646;NaN
306477;NaN
30650;NaN
306508;NaN
30653;NaN
306530;NaN
306562;NaN
306565;NaN
306628;NaN
306632;NaN
30666;NaN
306730;NaN
306733;NaN
30676;NaN
306799;NaN
306832;NaN
306833;NaN
30684;NaN
306858;NaN
306871;NaN
306885;NaN
306914;NaN
306918;1.4573083560062545
30692;NaN
30696;NaN
306993;NaN
30700;3.246460176090541
307005;NaN
307013;NaN
307022;NaN
307051;NaN
307071;NaN
307110;NaN
307124;NaN
307126;NaN
307130;NaN
307165;NaN
307173;NaN
307191;NaN
307194;NaN
307195;NaN
307201;NaN
307202;NaN
307230;NaN
307253;NaN
307266;0.0
307275;NaN
307280;NaN
307292;-2.3268537590512484
307297;NaN
3073;NaN
307301;NaN
307315;-4.718750112221165
307322;NaN
307356;NaN
307376;NaN
30739;NaN
307444;NaN
307446;NaN
307447;NaN
307449;NaN
30745;NaN
307493;5.46728437791094
307531;-4.062357547551468
307547;NaN
307601;NaN
307605;NaN
307647;NaN
307673;0.0
307679;NaN
307683;NaN
307684;NaN
307704;2.638675696965146
30772;NaN
307731;NaN
307783;1.4669749939983066
307802;NaN
307815;NaN
307837;NaN
307861;NaN
307888;NaN
307937;NaN
307940;NaN
307944;NaN
307974;NaN
308022;NaN
308033;NaN
308083;NaN
308086;-0.19229769860268453
308115;NaN
308142;NaN
308190;NaN
3082;4.941545627667883
308228;NaN
308240;NaN
308268;NaN
308275;NaN
308281;NaN
308287;6.4116427489647165
308349;NaN
308364;NaN
308384;0.0
308424;NaN
308437;NaN
308441;NaN
308495;NaN
308505;NaN
30851;NaN
308511;NaN
308554;NaN
308562;NaN
308568;NaN
308574;NaN
308587;NaN
30859;NaN
308624;NaN
308628;NaN
308633;NaN
308644;NaN
308679;NaN
308709;2.859032445714136
308742;NaN
308772;NaN
308777;NaN
308778;NaN
30878;NaN
308786;NaN
308813;NaN
308840;5.5302600901690475
308859;NaN
30887;NaN
308870;NaN
308875;NaN
308880;NaN
308895;NaN
308902;NaN
308933;0.0
308940;NaN
308964;NaN
309002;NaN
309014;NaN
309016;NaN
309018;NaN
309034;NaN
309040;NaN
309073;NaN
309080;NaN
30910;5.428969936211667
309125;NaN
309189;NaN
309199;NaN
309229;NaN
309230;NaN
309256;3.0688634893357394
309259;NaN
309265;NaN
309301;NaN
309307;NaN
309322;NaN
309323;NaN
30933;NaN
309350;NaN
309356;NaN
309381;NaN
309382;NaN
309430;NaN
309456;NaN
309461;NaN
309467;NaN
309471;NaN
309476;NaN
309485;NaN
309496;NaN
309513;NaN
309517;NaN
309518;NaN
309531;NaN
309557;NaN
309604;NaN
309607;-0.18648901268529627
309652;NaN
309694;NaN
309698;3.778810010877118
309749;NaN
309757;NaN
309850;NaN
309857;NaN
309864;NaN
309870;NaN
3099;NaN
309911;NaN
30992;NaN
309925;NaN
309937;NaN
309949;NaN
310043;NaN
310063;NaN
310095;NaN
310110;-0.4267886867723414
310151;NaN
310208;NaN
31026;NaN
310296;NaN
310303;NaN
310318;NaN
310319;2.136614256027763
310327;NaN
310369;NaN
310370;NaN
310389;NaN
310418;NaN
310422;NaN
310448;NaN
310449;NaN
310468;NaN
310474;NaN
310480;NaN
310622;NaN
310645;NaN
310699;NaN
310752;NaN
310829;NaN
310837;NaN
310846;NaN
310866;NaN
310882;NaN
310883;1.6288016170973398
310890;NaN
3109;NaN
310936;NaN
310939;NaN
31095;NaN
311;NaN
311005;NaN
311007;NaN
311020;NaN
311025;NaN
311053;NaN
311094;NaN
311102;NaN
311115;NaN
31112;NaN
311129;NaN
31117;-2.5451145888364604
311175;NaN
311182;NaN
311185;1.070185477517144
311191;NaN
311217;0.5186409292685434
311221;NaN
31128;NaN
311294;NaN
311310;NaN
311315;NaN
311335;NaN
31134;NaN
311367;NaN
311389;NaN
311424;NaN
311453;NaN
311474;NaN
311492;NaN
311497;NaN
311503;NaN
31155;NaN
311550;NaN
311552;NaN
311564;NaN
311567;NaN
311571;NaN
311598;-1.9146484343865953
311637;NaN
311670;NaN
311675;NaN
311690;NaN
311701;NaN
311732;NaN
311741;NaN
311770;NaN
311778;NaN
311781;NaN
311804;NaN
311825;NaN
311849;NaN
311860;NaN
311875;NaN
311911;NaN
311916;NaN
31195;NaN
312000;NaN
312018;NaN
312045;NaN
312047;NaN
312060;NaN
312093;NaN
31213;NaN
312130;NaN
312149;NaN
312169;NaN
312175;NaN
312198;NaN
312199;NaN
312200;NaN
312205;NaN
31221;NaN
312225;NaN
312226;NaN
312231;NaN
312246;NaN
312280;NaN
312292;NaN
312308;NaN
312309;NaN
312336;NaN
312337;NaN
312367;NaN
312394;NaN
312420;NaN
312455;NaN
312460;NaN
312520;NaN
312542;NaN
312565;NaN
312567;NaN
312660;NaN
312667;NaN
312698;NaN
31271;NaN
312737;NaN
312744;NaN
312752;NaN
312755;NaN
312833;NaN
312874;NaN
312881;NaN
312883;NaN
31291;NaN
312928;NaN
312952;NaN
312959;3.661944160685637
312992;NaN
312997;NaN
313001;NaN
313004;0.0
313011;NaN
313013;NaN
313017;NaN
313106;NaN
313123;NaN
313188;NaN
313200;NaN
313220;NaN
313236;NaN
313253;NaN
313268;-2.3680978685068563
313284;NaN
313328;NaN
313330;NaN
313391;NaN
313397;-2.6082138160018467
31340;NaN
313418;5.341928239591413
313420;NaN
313448;NaN
313466;NaN
313470;NaN
313482;NaN
313493;NaN
313506;NaN
313512;NaN
313515;NaN
313524;NaN
313534;NaN
31355;NaN
313556;-2.8996428991194687
31356;NaN
313578;NaN
313617;NaN
313626;NaN
313655;NaN
313656;NaN
313676;NaN
313682;-1.909477313599775
313703;NaN
313722;NaN
313765;NaN
313797;NaN
313798;NaN
313800;NaN
313813;NaN
313818;NaN
313823;NaN
313824;NaN
313832;NaN
313856;-0.05854032477852855
313886;NaN
313897;NaN
3139;NaN
313901;NaN
313904;NaN
313947;NaN
31396;1.2442684965322546
313988;NaN
314037;NaN
314050;NaN
314056;NaN
314111;NaN
314129;NaN
314133;NaN
314190;NaN
314258;NaN
314259;NaN
314267;NaN
314273;6.249452556662012
314312;NaN
314314;NaN
31432;NaN
31433;NaN
314351;NaN
314369;NaN
314401;NaN
314411;NaN
314417;NaN
314435;0.30316101039748466
314464;0.0
31449;NaN
314517;NaN
314566;NaN
314646;NaN
314651;NaN
314679;NaN
314698;NaN
314699;NaN
314703;0.0
314714;NaN
31476;NaN
314772;NaN
314784;-0.14829398476509326
314804;1.1686005842411935
314814;NaN
314815;NaN
314848;NaN
314933;NaN
314944;NaN
314947;NaN
315001;NaN
315035;NaN
315083;-0.6764809054359731
315119;NaN
315145;NaN
315158;NaN
315182;NaN
315189;NaN
315204;NaN
315233;NaN
315279;NaN
315292;NaN
315297;-0.35639559737428583
315302;NaN
315324;NaN
315352;NaN
315390;NaN
315402;NaN
315420;NaN
315447;NaN
315489;NaN
315506;0.0
315507;7.274871192044122
315532;NaN
315558;NaN
315583;NaN
315590;NaN
31561;NaN
315628;NaN
315667;NaN
315669;NaN
315673;NaN
315684;NaN
315699;NaN
315706;NaN
315726;NaN
315731;NaN
315732;-4.579561816664437
315742;NaN
31575;NaN
315760;NaN
315762;NaN
315801;NaN
315808;NaN
315809;NaN
315866;NaN
31587;NaN
315900;NaN
315914;NaN
31592;NaN
315924;NaN
315927;NaN
315955;NaN
315966;NaN
315978;NaN
315983;NaN
315996;NaN
315998;NaN
316033;NaN
316054;NaN
316083;NaN
316089;NaN
316093;NaN
316099;NaN
316132;NaN
316169;NaN
316176;NaN
316200;NaN
316264;NaN
316265;NaN
316271;NaN
316284;NaN
316285;NaN
316325;NaN
316341;0.0
316352;NaN
316381;NaN
316383;NaN
316395;NaN
316457;NaN
316469;NaN
31647;NaN
316479;NaN
316484;1.5743920540854976
316486;NaN
316489;NaN
316515;NaN
316528;NaN
316533;NaN
316545;NaN
316550;NaN
316553;NaN
316554;NaN
316571;-1.9844721037102495
316593;NaN
316600;NaN
316612;NaN
316632;NaN
316646;NaN
316663;NaN
31668;NaN
316682;NaN
316683;9.101042755245839
316714;NaN
31672;NaN
316724;NaN
316765;NaN
316781;NaN
316782;NaN
316807;NaN
316827;NaN
316840;NaN
316872;NaN
316890;NaN
316906;6.031292224226869
316924;NaN
316941;NaN
316960;NaN
316998;8.781886249614967
317018;8.552361874160642
317020;NaN
31706;NaN
317069;NaN
317082;NaN
317099;NaN
317121;NaN
317135;NaN
317143;NaN
317145;NaN
317149;NaN
317155;NaN
317173;NaN
317232;NaN
317237;NaN
317260;NaN
317265;-2.565219906526277
317295;NaN
317300;NaN
317323;NaN
317334;NaN
317338;NaN
317356;NaN
317414;7.587236591582772
317430;NaN
317469;NaN
317481;NaN
317487;NaN
317526;NaN
317558;NaN
317567;NaN
317594;4.935833326567332
317609;NaN
317643;NaN
317704;NaN
317726;NaN
317739;NaN
317754;-0.9126069830173235
317758;NaN
317761;NaN
317824;NaN
317897;NaN
317904;NaN
317905;NaN
317915;NaN
317945;NaN
317951;NaN
317952;NaN
318010;NaN
318060;NaN
318074;NaN
318098;NaN
318157;NaN
318171;NaN
318186;NaN
318195;NaN
318243;0.0
318260;NaN
318275;NaN
318299;NaN
318304;-3.540642207317598
318327;NaN
318341;NaN
318353;NaN
318355;NaN
318378;NaN
318386;NaN
318400;NaN
318401;NaN
318441;NaN
31845;NaN
318468;NaN
318527;NaN
31858;NaN
318587;NaN
318609;0.6558217877137279
318624;NaN
31863;NaN
318684;NaN
318704;NaN
318717;NaN
318734;NaN
318740;NaN
318749;2.9077910642866045
318754;NaN
318774;NaN
318776;NaN
31881;NaN
31882;NaN
318834;NaN
318841;NaN
318846;NaN
318857;NaN
318875;NaN
318892;NaN
318898;NaN
318905;NaN
318912;NaN
318918;NaN
318925;NaN
318959;NaN
318974;NaN
318975;NaN
318991;7.342136791167336
3190;NaN
319020;NaN
319056;4.3264633882586425
319060;NaN
319069;NaN
319092;NaN
319122;NaN
319159;NaN
319183;NaN
319190;NaN
319200;NaN
319209;NaN
319233;NaN
319234;NaN
319235;NaN
319238;NaN
319278;NaN
319279;NaN
319283;NaN
319324;0.0
319343;NaN
319349;NaN
319350;11.68154769155622
319353;NaN
319377;NaN
319380;NaN
319384;NaN
319388;NaN
319424;0.8547406857089628
319435;NaN
319440;NaN
319472;NaN
319484;NaN
319486;NaN
319488;NaN
319503;NaN
319513;7.362761031235888
319516;0.03370413205653833
319518;NaN
319554;NaN
319583;NaN
319640;NaN
319650;NaN
319675;NaN
319676;NaN
319687;NaN
3197;NaN
31970;NaN
319707;NaN
319838;0.7217891795971579
319852;NaN
31986;NaN
319924;NaN
31994;NaN
319954;NaN
319963;NaN
319975;NaN
319982;NaN
319989;NaN
31999;NaN
319990;NaN
320002;NaN
320003;NaN
320020;NaN
320034;NaN
320081;NaN
320161;NaN
320182;NaN
320208;NaN
320217;NaN
320228;NaN
320234;0.0
320238;NaN
320250;NaN
320268;NaN
320284;NaN
320293;NaN
320305;NaN
320306;3.6537822501060937
320317;NaN
320370;NaN
32038;NaN
320422;NaN
320428;NaN
320432;0.0
320458;0.10771729667843127
320486;NaN
320511;NaN
320550;NaN
320619;0.9692000159613061
320629;NaN
320637;NaN
320658;6.171001870403831
320683;NaN
32070;NaN
320719;NaN
320727;-0.4885382699855021
320767;NaN
320778;NaN
320794;NaN
320834;NaN
320840;NaN
320894;NaN
320896;NaN
320909;NaN
320911;NaN
320926;NaN
320933;NaN
320936;NaN
320945;NaN
320967;NaN
320975;NaN
321005;4.726412163128973
321016;NaN
321017;6.583877772478033
321020;NaN
321041;NaN
321045;NaN
321078;NaN
321116;NaN
321121;NaN
321124;NaN
321138;NaN
321147;NaN
321163;NaN
321199;NaN
321236;NaN
321257;NaN
321287;NaN
321314;NaN
321320;6.664526288726861
321323;NaN
321347;NaN
321378;NaN
321384;NaN
321394;NaN
321409;NaN
321414;NaN
32146;NaN
32148;NaN
321524;NaN
32155;NaN
321579;NaN
321582;NaN
321588;NaN
3216;NaN
321605;NaN
321636;11.496209939277126
321645;NaN
32165;NaN
321665;NaN
321666;NaN
321683;NaN
32169;NaN
321707;NaN
321740;NaN
321744;NaN
321778;NaN
321781;NaN
321784;NaN
321824;NaN
321851;NaN
321853;NaN
321854;NaN
321860;NaN
321866;NaN
321879;NaN
321915;1.445211754294668
321923;NaN
321935;NaN
321962;NaN
321979;NaN
321990;NaN
321999;4.715954264810549
322015;NaN
322016;NaN
322026;NaN
322085;NaN
322100;NaN
322133;NaN
322137;0.35881228626738326
322164;2.806006267555998
322179;NaN
322189;NaN
322246;0.4428937456792994
322251;NaN
322258;NaN
322280;NaN
322299;-1.0495499443762135
322307;NaN
322308;NaN
322316;NaN
322321;NaN
322366;NaN
322417;NaN
32248;NaN
322497;NaN
322530;NaN
322573;NaN
322605;NaN
322607;NaN
322636;NaN
32264;NaN
322640;NaN
322644;NaN
322714;NaN
322716;8.367691203937675
322769;NaN
322784;NaN
322799;NaN
322817;6.2895968593122
32282;NaN
32284;NaN
322845;3.131240053133812
322870;NaN
322882;NaN
322885;NaN
322959;2.1375559818073655
322979;NaN
322995;NaN
323033;NaN
323064;NaN
323083;NaN
323086;-2.701971047573975
323089;NaN
32309;NaN
323110;NaN
323159;NaN
323185;NaN
323193;NaN
323205;NaN
32322;NaN
323226;NaN
323228;NaN
323234;NaN
323248;NaN
323266;NaN
32327;NaN
323281;NaN
323341;NaN
323351;NaN
323387;NaN
32339;3.791588680380795
323393;NaN
323416;NaN
323463;0.0
323500;NaN
323526;NaN
323532;NaN
323561;NaN
323586;NaN
323588;NaN
323601;NaN
323617;NaN
323674;NaN
323675;NaN
323677;NaN
323705;NaN
323707;NaN
32371;NaN
323714;NaN
323717;NaN
323724;NaN
323763;NaN
323766;NaN
32378;NaN
323797;NaN
323819;NaN
32383;NaN
323857;NaN
323864;NaN
323883;NaN
323901;NaN
323902;NaN
323928;NaN
32393;NaN
323933;NaN
323947;NaN
32395;NaN
323951;NaN
323961;NaN
323963;NaN
323974;1.4182600564369943
323998;NaN
32400;NaN
324001;NaN
324035;NaN
324036;NaN
324071;NaN
324120;5.919472158652669
324135;-0.9157617563553903
324145;NaN
324175;NaN
324188;NaN
3242;NaN
32420;NaN
324200;NaN
324215;NaN
324236;NaN
324246;NaN
324247;NaN
324292;NaN
324301;NaN
324314;NaN
324342;NaN
324393;NaN
324402;NaN
324408;NaN
324426;NaN
324428;NaN
324435;NaN
324466;NaN
32451;-0.9027619190332323
324542;NaN
324557;NaN
324571;NaN
32462;NaN
324641;NaN
324649;NaN
32468;NaN
324702;NaN
324703;NaN
324724;NaN
324758;0.9729856467510749
324759;NaN
324764;NaN
324798;NaN
324804;NaN
324829;NaN
324838;NaN
324845;NaN
324859;NaN
324862;NaN
324886;NaN
324896;NaN
324943;NaN
324949;NaN
3250;NaN
325021;NaN
325032;NaN
325038;NaN
325042;11.429639121671066
325043;NaN
325047;NaN
32505;NaN
325107;NaN
325127;NaN
32513;NaN
325158;-2.1016634026628056
325165;NaN
325189;NaN
32522;NaN
325236;NaN
325241;NaN
325246;NaN
325247;NaN
325268;-4.166448432469552
325295;NaN
325349;0.0
325367;NaN
325372;NaN
325375;NaN
325384;NaN
325387;NaN
325388;NaN
325402;NaN
325436;NaN
325462;NaN
325469;NaN
325478;NaN
325526;NaN
325533;NaN
325537;NaN
325546;NaN
325561;NaN
325593;NaN
3256;NaN
325611;NaN
325617;NaN
32565;NaN
32566;NaN
325662;NaN
325667;NaN
325677;NaN
325700;NaN
32571;NaN
325725;NaN
325732;NaN
325737;NaN
325748;NaN
325774;NaN
325829;NaN
325832;NaN
325849;NaN
325864;NaN
325885;NaN
325886;NaN
325917;NaN
325921;NaN
325924;NaN
325949;NaN
325967;NaN
325976;NaN
325992;NaN
326002;NaN
326053;NaN
32607;NaN
326070;NaN
326079;NaN
326081;NaN
326082;NaN
326093;NaN
326125;NaN
32613;NaN
326130;NaN
326140;NaN
32615;NaN
326157;NaN
326187;NaN
326193;NaN
326216;8.879973966191823
326221;NaN
326231;NaN
326237;NaN
326240;NaN
326263;NaN
32629;NaN
326296;NaN
326322;NaN
32634;NaN
326343;NaN
326355;NaN
32641;NaN
326476;0.0
326479;NaN
32648;NaN
32654;NaN
326616;NaN
32662;NaN
32664;NaN
326648;NaN
326661;NaN
326683;NaN
326687;NaN
326702;NaN
326750;NaN
326769;NaN
326804;NaN
326812;NaN
326822;0.0
326823;NaN
326827;NaN
326839;NaN
326872;NaN
326876;NaN
326881;-0.5698184659458998
326890;NaN
326898;NaN
326921;NaN
326922;5.434129268318432
326936;NaN
326937;NaN
326942;NaN
326945;NaN
326956;NaN
32696;3.3975053525742567
326962;NaN
326991;NaN
3270;NaN
327025;NaN
327041;NaN
327045;1.2131646221601509
327127;NaN
327140;NaN
327192;NaN
327234;NaN
327253;NaN
327291;NaN
327296;NaN
327305;-2.4068861358412885
327307;NaN
327332;NaN
327340;NaN
327395;NaN
327398;NaN
327413;NaN
327419;NaN
327437;NaN
327453;NaN
327480;NaN
327500;NaN
327516;NaN
327521;NaN
327543;NaN
327547;NaN
327550;NaN
327570;NaN
327578;NaN
327581;NaN
327616;NaN
32764;NaN
327642;NaN
32768;5.158703629362356
327682;NaN
32769;NaN
327700;NaN
327701;NaN
327707;NaN
327721;NaN
32773;NaN
327756;NaN
327771;NaN
327779;NaN
327786;NaN
327808;0.0
327822;NaN
327873;NaN
32791;NaN
327917;NaN
327929;NaN
327953;NaN
327968;0.0
32797;NaN
328013;NaN
328040;NaN
328047;NaN
328053;NaN
328054;NaN
328094;NaN
3281;NaN
328102;NaN
328116;NaN
328117;NaN
328137;NaN
328146;NaN
32816;NaN
328164;NaN
32818;NaN
328190;NaN
328244;NaN
328263;NaN
328272;NaN
328293;NaN
328334;NaN
328360;NaN
328401;NaN
328432;NaN
328474;NaN
328479;NaN
328483;1.8394762421269548
328497;5.698284994346692
328549;NaN
328556;NaN
328588;NaN
328591;0.0
328599;NaN
328601;8.850971815714523
328608;NaN
328636;NaN
32866;NaN
328660;NaN
328666;NaN
328672;NaN
328684;NaN
328686;NaN
328698;NaN
328710;NaN
328740;NaN
328746;NaN
328757;NaN
32878;1.6005090122775465
328814;NaN
328859;3.6583289279466475
328869;NaN
32887;NaN
328898;NaN
328899;NaN
328903;-0.9359439698549601
328904;NaN
328925;NaN
328966;NaN
328975;NaN
328991;NaN
329000;NaN
329008;NaN
329011;NaN
329019;NaN
329040;NaN
329082;NaN
329093;NaN
329105;NaN
329120;NaN
329155;NaN
32916;NaN
329217;NaN
329224;NaN
329257;NaN
329265;NaN
329340;NaN
329343;NaN
329354;NaN
329367;NaN
329380;NaN
329396;NaN
329400;NaN
329402;7.151692355918922
329415;NaN
32942;NaN
329439;NaN
329478;NaN
329511;NaN
329546;NaN
329553;NaN
32958;NaN
329581;NaN
329606;NaN
329631;NaN
329637;NaN
329659;0.0
329692;2.2183427289772397
329693;NaN
329701;NaN
329705;NaN
329720;NaN
329721;3.9432049452732874
329734;NaN
329751;NaN
329805;NaN
329859;NaN
329883;2.378341352854163
329894;NaN
329915;NaN
329930;NaN
329951;NaN
329989;NaN
330017;NaN
330028;NaN
330035;1.1439336224848555
33004;NaN
330043;NaN
330045;NaN
330057;NaN
330088;NaN
330093;NaN
330103;NaN
33011;NaN
330116;NaN
330143;0.7790601730086746
330162;NaN
330176;NaN
330200;NaN
330203;NaN
330220;-4.103357172646471
330221;NaN
330291;NaN
330339;NaN
330374;NaN
330398;NaN
33040;9.043369702365338
33044;NaN
330449;NaN
330456;NaN
330467;NaN
330474;0.0
330537;NaN
330539;NaN
330548;NaN
330560;NaN
330598;NaN
330647;NaN
330661;NaN
330672;3.310740207749691
330681;NaN
330689;NaN
33069;NaN
330711;NaN
330732;4.910225850720231
330734;NaN
330741;NaN
330745;NaN
330772;NaN
33078;NaN
330812;NaN
330817;NaN
330911;NaN
330915;0.0
330921;NaN
330924;NaN
33093;NaN
330954;NaN
330960;1.8603246999396168
330980;NaN
331069;NaN
331071;NaN
331077;NaN
331100;0.0
331138;NaN
331162;NaN
331173;NaN
331202;NaN
331206;NaN
331258;NaN
331295;NaN
331315;NaN
331319;NaN
331350;NaN
33136;NaN
331398;NaN
331401;NaN
331410;NaN
331415;NaN
331425;NaN
331427;NaN
331434;NaN
331470;NaN
33150;NaN
331524;NaN
331540;NaN
331574;NaN
331596;NaN
331600;NaN
33162;NaN
331630;NaN
331636;NaN
331640;NaN
331653;-4.776405926780923
331665;NaN
331691;NaN
3317;NaN
331716;NaN
331744;NaN
331781;NaN
331798;NaN
331818;NaN
331832;NaN
331873;NaN
331877;7.916683092215821
331915;NaN
331923;0.5461553922139747
331949;NaN
331964;NaN
331966;NaN
331967;NaN
33197;4.619033346127097
3320;NaN
332016;NaN
332024;NaN
332035;NaN
332053;NaN
332056;NaN
332086;NaN
332089;NaN
332094;NaN
332102;NaN
332114;NaN
332116;3.44648793539891
332128;NaN
332142;NaN
332146;NaN
332148;NaN
33216;NaN
332248;NaN
332290;-0.5589209041493721
332297;NaN
332323;NaN
332332;NaN
332334;NaN
332368;NaN
332398;NaN
332400;NaN
332401;NaN
332405;NaN
332477;NaN
332531;0.4184873342692983
332537;NaN
332548;NaN
332552;NaN
332578;NaN
332596;NaN
332601;NaN
332607;NaN
332617;NaN
332619;-2.7738645118632324
332663;NaN
332691;NaN
332699;NaN
332707;NaN
332715;NaN
332740;0.2012698203939567
332741;NaN
332757;NaN
332772;NaN
332785;NaN
332802;NaN
332816;NaN
332835;NaN
332837;NaN
332841;NaN
332842;NaN
332873;NaN
332900;NaN
33295;NaN
332951;NaN
332986;2.3375950257434197
332988;NaN
333006;NaN
33301;NaN
333018;NaN
333030;NaN
333043;NaN
333124;NaN
333125;NaN
333177;NaN
333187;NaN
333196;NaN
333205;NaN
333210;0.08874221733918786
333236;NaN
333242;NaN
333264;NaN
333275;NaN
33330;9.760327437029156
333328;NaN
333349;NaN
333362;NaN
333376;NaN
333378;NaN
33338;NaN
333396;NaN
333449;NaN
333451;NaN
33348;NaN
333484;-0.7013506623443166
333500;NaN
333512;NaN
333513;NaN
333528;NaN
333581;NaN
333590;NaN
333603;NaN
333608;NaN
333622;NaN
33366;0.7232210792747598
333683;NaN
333689;NaN
333698;NaN
333702;0.8627797210296293
333707;NaN
333713;NaN
333756;NaN
33378;NaN
333799;NaN
333820;NaN
333826;-10.304516261435483
333858;NaN
333865;NaN
33390;1.742110441297324
333902;NaN
333916;NaN
333943;NaN
333975;NaN
333978;NaN
333983;NaN
333994;NaN
334010;NaN
334015;NaN
334026;NaN
334034;NaN
334061;NaN
334077;NaN
334109;NaN
33413;NaN
334169;NaN
334222;NaN
334237;NaN
334269;NaN
334272;1.1048679849119123
334294;NaN
334309;NaN
334330;NaN
334339;NaN
334350;NaN
334386;NaN
334395;NaN
334398;NaN
334402;NaN
334415;NaN
334456;NaN
334533;NaN
334579;NaN
334594;NaN
334596;NaN
334597;NaN
334616;NaN
334648;NaN
334696;NaN
334727;1.0375036750596367
33474;NaN
334753;NaN
334758;NaN
334762;NaN
33477;NaN
334791;NaN
334804;NaN
334813;NaN
33489;NaN
33490;NaN
334929;NaN
334972;NaN
33503;NaN
33505;NaN
335050;NaN
335080;NaN
335090;NaN
335133;NaN
335137;NaN
335196;NaN
335209;NaN
335258;NaN
335271;NaN
335292;NaN
335300;NaN
335322;NaN
33533;NaN
335353;NaN
335358;NaN
335366;NaN
335370;NaN
335371;NaN
335374;NaN
335377;NaN
335383;NaN
335388;NaN
335392;NaN
335411;NaN
335418;NaN
335489;NaN
335492;NaN
335530;NaN
335535;0.0
335536;NaN
335539;NaN
335555;NaN
335571;NaN
335574;NaN
335585;NaN
335643;NaN
335656;NaN
335659;NaN
335674;NaN
335678;NaN
3357;NaN
335716;NaN
335729;NaN
335739;NaN
335749;NaN
335761;NaN
335776;NaN
335778;NaN
335827;NaN
335877;NaN
335890;NaN
335972;NaN
33599;1.1329864388479969
335997;NaN
336000;-2.6828116671220563
336003;NaN
336010;NaN
336020;NaN
336049;NaN
336079;NaN
336108;NaN
33611;NaN
336118;NaN
336136;NaN
336145;NaN
336153;NaN
336170;NaN
336175;NaN
336182;NaN
336184;NaN
336187;NaN
336216;NaN
336230;NaN
336236;NaN
336243;NaN
336248;NaN
336267;NaN
336269;NaN
3363;NaN
336300;NaN
336304;NaN
33633;NaN
336363;NaN
336364;NaN
336407;NaN
336427;NaN
336445;NaN
336446;NaN
336449;NaN
336459;NaN
336476;NaN
336524;NaN
336534;NaN
336555;NaN
336589;NaN
336591;NaN
336601;NaN
336608;NaN
336609;-2.500358497319267
336649;NaN
3367;NaN
336728;NaN
336740;NaN
336742;NaN
336758;0.9646035532062105
336798;1.297265987499399
336819;NaN
336820;2.6276120281838873
336837;0.0
336856;NaN
336908;NaN
336920;NaN
336922;NaN
336926;NaN
336978;0.9668836158040612
336991;NaN
336993;NaN
336998;-1.6487533290166045
337001;NaN
337032;NaN
337051;NaN
337060;NaN
337125;NaN
337197;NaN
337206;NaN
337209;NaN
33723;NaN
337262;NaN
337265;3.0496689272752096
337306;NaN
337311;NaN
337314;NaN
337317;NaN
337333;NaN
337336;NaN
337346;NaN
337354;NaN
337373;NaN
337381;NaN
337397;NaN
3374;NaN
337404;NaN
337426;NaN
337458;NaN
337489;NaN
337500;NaN
33754;NaN
33756;NaN
337573;NaN
337595;NaN
337619;NaN
337622;NaN
337634;NaN
337642;NaN
337668;NaN
337674;NaN
337719;NaN
337735;NaN
337774;NaN
337782;NaN
337807;NaN
337808;NaN
33782;NaN
337830;NaN
337850;NaN
337857;NaN
337876;NaN
337884;NaN
337912;NaN
337920;NaN
337924;NaN
337934;NaN
337963;NaN
337973;NaN
337996;NaN
338008;NaN
33802;NaN
338032;0.0
338037;NaN
338061;1.332520981874251
338082;NaN
338111;NaN
338116;NaN
338120;NaN
338134;NaN
338139;NaN
33816;NaN
338169;NaN
338191;NaN
338212;NaN
338220;NaN
338235;NaN
338260;NaN
338277;NaN
338295;NaN
33831;NaN
338320;NaN
338326;NaN
338334;NaN
338366;NaN
338375;NaN
338393;NaN
338420;0.0
338441;NaN
338456;NaN
338466;5.334248447982182
338477;NaN
338486;NaN
338493;NaN
338501;NaN
338510;NaN
338515;NaN
338519;NaN
33852;NaN
338538;NaN
338539;-1.2282044372488705
338551;NaN
338553;-0.11050182229400773
338569;NaN
338592;NaN
338614;NaN
338618;NaN
338664;NaN
338670;NaN
338692;NaN
338742;-2.237477805131994
338772;NaN
33880;NaN
338810;NaN
338817;NaN
338853;NaN
338864;NaN
338868;NaN
338869;0.0
338909;NaN
338918;NaN
338999;0.5472883118435861
339008;NaN
339021;NaN
339029;NaN
33904;NaN
339054;NaN
339069;NaN
339071;NaN
339081;2.3679019659110527
339082;NaN
339176;NaN
339211;NaN
339231;1.4628141653126399
339239;NaN
339295;0.5570903982301298
339298;NaN
339344;NaN
339349;NaN
339362;NaN
339379;NaN
339385;1.116156436284247
3394;-1.0230388292168935
339419;NaN
339422;-9.31264934126896
339430;NaN
339448;NaN
339454;NaN
339459;NaN
339463;NaN
33948;NaN
339490;NaN
339497;NaN
339513;NaN
339529;NaN
339588;NaN
339590;NaN
339597;NaN
33965;NaN
339685;NaN
339695;NaN
339703;NaN
339720;NaN
339755;NaN
339765;NaN
339769;NaN
339791;NaN
33981;NaN
339862;NaN
339880;NaN
339882;NaN
339927;NaN
339941;NaN
339944;NaN
339981;NaN
339983;-3.4381278498550834
339996;NaN
340030;NaN
340042;NaN
340051;NaN
340061;NaN
340069;NaN
34007;NaN
340071;NaN
340123;NaN
340133;NaN
340138;NaN
340144;NaN
340165;NaN
340177;NaN
340192;NaN
340203;NaN
340206;NaN
340279;NaN
340316;NaN
340339;NaN
340354;NaN
340421;NaN
340422;NaN
340433;NaN
340484;NaN
340490;3.0222316050943565
340562;NaN
34060;NaN
340611;NaN
340613;NaN
340617;NaN
340618;0.0
34063;4.716960651207337
340631;3.259168772234565
340650;NaN
340664;0.815923501969416
340675;NaN
340676;NaN
34068;NaN
340683;NaN
340713;NaN
34072;NaN
340756;NaN
340767;NaN
340771;NaN
340782;NaN
340794;3.6679060585584873
340801;0.0
340804;NaN
340808;NaN
340821;-0.7380126425658955
340864;NaN
340871;NaN
340880;NaN
340892;NaN
340955;NaN
340970;NaN
340977;NaN
341026;NaN
341041;NaN
341044;NaN
341066;NaN
341075;NaN
341080;NaN
341081;NaN
34110;NaN
341103;NaN
34111;NaN
341141;NaN
34117;NaN
341214;NaN
341238;NaN
341278;NaN
341286;NaN
341305;NaN
341338;NaN
341346;NaN
341375;NaN
341376;NaN
341416;NaN
341421;NaN
341434;NaN
34148;NaN
341496;NaN
341497;NaN
341498;-0.2103414785613349
341504;7.027609773749196
341509;2.3342483256299733
341516;NaN
34155;0.830343621232652
341556;NaN
341578;NaN
341607;NaN
341610;NaN
341653;NaN
341663;NaN
341664;NaN
341735;NaN
341739;NaN
341768;NaN
341773;NaN
341784;NaN
341798;NaN
341860;NaN
341862;-0.24165356188511988
341885;NaN
341898;NaN
34190;NaN
341914;NaN
341970;0.5088709693651773
34199;NaN
341997;NaN
342000;NaN
342039;NaN
342040;NaN
342097;NaN
342111;10.185906165538583
342114;NaN
342123;NaN
342127;NaN
342133;NaN
342135;NaN
34215;NaN
342161;NaN
342208;NaN
342233;NaN
34224;NaN
342240;NaN
342247;-1.4403775098765261
342265;NaN
342267;NaN
342272;NaN
342345;NaN
342346;NaN
342375;NaN
34238;NaN
342388;-0.0027034136866948
342397;NaN
342427;NaN
342435;NaN
342440;NaN
342445;NaN
342447;NaN
342492;NaN
3425;NaN
342510;NaN
342570;NaN
34258;NaN
342606;NaN
342607;NaN
342682;NaN
342683;NaN
342713;NaN
342715;NaN
342753;0.0
342768;NaN
342774;NaN
342783;NaN
342819;NaN
342821;NaN
342826;NaN
342851;NaN
342864;NaN
34289;NaN
342908;0.0
342917;NaN
34294;NaN
342951;NaN
342963;NaN
342976;NaN
34298;NaN
342996;NaN
342999;NaN
343;NaN
343046;2.5840500216605258
343072;NaN
343092;NaN
343096;NaN
34313;NaN
343133;NaN
343135;NaN
343139;NaN
343141;NaN
343175;NaN
343191;NaN
343225;NaN
343241;NaN
343290;NaN
343298;NaN
343338;NaN
343352;NaN
343396;NaN
343401;NaN
343433;NaN
343488;-2.6795078994128976
343523;NaN
343525;NaN
343535;-0.43981554005550016
343539;NaN
343574;NaN
343622;NaN
343623;NaN
343629;NaN
343639;NaN
343645;NaN
343649;NaN
343664;NaN
343687;NaN
34371;NaN
343711;NaN
343770;3.9358197441344256
343771;NaN
343778;NaN
343783;NaN
343817;NaN
343844;NaN
343860;NaN
343862;NaN
343879;NaN
343896;NaN
343988;NaN
344022;NaN
344085;NaN
344094;NaN
344101;2.5989487988476894
344132;NaN
344148;NaN
344176;NaN
344200;NaN
344286;NaN
344307;NaN
344308;NaN
344317;1.7760573539499023
344325;NaN
344345;NaN
344350;NaN
344361;10.115726302661832
344393;NaN
344401;-2.930948241077686
34441;NaN
344411;11.386853838729106
344434;NaN
344454;NaN
344456;-0.6447345920650576
344470;NaN
344488;NaN
344497;NaN
344507;NaN
344535;NaN
344542;NaN
344586;NaN
34459;NaN
344601;NaN
344619;NaN
344632;NaN
344641;NaN
344648;NaN
344652;NaN
344680;NaN
344689;NaN
344694;NaN
34471;NaN
344715;NaN
344735;NaN
34474;NaN
344740;NaN
344750;NaN
344767;NaN
34479;NaN
344828;NaN
344843;NaN
344870;NaN
344880;NaN
344913;NaN
344931;NaN
344949;0.3827502909015128
344993;NaN
345028;1.379439224522899
345035;NaN
345133;NaN
345139;NaN
345170;NaN
34519;NaN
345201;NaN
345228;NaN
345244;NaN
34525;NaN
345275;NaN
345310;NaN
345319;NaN
34532;NaN
345331;NaN
345346;0.6940054847056818
345366;NaN
34541;NaN
345419;NaN
345464;NaN
345465;NaN
345503;NaN
345505;NaN
345558;NaN
345561;NaN
345575;NaN
345590;NaN
345603;NaN
345617;NaN
345633;NaN
345644;NaN
345663;NaN
345671;NaN
345680;NaN
34570;NaN
34571;NaN
345722;NaN
345728;NaN
345750;NaN
345766;1.6534966352753644
345792;NaN
345798;NaN
34582;NaN
345846;NaN
345864;NaN
345867;NaN
34588;NaN
345895;NaN
345906;NaN
345907;NaN
345928;NaN
345933;NaN
345938;NaN
345974;11.840011046310202
345981;-3.0703428834790545
345997;3.2873455945957595
345998;NaN
346013;NaN
34604;NaN
346063;NaN
346077;NaN
346091;NaN
346098;3.704383328732425
346160;NaN
346165;NaN
346189;NaN
346204;NaN
346210;NaN
346250;NaN
34628;NaN
346291;NaN
346293;NaN
346299;NaN
346310;NaN
34632;NaN
346332;-2.1216695954589975
346333;-1.4283712647258957
346347;NaN
346348;0.0
346412;NaN
346422;NaN
346424;NaN
34644;NaN
346468;0.0
34648;NaN
346507;NaN
346525;NaN
346531;NaN
346532;NaN
346543;NaN
346556;NaN
346576;NaN
346578;NaN
34659;NaN
346599;NaN
346606;NaN
346615;NaN
346616;NaN
346625;NaN
346636;NaN
346643;NaN
346696;NaN
346707;NaN
346725;NaN
34674;NaN
346767;NaN
34677;NaN
346775;NaN
34678;NaN
346822;NaN
346852;NaN
346853;0.0
346873;NaN
346876;NaN
346894;NaN
346900;NaN
346910;NaN
346916;-3.9168531647390425
346917;NaN
346935;NaN
346975;7.6287080054414425
346981;NaN
34703;NaN
347044;NaN
347059;NaN
347074;NaN
347090;NaN
347095;NaN
347112;NaN
347140;NaN
347166;NaN
347170;NaN
347195;NaN
347233;NaN
347249;NaN
347264;NaN
347268;NaN
34729;NaN
347294;NaN
347311;NaN
347319;NaN
347330;-2.4392691451421085
347335;NaN
347341;NaN
347378;NaN
347414;NaN
347422;NaN
347424;NaN
347425;NaN
347444;NaN
347453;NaN
347462;NaN
34749;NaN
347492;NaN
347505;7.012901292348662
347554;NaN
347563;NaN
347570;NaN
347598;NaN
347612;-1.8790703020562303
347621;NaN
34763;NaN
347646;NaN
347673;NaN
347689;NaN
347698;NaN
347706;NaN
347715;NaN
347718;NaN
34772;NaN
347725;NaN
347744;-1.9183489248364562
347745;4.931026931944731
347771;NaN
347785;1.3821751937278357
347792;NaN
347799;NaN
347812;NaN
347836;2.240778812760073
347840;NaN
347845;NaN
347860;NaN
347867;NaN
347911;NaN
347924;NaN
347954;NaN
347972;NaN
347999;18.59522190646502
348040;NaN
348045;NaN
348052;NaN
348100;NaN
34811;NaN
348129;0.36050120214381476
348149;16.83429475514059
348166;2.9102501425865563
348169;NaN
348170;NaN
348176;NaN
348203;NaN
348207;NaN
34823;NaN
348259;NaN
348270;NaN
348298;-2.7024049575612032
348312;NaN
348322;NaN
348380;2.6715962064492946
348383;NaN
3484;NaN
348425;-4.150400449111692
348430;1.3981728801250062
348502;NaN
348518;NaN
348523;NaN
348538;NaN
348543;NaN
34855;NaN
348560;-1.2017469210408411
34858;NaN
34861;NaN
348651;NaN
348653;NaN
348656;NaN
348672;NaN
348676;NaN
348696;NaN
348738;NaN
348820;NaN
348822;NaN
348830;1.5940627943391332
348832;NaN
34892;NaN
348922;NaN
348927;NaN
348938;NaN
348939;NaN
348977;NaN
348986;NaN
349010;NaN
349011;0.0
349012;NaN
349015;NaN
349044;NaN
349054;NaN
349083;NaN
349095;NaN
349125;NaN
349126;NaN
349153;NaN
34916;NaN
349177;NaN
349178;NaN
349186;NaN
34919;NaN
349202;NaN
349207;NaN
349239;NaN
349240;NaN
34927;NaN
349294;NaN
349298;-1.9647765382133358
349299;NaN
349307;NaN
349326;NaN
349365;NaN
349373;NaN
349378;-3.496429297325151
349379;3.11619555323568
349425;0.0
349464;NaN
349470;NaN
349481;NaN
349484;NaN
34949;NaN
349491;NaN
349495;NaN
349507;NaN
349532;NaN
349551;NaN
349580;NaN
349588;NaN
34959;NaN
349651;NaN
349652;NaN
349672;NaN
349677;NaN
349722;-2.1083774101829382
349725;NaN
349730;NaN
349749;NaN
349771;NaN
349781;NaN
349782;NaN
349789;NaN
349823;NaN
349833;NaN
349834;NaN
349846;NaN
349866;NaN
349877;NaN
349913;NaN
349925;NaN
349952;NaN
34997;NaN
349986;NaN
349994;NaN
35001;NaN
350013;NaN
350028;NaN
350036;NaN
350047;NaN
350066;NaN
350094;NaN
350103;NaN
35011;NaN
350134;NaN
350160;NaN
350161;NaN
350174;NaN
350187;NaN
350240;NaN
350246;NaN
350258;NaN
35027;NaN
350288;0.0
350311;NaN
350328;NaN
350340;NaN
350370;NaN
350423;NaN
350443;NaN
350453;NaN
35046;NaN
350507;NaN
350524;NaN
350525;NaN
350534;NaN
350540;NaN
350541;NaN
350585;NaN
350595;NaN
350613;NaN
350675;NaN
350699;NaN
350728;NaN
35077;NaN
350847;NaN
350848;NaN
350868;NaN
350902;NaN
350951;NaN
350965;NaN
35098;NaN
351032;NaN
351060;NaN
351066;NaN
351096;NaN
351111;NaN
351115;NaN
351120;NaN
351136;NaN
35115;NaN
35116;NaN
351171;NaN
35118;NaN
351201;NaN
351204;NaN
351218;NaN
351238;NaN
351319;NaN
35133;NaN
351357;-1.045149198785566
351379;NaN
351410;NaN
351427;NaN
351439;NaN
351442;NaN
351462;NaN
351489;NaN
351505;0.0
351543;NaN
351552;4.4122577043394315
351554;NaN
351580;NaN
351584;NaN
351657;NaN
351695;NaN
351714;NaN
351869;NaN
351893;NaN
351924;NaN
351958;NaN
351972;NaN
351974;-6.3812992847885095
351990;NaN
3520;NaN
352009;NaN
352018;NaN
352062;NaN
352105;NaN
352133;NaN
352135;NaN
352143;NaN
352144;NaN
352152;NaN
352153;NaN
352191;NaN
352227;NaN
352262;NaN
352268;NaN
352383;-1.0877942327212
352408;NaN
352411;NaN
352428;NaN
35245;NaN
352509;NaN
352521;0.0
352546;-2.235021121601161
352582;-2.0614692304081608
352591;NaN
352634;NaN
352683;2.858087552984178
352687;2.508741087851202
352697;0.1565277418540767
352711;NaN
352726;NaN
352735;NaN
352750;NaN
352752;NaN
35279;NaN
352833;NaN
352837;NaN
352848;NaN
352861;NaN
352867;NaN
352895;NaN
352908;NaN
352910;NaN
352936;NaN
352937;NaN
352957;NaN
352971;NaN
352997;NaN
353014;NaN
35304;NaN
353046;NaN
353071;NaN
353134;0.0
353160;1.7184052166068415
353163;NaN
353185;NaN
353195;NaN
353207;NaN
353224;NaN
353234;-1.0614452823297447
353250;NaN
353257;NaN
353285;NaN
353292;NaN
353314;NaN
353368;NaN
353385;NaN
35340;NaN
353429;NaN
353452;NaN
353473;NaN
35350;NaN
353507;NaN
353510;NaN
353523;NaN
353531;NaN
353551;NaN
353556;0.3910387362641137
353557;-3.7389511403749567
353558;NaN
353565;NaN
353581;NaN
353589;NaN
353610;NaN
353691;NaN
353694;NaN
353701;NaN
353737;NaN
353743;NaN
353793;NaN
353806;NaN
35381;NaN
353833;NaN
353842;NaN
353860;NaN
353861;NaN
353867;NaN
353875;-0.9296945620414784
353891;NaN
353900;NaN
353920;NaN
353921;NaN
353960;NaN
353978;NaN
353995;NaN
354002;NaN
354003;0.06611465451878318
354015;-1.8042882310237969
354069;NaN
354103;NaN
354114;NaN
354124;NaN
354131;NaN
354138;2.539263750797039
354143;1.5455417119162123
354154;NaN
35416;NaN
354162;NaN
354167;NaN
354170;NaN
35419;NaN
354232;NaN
354242;NaN
354258;NaN
354270;NaN
354281;NaN
354292;NaN
354315;NaN
354317;NaN
354324;NaN
354327;NaN
354333;NaN
354395;NaN
354413;NaN
354439;NaN
354468;NaN
354470;NaN
354477;NaN
354484;NaN
354511;NaN
354527;NaN
354528;0.0
354542;-0.845261624748644
354556;NaN
354560;NaN
354578;NaN
354612;NaN
354616;NaN
354618;NaN
35463;NaN
354637;NaN
354638;NaN
354650;NaN
354663;NaN
354688;NaN
354706;NaN
354723;NaN
354735;NaN
354738;NaN
354747;NaN
354826;NaN
354840;NaN
354860;NaN
354915;NaN
354933;NaN
354948;NaN
35496;NaN
354969;NaN
354986;NaN
354989;NaN
355000;NaN
355065;NaN
355069;NaN
355086;NaN
355087;NaN
355092;NaN
355138;NaN
355158;NaN
355194;NaN
355210;NaN
355242;NaN
355248;NaN
355251;NaN
355275;NaN
355291;NaN
355309;NaN
355377;NaN
355387;NaN
355399;NaN
355408;NaN
355445;NaN
355472;NaN
355479;NaN
355501;NaN
355507;6.6021266857452865
355519;3.800559123261987
355567;NaN
355585;NaN
355589;NaN
355598;NaN
355609;0.0
355611;NaN
355638;NaN
355640;NaN
355642;NaN
35566;NaN
355668;NaN
355688;NaN
355693;NaN
355725;NaN
355764;NaN
355814;NaN
355818;NaN
355877;-3.5415137973713
355879;NaN
355882;NaN
355885;NaN
355903;NaN
355914;NaN
355924;NaN
355926;NaN
355965;NaN
355966;NaN
355973;NaN
355988;NaN
356050;0.78072662347764
356061;NaN
356077;NaN
356090;NaN
356099;NaN
356112;NaN
356133;NaN
356157;NaN
356169;NaN
356173;NaN
356186;NaN
356213;NaN
356231;NaN
356237;2.9693314684010113
356273;NaN
356288;NaN
356319;NaN
356337;NaN
356350;NaN
356385;NaN
356428;NaN
356440;NaN
356456;NaN
356466;-1.3022507477712453
356479;NaN
356493;NaN
356506;NaN
35652;NaN
356556;NaN
356560;NaN
356566;NaN
356590;NaN
356598;NaN
356665;NaN
356671;NaN
356678;NaN
356682;NaN
356683;NaN
356687;NaN
356705;NaN
356723;NaN
356725;NaN
356747;NaN
356753;NaN
35676;NaN
356774;NaN
356795;NaN
356846;NaN
356858;NaN
356901;0.0
356916;NaN
356927;NaN
356929;NaN
356996;NaN
357000;NaN
357006;NaN
357037;NaN
357050;NaN
357070;NaN
357077;NaN
357080;NaN
357099;NaN
357116;NaN
357124;NaN
357139;NaN
357151;NaN
357210;NaN
357212;NaN
357234;-2.5598757777044336
357247;NaN
357248;NaN
357269;NaN
357278;NaN
357289;NaN
35729;NaN
357327;-2.9659799034625647
357353;-6.109131313676249
357383;NaN
357427;NaN
357520;NaN
357549;NaN
357551;NaN
357557;NaN
357618;NaN
357636;NaN
357658;NaN
357660;NaN
357671;-2.779713042002749
357717;NaN
357749;-1.3600583589750328
357765;NaN
357785;NaN
357791;NaN
35782;NaN
357826;NaN
357832;NaN
357868;NaN
357947;NaN
357964;NaN
357996;1.404717028898615
358065;NaN
35808;NaN
358092;NaN
358102;NaN
358151;NaN
358164;NaN
358175;NaN
358178;NaN
358185;NaN
358193;NaN
35820;NaN
358228;NaN
358231;NaN
358233;NaN
358255;NaN
358256;NaN
35826;0.0
358260;NaN
358321;NaN
358330;NaN
358359;NaN
358365;NaN
358394;NaN
35842;NaN
358421;NaN
358446;NaN
358480;NaN
358491;0.0
358493;NaN
358495;-3.0210288599901336
358535;NaN
358538;NaN
35856;NaN
358561;NaN
358569;NaN
358572;NaN
358581;NaN
358590;NaN
358602;NaN
35867;NaN
35868;NaN
358681;2.185697149935895
358716;NaN
358725;NaN
358727;NaN
35874;NaN
358752;NaN
358755;NaN
358764;NaN
358766;NaN
358781;NaN
358806;NaN
358840;7.594576141528079
358852;-1.0374865578720316
358857;NaN
35886;NaN
358866;NaN
358870;NaN
358872;NaN
35888;NaN
358881;7.324165939900006
358888;NaN
358907;NaN
358914;NaN
358935;NaN
35897;NaN
35903;NaN
359034;NaN
35906;NaN
359061;NaN
359077;NaN
35913;NaN
359150;NaN
359153;NaN
359176;NaN
359180;NaN
359182;NaN
359186;NaN
359194;NaN
359195;-2.603439020814388
3592;NaN
359223;NaN
359230;NaN
359241;NaN
35925;NaN
359275;NaN
359341;NaN
359352;NaN
359367;NaN
359385;4.616571395718107
359412;NaN
359420;NaN
359421;NaN
359423;NaN
359444;NaN
35946;NaN
359475;1.1193422313304242
359566;NaN
359578;NaN
359610;NaN
359613;NaN
35963;NaN
359634;NaN
359666;0.0
359671;NaN
359676;-1.673702792852316
359711;NaN
359740;NaN
359765;NaN
35977;NaN
359780;NaN
359792;NaN
359827;NaN
359846;NaN
359876;NaN
359915;NaN
359918;NaN
359973;NaN
359994;NaN
360000;-3.757817101355362
360001;NaN
360003;NaN
360013;NaN
360029;NaN
360050;NaN
360055;NaN
360060;NaN
360073;NaN
360083;NaN
360090;NaN
360096;NaN
360097;NaN
360099;NaN
36012;NaN
360134;NaN
360139;NaN
360147;NaN
36016;NaN
360162;NaN
360173;NaN
360199;NaN
360207;NaN
360299;NaN
360311;NaN
360332;NaN
360353;NaN
360363;NaN
360369;-1.693056755408134
360380;NaN
360385;NaN
360427;NaN
36044;NaN
360469;NaN
360500;NaN
360501;NaN
360615;NaN
360653;NaN
360674;NaN
360694;NaN
360726;NaN
36074;NaN
36077;NaN
360773;1.0391920739952378
360790;NaN
360855;NaN
36087;NaN
360872;NaN
360875;NaN
360894;NaN
36090;NaN
360918;NaN
36093;NaN
360935;NaN
360936;NaN
360944;NaN
360966;NaN
360990;NaN
361008;NaN
361013;NaN
361025;NaN
361091;NaN
361129;NaN
361162;NaN
361228;NaN
36126;4.152800450145984
361269;NaN
361291;NaN
361308;NaN
361329;NaN
361339;NaN
36134;NaN
361341;NaN
361417;NaN
361424;NaN
36143;NaN
361460;NaN
361468;NaN
361476;NaN
361483;NaN
361504;NaN
361525;3.4242404991897866
361529;NaN
361553;NaN
361581;NaN
361602;1.3308640883581027
361634;NaN
361635;NaN
361642;NaN
361667;NaN
361673;NaN
361708;NaN
36173;NaN
361752;-6.354690046558092
361760;NaN
361767;NaN
361818;NaN
36182;9.04771799264574
361823;NaN
361835;NaN
361869;NaN
361875;NaN
36189;NaN
361901;NaN
361902;NaN
361930;NaN
361931;NaN
361933;NaN
361968;NaN
361996;NaN
361997;NaN
361998;-3.551794735736054
362037;NaN
362056;NaN
362065;NaN
362076;NaN
362078;NaN
362081;NaN
362106;NaN
362131;NaN
362134;NaN
362142;NaN
362144;NaN
36217;NaN
362182;NaN
362193;NaN
362194;NaN
362213;NaN
362216;NaN
362253;NaN
362257;NaN
362263;NaN
362325;-1.5742266371174414
362348;NaN
36238;NaN
362383;NaN
362399;NaN
362402;NaN
362411;-4.746993117426168
362465;NaN
362481;NaN
362494;NaN
362500;NaN
362513;NaN
362524;NaN
362528;NaN
362543;NaN
362544;NaN
362548;NaN
362551;-1.5869890215310851
362605;NaN
362607;NaN
362651;NaN
362696;NaN
362720;NaN
362730;2.0199610352369604
362796;NaN
362803;NaN
362831;NaN
362853;NaN
362855;NaN
362859;NaN
36287;NaN
362903;NaN
362912;NaN
362919;NaN
362942;-1.669770784337969
362949;NaN
362952;NaN
362961;NaN
362975;NaN
363039;NaN
363046;NaN
363079;4.032447843525704
363109;NaN
363137;2.803137638594275
363168;NaN
363169;NaN
3632;NaN
363207;0.0
363212;NaN
36322;NaN
363252;NaN
363254;NaN
363284;NaN
363301;NaN
36332;NaN
363326;NaN
363331;NaN
363376;NaN
363398;NaN
363401;NaN
363421;NaN
363450;NaN
363461;NaN
363500;0.0
363506;NaN
363513;NaN
363545;NaN
363572;NaN
363574;NaN
363580;NaN
363604;NaN
363609;0.0
363660;NaN
363663;NaN
363671;NaN
363675;NaN
363700;0.48210248989563764
363711;NaN
363721;NaN
363733;NaN
363750;NaN
363757;NaN
363761;NaN
363762;NaN
363791;NaN
363798;NaN
363818;NaN
363839;NaN
36388;NaN
363918;NaN
363931;NaN
363958;NaN
363961;NaN
363969;NaN
363992;NaN
364003;NaN
364006;NaN
364008;NaN
364018;NaN
364073;NaN
364078;NaN
364093;-4.655376574510581
364096;0.24355502915894672
364129;NaN
36413;NaN
364151;NaN
36416;NaN
364183;NaN
364214;0.5940880026269192
364225;NaN
36423;NaN
364261;NaN
364292;NaN
364299;NaN
364302;-0.37958932989858063
364303;0.23311499468136077
364309;NaN
364316;NaN
364327;NaN
364330;NaN
364336;NaN
364343;NaN
364401;NaN
36441;NaN
364465;NaN
364468;NaN
364477;NaN
36448;NaN
364483;NaN
364485;NaN
364515;4.368441881577985
364531;NaN
364533;NaN
364546;-1.1313440604546785
36455;NaN
364556;-1.87833026172078
364569;NaN
364572;NaN
364583;NaN
364589;NaN
36459;NaN
364607;NaN
364632;NaN
364645;-2.2545805387706928
364656;NaN
364658;NaN
364659;NaN
364709;NaN
364720;NaN
364845;NaN
364847;NaN
364867;NaN
364874;0.0
364885;NaN
364889;NaN
364911;NaN
36493;NaN
364952;NaN
364955;NaN
365061;NaN
365072;NaN
365089;NaN
365096;NaN
365146;NaN
36515;NaN
365150;NaN
365164;NaN
365167;NaN
365172;NaN
365186;NaN
365199;NaN
365207;NaN
365292;NaN
365311;NaN
365318;NaN
365325;NaN
365328;NaN
36533;NaN
365345;NaN
365346;NaN
365364;NaN
365418;NaN
365447;NaN
365489;NaN
365494;NaN
365498;NaN
365505;NaN
365515;NaN
365539;NaN
365545;3.7621320579241915
365556;NaN
36561;3.072949223403818
365656;NaN
365703;NaN
365714;NaN
365719;NaN
365721;NaN
365737;NaN
365741;NaN
365779;NaN
365793;NaN
365794;NaN
365846;NaN
36585;NaN
365867;NaN
36589;NaN
365896;NaN
365903;NaN
365927;NaN
365954;NaN
365959;NaN
365967;NaN
365975;NaN
365982;NaN
365992;NaN
3660;NaN
366030;NaN
366034;NaN
366070;NaN
366102;NaN
366104;NaN
366105;NaN
366161;NaN
366167;NaN
366180;NaN
366259;NaN
366274;NaN
366319;NaN
366329;NaN
366343;NaN
366348;NaN
36636;11.534940949260964
366363;NaN
366395;NaN
366400;NaN
366406;NaN
366411;NaN
366434;NaN
366448;NaN
366454;NaN
366483;0.7676846016661846
36649;NaN
366511;NaN
366530;NaN
366536;NaN
366541;NaN
366550;NaN
366570;NaN
366613;NaN
366617;NaN
36662;NaN
366620;NaN
366622;0.0
366637;NaN
366658;NaN
366664;NaN
366686;NaN
366691;NaN
366693;NaN
366698;NaN
3667;NaN
36672;NaN
366729;NaN
36673;NaN
36674;NaN
366787;NaN
366791;NaN
3668;NaN
36685;NaN
366851;NaN
366866;NaN
366882;9.555201765646668
366883;0.0
366922;NaN
366923;NaN
366926;NaN
366930;NaN
366942;NaN
366986;NaN
367026;NaN
367044;NaN
367046;NaN
36705;NaN
367060;NaN
367103;NaN
367147;NaN
367194;NaN
367211;NaN
367216;NaN
36725;NaN
367268;NaN
367281;NaN
367284;NaN
367288;NaN
367304;NaN
367325;NaN
367326;NaN
367340;NaN
367344;NaN
367357;NaN
367365;NaN
367369;NaN
367371;NaN
367394;NaN
36741;NaN
367468;NaN
367474;NaN
367485;NaN
367505;NaN
367530;NaN
367542;NaN
367584;NaN
367600;-1.9921616861748044
367602;NaN
36762;NaN
367629;NaN
36763;NaN
367675;NaN
367680;4.243144241569276
367685;NaN
367713;NaN
367736;NaN
36774;NaN
367742;NaN
367747;NaN
367752;NaN
367769;NaN
367786;NaN
367796;NaN
367811;NaN
367846;NaN
367862;NaN
36787;NaN
367874;NaN
367885;NaN
367937;NaN
367943;NaN
367949;NaN
367950;NaN
367959;NaN
367976;4.010563547734726
368008;NaN
368014;-1.4508086295428757
368018;-2.9013461686681152
368022;NaN
368027;NaN
368054;NaN
368087;NaN
368093;NaN
368116;NaN
368134;NaN
368144;NaN
368163;NaN
368178;NaN
368195;NaN
368198;NaN
368199;NaN
368204;NaN
368213;NaN
368245;NaN
368251;4.456235403490301
36826;NaN
368264;NaN
368280;NaN
368297;NaN
368308;NaN
368330;2.9665872273805793
368332;NaN
368362;NaN
368374;NaN
368376;NaN
368398;NaN
368411;NaN
368468;NaN
368520;NaN
368550;NaN
368557;NaN
368567;NaN
368569;NaN
368572;NaN
368574;0.4518088622589922
368636;NaN
368671;NaN
368726;NaN
368727;NaN
368739;NaN
368744;-0.8353802351404125
368748;NaN
368776;3.073512580327832
368778;NaN
368802;NaN
368806;NaN
368823;NaN
368827;NaN
36884;NaN
368886;NaN
368892;-0.8464366265356239
3689;-0.610964705682413
368903;NaN
368907;NaN
368910;NaN
368934;NaN
368940;NaN
368981;NaN
369026;NaN
369029;-0.46154605149500205
36904;NaN
369044;NaN
36906;NaN
369066;NaN
369120;NaN
369125;NaN
369138;NaN
369141;NaN
369149;NaN
369158;NaN
369167;-3.4226334998496215
36918;NaN
369207;NaN
369217;NaN
369219;NaN
369221;NaN
369226;NaN
369228;NaN
369234;NaN
369239;NaN
369251;NaN
369267;NaN
369293;3.319483391550907
369296;NaN
369327;NaN
369337;NaN
369374;NaN
369391;NaN
369398;NaN
369401;NaN
369412;NaN
369426;NaN
369433;NaN
369455;NaN
369506;NaN
369518;NaN
369554;NaN
36957;NaN
369587;NaN
369609;NaN
369635;0.3168880746713775
369644;NaN
36966;NaN
369662;NaN
369666;NaN
369668;NaN
369682;NaN
369707;NaN
369710;-5.248974259341418
369728;NaN
369771;NaN
369785;NaN
369786;NaN
3698;NaN
369821;NaN
369822;NaN
369823;-5.029063916186681
369824;NaN
369830;1.3045215701261073
36987;NaN
369892;NaN
369893;NaN
369911;NaN
36992;NaN
36993;NaN
369963;NaN
369975;NaN
370001;NaN
370015;NaN
370021;NaN
370024;NaN
37004;NaN
370063;NaN
370077;NaN
370092;NaN
370100;9.335717024745378
370142;NaN
370152;NaN
370156;NaN
37023;NaN
370293;NaN
370295;NaN
370305;-4.4483211039663075
370306;NaN
370318;NaN
37036;NaN
370361;NaN
370366;NaN
37040;1.7591899648480296
370414;NaN
370424;NaN
370427;NaN
370428;NaN
370453;NaN
370456;NaN
370478;NaN
370492;NaN
370504;NaN
37054;NaN
370542;NaN
370552;NaN
370585;NaN
370588;NaN
370606;NaN
370612;NaN
370633;NaN
370644;NaN
370690;NaN
370698;-5.352673017479635
370706;NaN
370710;NaN
370751;NaN
370766;NaN
370774;-1.1406751072504957
370777;NaN
370779;NaN
37078;NaN
370803;NaN
370804;NaN
370831;NaN
370834;NaN
37085;NaN
370855;NaN
370893;NaN
370953;NaN
370987;NaN
371004;NaN
371031;NaN
371086;NaN
371089;NaN
371116;-5.2240986799424505
37117;NaN
371185;NaN
371255;NaN
371263;NaN
371269;NaN
37128;NaN
371281;NaN
371310;NaN
371316;NaN
371345;NaN
371348;NaN
371379;NaN
371381;NaN
371382;NaN
371411;NaN
371416;NaN
371424;NaN
371468;NaN
371471;NaN
371498;NaN
371501;NaN
371545;NaN
371552;NaN
37159;NaN
3716;NaN
371610;NaN
371615;NaN
371618;NaN
371624;NaN
37164;NaN
371657;NaN
371677;NaN
37168;NaN
371698;NaN
371732;NaN
371740;0.02177921285069262
371745;8.938985054436886
371770;NaN
371786;NaN
371809;NaN
371847;NaN
371848;NaN
371857;NaN
371879;NaN
371960;NaN
371974;NaN
371998;NaN
372005;NaN
372018;NaN
372032;NaN
372057;NaN
372104;NaN
372143;NaN
372150;NaN
372168;NaN
372171;NaN
372187;NaN
372230;NaN
372250;NaN
372251;NaN
372310;NaN
372312;NaN
372322;NaN
372326;NaN
372327;NaN
372371;-0.9673736036020889
372381;NaN
372388;NaN
372399;NaN
372458;NaN
37247;NaN
372479;NaN
372489;NaN
372498;NaN
37251;NaN
372513;2.7676126813612103
372535;NaN
372545;NaN
372565;NaN
372602;NaN
372604;NaN
372612;NaN
372617;NaN
372661;NaN
372676;0.0
372681;NaN
372689;NaN
372711;NaN
372743;NaN
372769;NaN
372775;NaN
372781;NaN
372787;-1.1277366293760769
37279;3.595378247358188
372790;NaN
372830;NaN
372873;NaN
372917;NaN
372976;NaN
372989;NaN
373029;NaN
373040;NaN
373056;NaN
373062;NaN
373133;NaN
373145;-0.5523162457119996
373181;NaN
373201;NaN
373220;-0.9585038848197676
373224;-1.722825414147696
373225;NaN
373240;NaN
373248;NaN
373250;NaN
373262;NaN
373267;NaN
373273;NaN
373279;NaN
373283;NaN
373286;NaN
373308;NaN
37332;NaN
373411;NaN
373434;NaN
373456;NaN
373507;NaN
373534;NaN
37354;NaN
373592;NaN
373659;0.6391115392309632
373660;NaN
373670;NaN
373671;NaN
373680;-0.9661718342835663
373683;NaN
373691;7.261207875196275
373694;NaN
37371;NaN
373710;NaN
373712;NaN
373739;NaN
373774;NaN
373789;NaN
373870;NaN
373892;NaN
37393;NaN
373954;NaN
374010;NaN
374017;10.378542825879467
374046;NaN
374060;NaN
374068;NaN
374080;NaN
374082;NaN
374109;NaN
374129;NaN
374144;NaN
374173;NaN
374179;NaN
374185;NaN
374210;NaN
374232;0.0
374273;NaN
374288;NaN
374302;NaN
374328;3.6714984245713675
374346;NaN
374350;NaN
374372;NaN
37438;NaN
374380;NaN
374394;NaN
374402;NaN
374413;NaN
374423;5.462284645362988
374426;NaN
37448;NaN
374480;NaN
374492;0.0
374524;-4.916011516088943
374527;3.5397491635335245
374533;NaN
374534;NaN
374535;NaN
37455;NaN
374557;NaN
374566;NaN
374574;NaN
374581;NaN
374593;NaN
374627;NaN
374648;NaN
37465;NaN
374651;NaN
374660;NaN
374666;NaN
37467;NaN
374677;NaN
374706;NaN
374718;NaN
374729;NaN
374763;NaN
374772;NaN
374774;NaN
374821;NaN
374842;NaN
37487;NaN
374911;NaN
374914;NaN
374916;NaN
374932;-0.948427560707533
374934;NaN
374945;NaN
374957;-0.17025710330066435
374968;NaN
374979;NaN
375017;NaN
375035;NaN
37506;NaN
375070;0.0
375082;-0.0032887878199066023
375103;-0.17653457770025427
37511;NaN
375135;NaN
375179;NaN
375207;NaN
37522;NaN
375283;NaN
37531;0.0
375315;NaN
375344;NaN
375379;NaN
375397;NaN
375399;NaN
375420;NaN
375469;NaN
375470;NaN
375482;NaN
375496;NaN
375514;NaN
375538;NaN
375550;NaN
375576;NaN
375582;NaN
375655;NaN
375657;NaN
37567;NaN
375670;4.11363182613609
375677;NaN
375728;NaN
375758;0.49953506437870354
375783;NaN
375787;NaN
375811;0.0
375814;NaN
375815;NaN
375818;NaN
375847;-2.5025240723212123
375873;NaN
375887;NaN
37590;NaN
37591;NaN
37592;NaN
375944;NaN
375953;NaN
375974;NaN
375980;NaN
376029;NaN
376056;NaN
37607;NaN
376080;NaN
376085;NaN
376091;NaN
376116;3.2721860855266227
376138;NaN
376173;NaN
376177;NaN
376257;NaN
376368;NaN
376371;NaN
376390;NaN
376395;NaN
376397;NaN
376419;NaN
376421;NaN
376424;-5.005367601390123
37644;NaN
376445;0.0
376458;NaN
376460;NaN
376483;-0.9850047794457847
376488;NaN
376507;NaN
376546;NaN
376563;NaN
376591;NaN
376635;NaN
376641;NaN
376649;NaN
376656;NaN
376683;NaN
376721;NaN
376722;NaN
376727;NaN
376730;NaN
376760;NaN
376808;NaN
376820;NaN
376842;NaN
376857;NaN
376859;NaN
376865;NaN
376879;NaN
376892;NaN
376903;NaN
376925;NaN
376927;NaN
376941;-0.13811365148047194
376950;NaN
376954;NaN
376957;0.0
376995;NaN
377001;NaN
377003;NaN
377007;NaN
377037;NaN
377054;NaN
377058;NaN
377088;NaN
377096;NaN
377115;NaN
377118;NaN
377143;NaN
377199;NaN
377209;NaN
377221;1.6496068853154826
377238;NaN
377295;NaN
377312;NaN
377341;NaN
377344;NaN
377346;NaN
377348;-1.5985874970282898
377374;NaN
377379;NaN
377429;NaN
377443;NaN
377455;NaN
377461;6.246603097420218
377466;NaN
377493;NaN
377517;NaN
377523;NaN
377580;NaN
3776;NaN
377617;NaN
377636;NaN
377653;-0.8736992507374944
37767;7.868511046734307
377680;NaN
377704;NaN
377706;NaN
377709;NaN
377737;NaN
37774;NaN
377744;NaN
377773;NaN
37778;NaN
377804;NaN
377816;NaN
377869;NaN
377889;NaN
377899;NaN
377908;NaN
377939;-1.933882959591279
377940;NaN
377945;NaN
378023;11.153395226437498
378053;NaN
378055;NaN
378067;NaN
378112;0.0
378127;NaN
378131;NaN
378162;NaN
378182;NaN
378196;NaN
378208;NaN
378209;NaN
378211;NaN
378212;NaN
37822;-0.3889705179654035
378236;NaN
378238;NaN
378249;NaN
378265;NaN
378326;NaN
378335;NaN
378366;NaN
378390;NaN
378405;NaN
378431;NaN
378434;0.0
378443;NaN
378467;NaN
378471;NaN
37848;NaN
378480;NaN
378516;NaN
378517;NaN
378562;NaN
378564;NaN
378582;NaN
378588;NaN
378591;NaN
3786;NaN
378638;NaN
37865;NaN
378664;0.652355083481793
378665;0.6442407658145101
37868;NaN
378709;NaN
37871;0.6416996014307048
378748;NaN
378752;NaN
378783;NaN
378789;NaN
378849;NaN
378887;NaN
378889;NaN
378899;NaN
378908;NaN
37893;NaN
378987;NaN
379037;NaN
379047;NaN
379057;NaN
379090;NaN
379104;NaN
379111;NaN
379120;NaN
379123;NaN
379125;NaN
379134;NaN
379136;NaN
379152;NaN
379210;NaN
379237;NaN
379257;NaN
379312;NaN
379351;0.8330372926980081
379392;NaN
379401;2.99704399170285
379403;NaN
379419;NaN
379429;NaN
379445;NaN
379461;NaN
379465;0.0
379471;NaN
379501;NaN
379510;NaN
379514;NaN
379524;NaN
379530;NaN
379536;NaN
379547;NaN
379550;-3.0219600458606606
37956;NaN
379595;-5.309400106743146
379597;NaN
379608;NaN
379623;7.187793216012775
379626;NaN
37963;NaN
379674;NaN
379695;NaN
379743;NaN
379751;NaN
379759;NaN
379764;NaN
379771;NaN
379835;4.30712978918523
379844;NaN
379846;NaN
379856;NaN
379861;NaN
379883;NaN
37989;NaN
3799;2.992909859976284
37990;NaN
379906;5.175723898696433
379912;NaN
379933;NaN
379945;NaN
37997;NaN
379985;10.581178273278805
379995;NaN
380008;NaN
380015;NaN
380026;NaN
38008;NaN
380111;-4.496211038613001
380118;0.8882856822160943
380166;NaN
380174;NaN
380184;NaN
380190;NaN
380202;NaN
380223;4.755285553961027
380242;NaN
380247;NaN
380313;NaN
38032;NaN
38033;NaN
380331;NaN
380343;NaN
380348;NaN
380356;NaN
380358;NaN
380359;NaN
38038;NaN
380394;NaN
380397;NaN
380413;NaN
380424;NaN
380458;0.4822714692735255
380467;-2.850708111757293
380515;NaN
380518;NaN
380562;NaN
380570;NaN
380580;NaN
380582;NaN
380622;NaN
380639;NaN
380694;NaN
380698;NaN
380733;NaN
380754;NaN
380764;NaN
38077;NaN
380779;NaN
380831;NaN
380851;NaN
380883;NaN
380889;NaN
380890;NaN
380891;NaN
380894;NaN
380905;NaN
380906;NaN
380921;NaN
380936;NaN
380969;0.0
380999;NaN
38102;3.1120591323737363
38103;NaN
381031;NaN
381064;NaN
381096;NaN
381097;NaN
381104;NaN
381146;NaN
381210;NaN
38122;NaN
381230;NaN
381239;NaN
381293;NaN
381305;NaN
381360;NaN
381367;NaN
381394;NaN
381430;NaN
38145;NaN
381514;NaN
381526;NaN
381549;NaN
381558;NaN
381565;NaN
381570;NaN
381574;1.9479902942821183
381620;NaN
381665;NaN
381679;NaN
381682;NaN
38169;NaN
381690;NaN
381703;NaN
381733;NaN
381767;NaN
381771;NaN
381773;NaN
381780;NaN
381821;NaN
38184;NaN
381845;NaN
381860;NaN
381870;NaN
381919;0.07554493972895382
381935;NaN
381936;NaN
381969;NaN
38198;NaN
381997;NaN
382020;NaN
382023;NaN
382028;NaN
382035;NaN
382052;NaN
382058;NaN
382080;NaN
382089;NaN
382099;NaN
382139;NaN
382144;NaN
38215;NaN
382152;NaN
382167;NaN
382181;NaN
382188;NaN
382236;0.7824620223680774
382237;NaN
38224;NaN
38227;NaN
382270;NaN
382278;NaN
382280;0.0
382287;NaN
382314;NaN
382332;NaN
382361;NaN
382422;NaN
382425;NaN
382442;NaN
382456;NaN
382464;NaN
382490;NaN
38250;NaN
382505;NaN
382522;NaN
382526;NaN
382532;NaN
382545;NaN
382547;-0.2653228507811487
382567;NaN
382571;NaN
382594;NaN
382613;NaN
382639;NaN
382651;2.791109367206521
382689;NaN
382714;10.963658142127505
382751;NaN
382752;NaN
382768;0.0
38279;NaN
382791;NaN
382795;-1.2518989346422904
382799;NaN
382847;NaN
382881;NaN
382908;NaN
382923;NaN
382938;-4.014946873918712
382966;NaN
382987;NaN
3830;0.33634862961316214
383000;3.5757441637341665
383011;NaN
383013;NaN
383019;NaN
383028;NaN
383059;NaN
383063;NaN
383064;NaN
383073;NaN
383105;4.307990225957846
383112;NaN
383148;NaN
383168;-2.5729490645242388
383208;NaN
383213;NaN
383220;NaN
383264;2.1790989237954603
383282;NaN
383338;NaN
383359;NaN
383364;0.0
383398;NaN
383422;NaN
383426;1.9123107495318783
383488;NaN
383493;NaN
383495;0.0
383520;NaN
383523;-0.5355169704704279
3836;NaN
383604;NaN
383608;NaN
383612;3.060376961986926
383617;NaN
383649;-1.7790430325838265
383705;NaN
383707;NaN
38372;3.0700635412193145
383722;NaN
383749;NaN
383752;NaN
383774;NaN
383776;NaN
38380;NaN
383802;NaN
383820;NaN
383834;NaN
383838;NaN
383841;NaN
38385;NaN
383911;NaN
383914;NaN
383915;NaN
383932;NaN
383993;NaN
384040;NaN
38408;NaN
384082;NaN
384097;NaN
384099;NaN
384157;-3.727277283723164
384190;NaN
384213;NaN
384239;NaN
384265;NaN
384282;NaN
384289;NaN
384295;NaN
384305;NaN
384313;NaN
384322;NaN
384328;NaN
384334;NaN
384392;NaN
384422;NaN
384423;NaN
384434;NaN
384495;NaN
384499;NaN
3845;NaN
384506;NaN
384524;NaN
38454;NaN
384546;NaN
384569;NaN
38457;NaN
384572;NaN
384577;NaN
384587;NaN
384591;NaN
384592;NaN
384593;NaN
384597;NaN
3846;NaN
384601;NaN
384630;NaN
384633;NaN
384652;NaN
384664;NaN
384672;NaN
384680;NaN
384682;NaN
384695;NaN
384708;NaN
384742;NaN
384750;NaN
384759;NaN
384788;NaN
384791;NaN
38482;NaN
384831;NaN
384865;NaN
384893;4.5143642831366435
38492;NaN
384922;NaN
384958;NaN
384979;NaN
384992;NaN
385017;NaN
385111;NaN
385113;NaN
385127;3.620285365504527
385138;NaN
385143;NaN
385188;NaN
385217;NaN
385220;NaN
38526;NaN
385290;NaN
385306;NaN
385337;0.0
385427;NaN
385442;NaN
385451;NaN
385453;NaN
385458;NaN
38546;NaN
385476;NaN
385480;NaN
385489;NaN
385526;NaN
385553;NaN
385554;NaN
385575;NaN
38559;NaN
385636;NaN
385651;NaN
385664;NaN
385675;NaN
385701;0.5451084999704268
385708;NaN
385714;NaN
385718;NaN
385764;NaN
38579;NaN
385790;NaN
385829;NaN
385840;NaN
385843;NaN
385846;NaN
385849;NaN
385856;NaN
385885;NaN
385911;NaN
385912;NaN
385918;NaN
385920;NaN
385955;NaN
385963;NaN
38597;NaN
386009;NaN
386027;NaN
386038;0.0
386055;NaN
386069;NaN
386084;NaN
386091;NaN
386108;NaN
386124;NaN
386128;NaN
386136;-0.19990743307550318
38614;NaN
386151;NaN
386201;NaN
386214;11.622372833513422
386260;NaN
386274;NaN
386325;0.0
38634;NaN
386342;NaN
386359;NaN
386360;NaN
386361;NaN
386428;NaN
386437;NaN
386480;NaN
386496;NaN
386520;NaN
386539;13.535071466990765
386541;NaN
386562;NaN
386599;NaN
386607;NaN
386616;NaN
386631;NaN
386634;NaN
386642;NaN
386670;NaN
386696;NaN
386715;-3.310070397463354
386717;NaN
386731;NaN
386735;NaN
386736;NaN
386753;NaN
386756;3.070338574758048
386776;NaN
386783;NaN
386806;-0.4596335191336509
386868;NaN
386873;NaN
386881;NaN
386894;NaN
38691;NaN
386942;NaN
386946;NaN
386956;NaN
386958;NaN
386966;NaN
386981;NaN
387005;NaN
387025;NaN
387042;NaN
387069;NaN
387089;NaN
387105;NaN
387117;NaN
387135;NaN
38714;NaN
387160;NaN
387169;NaN
387170;NaN
387193;NaN
387194;NaN
387217;NaN
387222;NaN
387225;NaN
387249;NaN
387293;NaN
387301;NaN
387309;NaN
387352;NaN
387353;NaN
387404;NaN
38742;NaN
38745;NaN
387466;NaN
387479;NaN
387514;-2.5910240557892807
387524;NaN
387552;NaN
387553;NaN
387570;NaN
387578;NaN
387602;0.0
387615;NaN
387619;NaN
387632;NaN
387653;NaN
387698;NaN
387701;NaN
387708;NaN
387725;NaN
387738;NaN
387747;NaN
387777;NaN
387794;NaN
387828;NaN
387844;NaN
387851;NaN
387870;NaN
387901;NaN
387904;NaN
387921;NaN
387929;NaN
387934;NaN
387972;NaN
38799;NaN
387999;NaN
388010;NaN
388013;NaN
388025;NaN
388027;NaN
388071;NaN
388078;NaN
388081;NaN
388087;NaN
388101;5.414897694956675
388106;NaN
38811;NaN
388115;NaN
388124;NaN
388136;NaN
388175;NaN
388178;NaN
388184;NaN
388203;NaN
388204;NaN
388207;NaN
388218;NaN
388234;NaN
388244;NaN
388286;NaN
388291;0.0
388299;NaN
388300;NaN
388328;NaN
388339;NaN
388343;NaN
388345;-1.1418834665102278
388351;NaN
388359;NaN
388370;NaN
388374;NaN
38838;NaN
388388;NaN
388398;NaN
38843;NaN
388490;NaN
388495;NaN
38850;NaN
388501;NaN
388505;NaN
388527;NaN
388529;NaN
388536;NaN
388541;NaN
388565;NaN
38865;NaN
388681;NaN
38874;NaN
388756;NaN
388801;NaN
388803;NaN
388817;NaN
388832;0.0
388843;NaN
38889;NaN
388956;NaN
388992;-3.535126575086708
389010;0.0
389058;NaN
389063;5.076491918852027
389105;NaN
389106;NaN
389113;NaN
38912;NaN
389179;NaN
38918;NaN
389185;NaN
389212;NaN
389216;NaN
389220;-0.7698566906489213
389225;NaN
389229;NaN
389253;-0.3183103960840943
389299;NaN
389315;NaN
38932;NaN
389352;NaN
389363;NaN
389394;-0.3576772819717241
389429;NaN
38949;NaN
389520;NaN
389543;NaN
389549;NaN
389565;NaN
389570;NaN
389584;NaN
389622;NaN
389643;NaN
389647;NaN
389649;NaN
38967;NaN
389674;NaN
389675;NaN
389676;NaN
389681;NaN
389684;NaN
38970;NaN
389701;NaN
38972;NaN
389741;NaN
389763;NaN
389771;NaN
389793;NaN
389817;NaN
389820;NaN
389827;NaN
389828;3.9423167797088206
389876;NaN
389881;NaN
389909;NaN
389961;NaN
389997;NaN
390007;NaN
390027;NaN
39008;NaN
390089;NaN
390092;0.0
390099;NaN
390136;NaN
390146;NaN
39015;NaN
390161;NaN
390208;NaN
390295;NaN
390299;NaN
39032;NaN
390330;NaN
390340;NaN
390391;NaN
390407;NaN
390419;NaN
390430;NaN
390433;NaN
390445;NaN
390454;NaN
390461;NaN
39047;NaN
390473;NaN
390491;NaN
390500;NaN
390506;NaN
390545;NaN
390568;NaN
390571;NaN
390596;NaN
390668;NaN
390676;NaN
390696;NaN
390749;NaN
390759;NaN
390776;0.0
3908;NaN
390813;NaN
390822;NaN
390828;NaN
390829;NaN
390839;NaN
390851;NaN
390857;NaN
390869;NaN
390870;NaN
390874;NaN
390881;NaN
390884;NaN
390915;NaN
39096;NaN
391049;NaN
39105;NaN
391051;NaN
391055;NaN
39107;NaN
391071;NaN
391084;NaN
391097;NaN
3911;1.0331257858668463
39112;NaN
391122;-0.7589989726965269
391146;NaN
391194;NaN
391195;NaN
391236;NaN
391260;NaN
391308;NaN
39133;NaN
391343;NaN
391346;NaN
391347;-0.7198269632031945
391405;NaN
391430;NaN
391431;NaN
391456;NaN
391498;NaN
391516;NaN
391518;NaN
391532;0.3853317545518789
391537;NaN
391562;NaN
391586;NaN
391596;NaN
391604;NaN
39162;NaN
391677;NaN
391683;NaN
391684;NaN
391696;NaN
391710;NaN
391720;NaN
391727;NaN
391733;NaN
391742;NaN
391784;NaN
391802;NaN
39181;NaN
391836;NaN
391842;NaN
391843;0.0
391864;NaN
391870;NaN
391883;NaN
391886;NaN
391910;NaN
391966;NaN
391985;NaN
391998;NaN
392023;NaN
39203;NaN
392066;NaN
392074;NaN
392075;NaN
392079;NaN
39210;NaN
392129;NaN
392180;NaN
392278;NaN
392279;1.1099520917199583
392281;NaN
392303;NaN
392305;NaN
392347;NaN
392375;NaN
392378;NaN
392437;NaN
392488;NaN
392495;NaN
39250;NaN
392527;NaN
392528;NaN
39254;NaN
392560;0.0
392606;3.410030399995571
392642;NaN
392647;NaN
392694;NaN
3927;NaN
392728;NaN
392794;NaN
392900;NaN
392909;NaN
392914;NaN
392937;NaN
392938;NaN
39297;2.595462346212287
392975;NaN
392995;NaN
393038;NaN
393049;NaN
393110;NaN
393118;NaN
393131;NaN
393141;NaN
393145;NaN
39315;NaN
393219;NaN
393250;NaN
393253;NaN
393296;NaN
39330;NaN
393305;NaN
393322;NaN
393339;NaN
393345;NaN
393397;NaN
39340;NaN
393410;NaN
393453;NaN
393454;NaN
393484;1.0814841396218817
393487;NaN
393492;NaN
3935;NaN
39350;NaN
39351;NaN
393515;-2.4074641796489336
393524;NaN
393530;NaN
393557;NaN
393568;NaN
393587;0.0
393592;NaN
39361;NaN
393614;NaN
393636;NaN
393645;NaN
393661;NaN
393687;NaN
393744;4.913451438053755
393750;NaN
393756;NaN
393757;NaN
393768;NaN
393789;-0.12785405844876718
393842;NaN
393846;NaN
393873;NaN
393899;NaN
3939;NaN
393955;NaN
393970;NaN
393974;NaN
393978;NaN
393996;NaN
394024;0.0
394042;NaN
394043;NaN
39406;NaN
394067;NaN
394071;NaN
394153;NaN
394205;NaN
394212;NaN
394214;NaN
394237;NaN
394238;NaN
394243;NaN
394251;NaN
394264;NaN
394311;NaN
39435;NaN
39436;NaN
394363;NaN
394364;NaN
394375;NaN
394406;NaN
394412;NaN
394435;NaN
39446;NaN
394499;NaN
394501;NaN
394512;NaN
394539;1.0489551471887024
39458;4.7495418504989155
394590;NaN
394624;NaN
394640;NaN
394644;NaN
394656;NaN
394696;2.0051562066677016
394701;NaN
394729;NaN
394731;NaN
394748;NaN
39475;NaN
394759;NaN
39478;NaN
394838;0.0
394870;NaN
394875;-5.672226590671217
394878;NaN
394934;NaN
394949;NaN
395013;NaN
395014;0.0
395042;NaN
395068;NaN
395092;NaN
395103;NaN
395126;NaN
39514;NaN
395144;NaN
395156;NaN
39516;1.802192234673128
395169;NaN
395204;NaN
395239;NaN
395254;NaN
395259;NaN
395288;NaN
395317;NaN
395372;NaN
39539;NaN
395403;NaN
395420;1.9167299797920008
395424;NaN
395476;NaN
395478;NaN
39548;3.639701986345527
395516;NaN
39556;1.6681950770862193
395590;NaN
395640;NaN
395684;NaN
395697;NaN
395699;NaN
395719;NaN
395740;NaN
395756;NaN
395764;NaN
395826;NaN
395829;NaN
395842;NaN
395847;NaN
395977;NaN
395980;NaN
395986;NaN
396017;NaN
396040;NaN
396052;NaN
396058;NaN
396073;NaN
396119;4.691420314404627
39612;NaN
396129;NaN
396132;NaN
396152;NaN
396157;NaN
396161;NaN
396184;NaN
396190;NaN
396220;NaN
396239;NaN
396246;NaN
396263;NaN
396302;0.0
396313;NaN
396391;NaN
396413;NaN
396457;NaN
396471;NaN
396490;NaN
396494;1.0780412814157483
39653;NaN
396563;NaN
396586;NaN
396620;NaN
396636;NaN
396661;NaN
396662;NaN
396687;NaN
396713;NaN
396715;NaN
396750;-1.8638663159505648
396754;NaN
396763;NaN
396764;NaN
396770;NaN
396777;NaN
396784;NaN
396785;NaN
396789;NaN
396793;NaN
396794;NaN
396825;NaN
396847;NaN
396895;NaN
396897;NaN
396900;NaN
396913;NaN
396919;NaN
396925;NaN
396936;NaN
396939;NaN
396978;NaN
396997;NaN
397023;NaN
397044;6.356498711911384
397053;NaN
39707;NaN
397097;NaN
39710;NaN
397168;NaN
39720;NaN
397222;-1.6276334649896438
397234;NaN
397253;NaN
397279;NaN
397308;NaN
397322;NaN
397344;NaN
397350;NaN
397352;NaN
39736;NaN
397365;NaN
397377;NaN
397381;NaN
397392;NaN
397429;NaN
397434;NaN
397436;-3.245397496779167
397444;NaN
397465;NaN
397466;NaN
397471;NaN
397496;NaN
397558;-0.423063015164173
397566;NaN
397571;NaN
397587;NaN
397598;NaN
397647;NaN
397649;NaN
397652;NaN
397665;NaN
397668;NaN
39767;NaN
397670;NaN
39768;NaN
397702;-2.1870112344026804
397708;NaN
397736;NaN
397760;NaN
397763;NaN
397765;0.0
397766;NaN
397799;NaN
397808;NaN
397838;NaN
397839;NaN
397870;NaN
397882;NaN
397894;NaN
397901;-1.6853301062028614
397902;NaN
397907;0.0
397915;NaN
397923;NaN
397950;NaN
397963;NaN
397970;NaN
3980;NaN
398010;1.4012505534853732
398021;NaN
39807;NaN
398073;NaN
398081;NaN
398091;NaN
398104;NaN
398121;NaN
398122;NaN
398134;NaN
398138;NaN
398161;NaN
398167;NaN
398169;NaN
398187;NaN
398198;NaN
398210;4.4322864993078905
398247;NaN
398254;3.0633518840593865
398295;NaN
398306;NaN
39831;NaN
398324;NaN
39833;NaN
398332;NaN
398359;NaN
398373;NaN
398422;NaN
398434;NaN
39845;NaN
398457;NaN
398466;NaN
398472;NaN
398476;NaN
398478;NaN
398493;NaN
398495;NaN
398497;NaN
398509;NaN
398534;2.4606484175414667
398619;NaN
398639;NaN
398646;-7.636600357220294
398673;NaN
398701;-0.48690565698219135
398728;NaN
398745;NaN
398750;NaN
398768;NaN
398771;2.531883863552682
398782;NaN
398793;NaN
398807;NaN
398825;NaN
398833;NaN
398834;NaN
398838;NaN
398840;NaN
398868;NaN
398876;NaN
39894;NaN
398941;NaN
399010;NaN
399033;NaN
399035;NaN
399040;NaN
399082;NaN
399111;NaN
399119;NaN
399162;NaN
399224;NaN
399233;NaN
399238;NaN
399261;NaN
399299;NaN
399315;NaN
399333;NaN
399337;NaN
399370;NaN
399375;NaN
399417;NaN
399441;-3.532183311834708
39948;NaN
399511;1.513190761561771
399530;NaN
399532;NaN
399533;NaN
399570;NaN
39958;NaN
39961;NaN
399630;NaN
399672;NaN
399689;NaN
39977;NaN
399772;NaN
399779;NaN
39983;NaN
399832;NaN
399875;NaN
399892;NaN
39990;NaN
399902;NaN
399927;NaN
399938;NaN
39998;NaN
400012;NaN
400014;NaN
400023;NaN
40004;NaN
400048;NaN
400051;NaN
400062;NaN
400079;NaN
400092;NaN
400104;NaN
400105;NaN
400116;NaN
400147;NaN
400161;NaN
400186;NaN
4002;NaN
400203;NaN
400214;NaN
40026;NaN
400271;NaN
400305;NaN
400322;NaN
400331;NaN
400332;NaN
400344;NaN
40036;NaN
400405;NaN
400420;NaN
400433;NaN
400444;NaN
400446;NaN
400458;NaN
400482;NaN
400491;NaN
400496;NaN
400497;NaN
400501;NaN
400518;NaN
400558;NaN
400565;NaN
400574;NaN
400587;NaN
400606;NaN
40062;13.785471663970124
400623;NaN
400627;NaN
400649;NaN
400724;NaN
40074;NaN
40080;-1.4195120479349332
400814;NaN
400818;NaN
400826;NaN
400836;NaN
400839;NaN
40084;NaN
400901;NaN
400903;NaN
400909;NaN
400918;NaN
40092;NaN
400920;NaN
400929;NaN
400949;NaN
400951;NaN
400963;NaN
400974;NaN
400987;NaN
401020;NaN
401082;NaN
401085;NaN
401092;NaN
401102;NaN
401121;NaN
401135;NaN
401138;NaN
401181;NaN
401246;2.4376617956573288
401251;NaN
401263;NaN
401277;NaN
401278;0.0
401286;NaN
401295;NaN
401297;NaN
40131;NaN
401361;NaN
401364;NaN
401389;NaN
40139;NaN
401390;NaN
401414;NaN
401441;NaN
401452;NaN
401462;NaN
401465;NaN
401476;NaN
401478;NaN
401492;NaN
401514;NaN
401516;3.250269134940604
401538;NaN
401547;NaN
401550;NaN
401552;NaN
401582;NaN
40159;NaN
401601;NaN
401612;NaN
401639;NaN
401659;NaN
401677;-0.04411260207319945
401678;NaN
40171;NaN
401746;NaN
401753;NaN
401763;NaN
401771;NaN
401816;3.05641530179219
401836;NaN
401838;NaN
40185;NaN
401872;NaN
401880;NaN
401907;NaN
401937;NaN
401951;NaN
401969;NaN
401990;NaN
401993;NaN
401999;NaN
402007;-1.371205812895006
402018;NaN
402157;NaN
402219;NaN
402227;NaN
40226;NaN
40227;NaN
402291;NaN
402333;NaN
402335;NaN
402336;NaN
402367;NaN
402372;NaN
402398;NaN
402421;NaN
402471;NaN
402472;NaN
402477;NaN
402482;NaN
40249;NaN
40254;NaN
402589;NaN
40259;NaN
40263;NaN
402632;NaN
402641;NaN
402673;-1.267175004097775
402674;NaN
402730;NaN
402749;NaN
40276;NaN
402760;NaN
402762;NaN
402766;NaN
402810;NaN
402816;NaN
402831;NaN
402840;-3.736254349950745
40285;NaN
402886;NaN
402889;NaN
402903;NaN
402924;1.5155857469429863
402943;6.019730230866533
402960;NaN
402996;NaN
403021;NaN
403033;NaN
403045;5.522076519189744
403054;NaN
403091;NaN
403097;NaN
403103;NaN
403110;NaN
403111;NaN
403156;NaN
403164;NaN
403169;NaN
403184;NaN
403211;NaN
403250;NaN
403310;NaN
403323;NaN
403351;NaN
403359;NaN
403377;NaN
403410;NaN
403438;NaN
40344;NaN
403451;NaN
403478;NaN
4035;NaN
403527;NaN
403558;NaN
403562;NaN
40357;NaN
403608;NaN
403626;3.7252505448658666
40366;NaN
403667;-2.042469851467832
403705;NaN
403708;NaN
403767;NaN
403773;NaN
403778;NaN
403818;NaN
40383;NaN
403838;NaN
40386;NaN
403861;NaN
403870;NaN
403881;NaN
403963;NaN
403996;-0.7023454180169357
404012;NaN
404029;NaN
404033;NaN
404048;NaN
404056;NaN
404070;NaN
404080;-1.7500227083773146
404108;NaN
404116;NaN
404150;NaN
404161;NaN
404196;NaN
4042;NaN
404201;6.360821768494202
404205;NaN
404308;NaN
404344;NaN
404378;NaN
404379;NaN
404416;4.02683265622271
404432;NaN
404467;NaN
404502;NaN
404531;NaN
404576;NaN
404582;NaN
404606;NaN
404614;-0.7392011324553172
404630;NaN
404638;NaN
404659;NaN
404674;NaN
404696;NaN
404750;NaN
404761;NaN
404798;NaN
404813;NaN
404817;NaN
404830;NaN
404867;NaN
404885;NaN
404906;NaN
404922;NaN
404930;NaN
404934;NaN
404951;NaN
404963;NaN
404974;NaN
404991;NaN
405008;NaN
405039;2.4783972639597645
405091;NaN
4051;NaN
405103;NaN
405118;NaN
405119;NaN
405179;NaN
405192;NaN
405196;NaN
40521;NaN
405227;6.633954477902455
405267;NaN
405278;NaN
405286;NaN
405290;NaN
405299;NaN
405309;NaN
405330;NaN
405339;NaN
405352;NaN
405353;0.0
405391;NaN
405402;NaN
405413;-4.361214113747064
405426;NaN
405428;NaN
405432;NaN
40544;NaN
405442;NaN
405445;NaN
40545;NaN
405455;NaN
405457;NaN
405482;NaN
405507;NaN
405593;NaN
405596;NaN
405607;NaN
405626;NaN
405706;NaN
405737;NaN
405740;NaN
405756;NaN
405774;NaN
405814;NaN
405863;0.0
40587;NaN
405871;NaN
405907;NaN
405961;0.0
405979;NaN
405987;NaN
406029;NaN
406030;0.33584005436920694
406054;NaN
406074;NaN
406077;NaN
406095;NaN
406136;NaN
406137;NaN
406223;NaN
406290;-0.8801048839487835
40632;NaN
406320;NaN
406332;NaN
406333;0.0
406355;NaN
406365;NaN
40638;NaN
406389;NaN
406404;NaN
406406;NaN
406417;NaN
406419;NaN
406421;NaN
406443;NaN
406445;NaN
406464;NaN
406471;NaN
406493;NaN
406560;NaN
406599;NaN
406625;NaN
406687;NaN
406720;NaN
40674;NaN
406756;3.837795679520919
406757;NaN
406772;NaN
406782;NaN
406796;NaN
406800;NaN
406808;NaN
406809;NaN
406830;NaN
406842;NaN
406856;0.0
406859;NaN
406862;NaN
406872;NaN
406873;NaN
406903;NaN
406923;NaN
406943;NaN
407000;NaN
407024;NaN
407026;NaN
407038;NaN
407051;NaN
407052;NaN
407122;NaN
40716;5.046221061196623
407164;-1.919033524435146
407178;NaN
40718;NaN
40719;-3.318934923787752
407207;NaN
407210;NaN
407215;NaN
407228;NaN
407233;NaN
407246;NaN
407255;NaN
407311;NaN
407314;NaN
407328;NaN
407352;NaN
407365;NaN
407386;NaN
407393;NaN
407439;0.28901731214190185
407467;-2.233784112436043
40749;-1.4573108732847693
407494;NaN
407513;NaN
407550;2.0338068007794976
407556;NaN
407564;NaN
407567;0.0
407629;NaN
407696;NaN
407697;NaN
407722;NaN
407755;NaN
407759;NaN
407784;NaN
407803;NaN
407808;2.8497780208351924
407819;NaN
407845;0.0
407866;NaN
407888;NaN
407907;NaN
407945;NaN
407979;NaN
408037;4.060154651102092
408048;NaN
408061;NaN
408086;NaN
408112;NaN
408131;NaN
408138;NaN
40818;NaN
408180;NaN
408190;NaN
408213;NaN
40822;NaN
408226;NaN
408254;NaN
408260;NaN
408273;NaN
408302;NaN
408313;NaN
408323;NaN
408328;NaN
408329;NaN
408331;NaN
408345;NaN
408348;NaN
408351;NaN
408357;NaN
408360;NaN
408361;NaN
408381;NaN
408394;NaN
408439;NaN
40844;NaN
408458;NaN
408459;NaN
408475;NaN
408478;NaN
408484;NaN
408522;NaN
408542;NaN
408551;NaN
408581;NaN
408585;NaN
408594;0.0
408600;NaN
408642;NaN
408661;NaN
408664;NaN
408667;NaN
408678;NaN
408681;NaN
408688;NaN
408704;NaN
408724;NaN
408740;NaN
408742;NaN
408744;NaN
408750;5.029452433745448
408753;NaN
408820;NaN
408833;NaN
408839;NaN
408865;NaN
40888;NaN
408909;NaN
408954;-1.9804632897968326
408976;NaN
408982;NaN
409003;2.593469553549334
409018;NaN
409038;NaN
4091;NaN
409103;NaN
409117;-4.886410130012813
409137;NaN
409139;NaN
409149;NaN
409155;NaN
409158;NaN
409163;NaN
409172;NaN
409176;NaN
409262;NaN
409292;NaN
409298;NaN
409303;NaN
409335;NaN
409336;NaN
409347;NaN
409391;NaN
409407;NaN
40946;NaN
409489;NaN
409523;NaN
409528;NaN
409533;3.543526981480641
409552;5.299402519359595
409562;NaN
409568;NaN
409577;NaN
409600;NaN
409626;NaN
409641;NaN
409646;-3.452627043914634
409685;NaN
409697;NaN
409703;NaN
409713;NaN
409789;NaN
409804;NaN
409859;NaN
409864;NaN
409872;NaN
409873;NaN
409875;NaN
40990;NaN
409903;NaN
409923;NaN
409926;NaN
409927;NaN
409942;NaN
409947;NaN
409980;NaN
409986;NaN
409995;NaN
410059;NaN
410089;-0.9720165479441839
410136;NaN
410154;NaN
410169;NaN
410203;NaN
410213;NaN
410218;NaN
410265;NaN
410274;NaN
410280;NaN
41029;5.551302879238996
410296;NaN
410302;1.09378872575508
410331;NaN
410332;NaN
410338;NaN
410353;NaN
410381;NaN
410391;NaN
410421;0.0
410428;NaN
410463;NaN
410466;NaN
410469;NaN
410484;NaN
410540;NaN
410554;NaN
41056;NaN
410630;NaN
410637;NaN
410672;NaN
410678;NaN
410687;NaN
410714;0.0
410742;NaN
410747;NaN
410768;NaN
410775;NaN
410788;NaN
410793;NaN
410827;NaN
41084;0.33460262510630157
410844;NaN
410845;NaN
410886;NaN
410889;NaN
410893;NaN
410908;NaN
410911;NaN
410918;NaN
41093;2.6234740940911205
410931;NaN
410972;NaN
410982;NaN
411011;NaN
41103;NaN
411031;3.9496830133157785
411036;NaN
411038;NaN
41104;NaN
411050;NaN
411121;NaN
411129;NaN
411130;NaN
41116;NaN
411172;NaN
411178;NaN
411210;0.0
411231;NaN
411245;NaN
411255;NaN
411293;NaN
411309;NaN
41131;NaN
411310;NaN
411311;NaN
411315;NaN
411316;NaN
411321;3.850257776781459
411362;0.13534009873420327
411369;NaN
411403;0.0
41142;-2.523231217790368
411421;NaN
411422;NaN
411425;NaN
411433;NaN
411472;NaN
411494;NaN
411507;NaN
411516;NaN
411528;3.9174450151348466
411530;-3.1679029060933948
411540;NaN
411549;-4.467027074331846
411557;NaN
411586;NaN
411608;NaN
411632;NaN
411712;NaN
411748;NaN
411777;NaN
411847;NaN
411873;NaN
411916;NaN
411922;NaN
411940;NaN
411945;NaN
411968;NaN
411989;NaN
411992;NaN
411999;NaN
412006;NaN
412018;NaN
412059;NaN
412070;NaN
412073;NaN
412079;NaN
412109;NaN
412113;NaN
412143;NaN
412147;2.6367330850597313
412173;NaN
412176;NaN
412178;NaN
41219;NaN
412200;NaN
412201;NaN
412259;3.475225795213883
41227;NaN
412270;NaN
412308;NaN
412335;NaN
412365;NaN
412381;-2.5538368166406027
412417;NaN
412427;NaN
412451;NaN
412453;NaN
412466;NaN
412482;NaN
412517;NaN
412538;NaN
412553;NaN
412560;NaN
412572;NaN
412585;NaN
412614;NaN
412625;NaN
412649;NaN
412687;NaN
412715;NaN
412724;NaN
412738;NaN
412759;NaN
412824;1.975942009477804
41286;NaN
412877;NaN
412878;NaN
412884;NaN
412886;NaN
412888;NaN
412919;NaN
412922;NaN
412926;NaN
412941;NaN
412950;NaN
41296;NaN
412995;NaN
413042;NaN
413090;0.0
413145;NaN
413164;NaN
413168;NaN
41317;NaN
413170;NaN
413185;NaN
413194;NaN
41321;NaN
413213;NaN
413230;NaN
41325;3.7019711191459654
413300;NaN
413412;NaN
413496;NaN
413510;NaN
413513;NaN
413522;NaN
413527;NaN
413528;NaN
413530;-2.3352626703374115
413532;NaN
413551;NaN
413573;NaN
413574;NaN
413577;NaN
413588;NaN
413605;NaN
413616;NaN
413617;NaN
413635;NaN
413638;NaN
413644;NaN
413657;NaN
413666;0.0
413669;NaN
4137;NaN
413702;NaN
413734;-4.8801393605549235
413759;NaN
413771;NaN
413796;NaN
41380;NaN
413805;NaN
413807;NaN
413825;NaN
413862;NaN
413865;NaN
41387;NaN
413872;NaN
413888;NaN
413940;NaN
413957;NaN
413958;NaN
413967;NaN
41397;NaN
414007;NaN
414031;NaN
414044;NaN
414077;NaN
414081;NaN
414091;0.45217009313997353
414103;NaN
414119;NaN
41412;NaN
414128;NaN
414146;NaN
414150;NaN
414152;NaN
414159;NaN
414195;NaN
414197;NaN
414200;NaN
414220;NaN
414233;NaN
414235;NaN
41424;NaN
414261;NaN
414269;NaN
41430;NaN
414314;NaN
414332;NaN
414333;NaN
414342;NaN
41435;NaN
414394;NaN
414446;0.0
414460;NaN
414470;1.085165048722728
414490;NaN
414505;NaN
414545;NaN
414555;NaN
414584;4.5295001013742295
414603;NaN
414604;NaN
41462;NaN
414621;NaN
414626;NaN
414680;0.432690199768059
414701;NaN
414710;NaN
414728;NaN
414744;NaN
414783;NaN
414786;NaN
414806;NaN
414816;NaN
414827;NaN
414852;0.0
414858;NaN
414865;NaN
414887;NaN
414902;0.42023193416874016
414907;NaN
41491;NaN
414995;NaN
415039;NaN
41505;NaN
415051;NaN
415066;NaN
415072;NaN
415081;NaN
415094;NaN
41510;NaN
415111;NaN
415114;NaN
415116;NaN
415186;NaN
415202;NaN
415210;NaN
415213;NaN
415214;NaN
415216;NaN
415240;NaN
415266;NaN
415321;NaN
415344;NaN
415354;NaN
415355;NaN
415375;NaN
415378;NaN
415380;NaN
415388;NaN
415402;NaN
415403;NaN
415431;NaN
415433;NaN
415451;NaN
41547;NaN
4155;2.724472550730871
415501;NaN
415510;0.0
415513;NaN
415530;NaN
415549;NaN
415560;NaN
415566;5.950556106695871
415589;NaN
415621;NaN
415623;NaN
415633;NaN
41564;NaN
415644;NaN
415653;NaN
415686;NaN
415742;NaN
415756;NaN
415767;NaN
415779;NaN
415806;NaN
415818;NaN
41585;NaN
415850;NaN
415868;NaN
415873;NaN
415897;NaN
4159;2.358931444020099
415901;NaN
415932;NaN
415933;NaN
41595;NaN
415983;0.0
415991;NaN
416012;NaN
416036;NaN
416041;NaN
416048;NaN
41605;NaN
416065;-3.1013506469459315
416076;NaN
41609;NaN
416113;NaN
416120;NaN
416140;NaN
416157;NaN
416172;NaN
416174;NaN
416184;NaN
416193;NaN
416270;NaN
416276;NaN
416311;NaN
416320;NaN
416353;NaN
416389;NaN
416401;NaN
416405;NaN
41641;NaN
416411;NaN
416415;NaN
416416;NaN
416474;0.0
416534;NaN
416540;NaN
416552;NaN
416560;NaN
41657;0.05447362412815726
416570;NaN
416581;NaN
416605;NaN
416615;NaN
416621;NaN
416652;NaN
416655;NaN
416660;NaN
416697;NaN
416710;NaN
41674;NaN
416744;NaN
416761;NaN
416802;NaN
416814;NaN
416820;NaN
416833;NaN
416839;NaN
416856;NaN
416861;NaN
416902;NaN
416928;NaN
416943;NaN
416953;NaN
416958;1.7292187838788557
416991;NaN
416995;NaN
41702;NaN
417032;NaN
417043;NaN
417077;NaN
417087;NaN
417121;NaN
417132;NaN
417165;NaN
417188;NaN
417189;NaN
417197;NaN
41720;NaN
417210;NaN
417288;NaN
417313;NaN
417320;NaN
417334;NaN
417338;NaN
417342;NaN
417355;NaN
417365;NaN
417416;NaN
417431;NaN
417440;NaN
417517;-1.7121605884413036
417557;NaN
417574;NaN
417661;NaN
417694;NaN
417723;NaN
417725;NaN
417834;NaN
41785;NaN
417890;NaN
417915;NaN
417926;NaN
417927;NaN
41794;1.715797853934287
417940;NaN
417945;NaN
417967;NaN
417970;NaN
417998;NaN
41805;NaN
41806;NaN
418068;NaN
418126;NaN
418130;NaN
418144;NaN
418159;NaN
418180;NaN
418189;NaN
418203;NaN
418221;2.7248963253304783
418242;NaN
418338;NaN
418350;NaN
418358;NaN
418377;NaN
418384;NaN
418387;NaN
41839;NaN
418429;5.44974493756083
418434;-3.1793693186964056
418464;NaN
41849;NaN
418559;NaN
418567;NaN
418569;NaN
418573;0.0
418586;NaN
418588;NaN
418599;NaN
418606;NaN
418616;NaN
418684;NaN
418685;NaN
418686;NaN
418690;NaN
418721;NaN
418725;NaN
418739;NaN
418745;NaN
418750;NaN
418757;0.0
418773;NaN
418796;NaN
41880;NaN
418816;NaN
418850;-4.587397777193905
418877;NaN
418920;NaN
418940;NaN
418942;NaN
418967;NaN
419006;4.812808606474458
419016;NaN
419061;NaN
419074;NaN
419103;NaN
419144;NaN
419159;NaN
419167;NaN
419189;NaN
41920;NaN
419200;NaN
41922;NaN
41924;NaN
419253;NaN
419267;NaN
41927;NaN
419270;NaN
419277;NaN
419285;NaN
419304;0.0
419341;NaN
419344;NaN
419353;NaN
419359;NaN
41936;NaN
419391;NaN
419446;NaN
419455;NaN
419463;NaN
41950;NaN
419535;NaN
41955;NaN
419592;NaN
419613;NaN
419619;NaN
419629;NaN
419647;NaN
419648;NaN
419659;NaN
419726;NaN
419732;1.7286686020971305
41975;NaN
419806;NaN
419817;NaN
419828;NaN
419861;2.860191848669479
419867;NaN
41989;0.0
419908;0.0
419914;NaN
419931;NaN
419935;NaN
41994;NaN
419996;NaN
420010;NaN
420038;NaN
420067;NaN
420070;NaN
420072;NaN
420074;5.565337070776493
420103;NaN
420118;NaN
420138;NaN
420159;NaN
420193;NaN
420198;NaN
420205;NaN
420208;NaN
420219;NaN
420249;NaN
42026;NaN
420265;NaN
420270;NaN
420285;NaN
420287;NaN
420344;0.9151601530121865
420362;NaN
420385;NaN
420390;NaN
420446;NaN
420456;NaN
420483;NaN
420490;NaN
420493;NaN
420511;NaN
420529;NaN
420530;-0.26984405204399287
420547;NaN
420551;NaN
420558;NaN
420573;NaN
420612;NaN
420649;0.09825703962437071
42068;NaN
420724;NaN
420736;NaN
420777;NaN
420780;NaN
420791;NaN
420804;NaN
42085;NaN
420853;NaN
420873;NaN
420878;NaN
420917;NaN
420926;NaN
420951;NaN
420953;NaN
420961;NaN
420962;NaN
421016;NaN
421018;NaN
421039;NaN
421082;NaN
421089;0.0
421094;NaN
42110;NaN
421106;9.071928250931474
421110;3.9191450489626596
421152;NaN
421153;NaN
421160;NaN
421193;NaN
421212;NaN
421225;NaN
42124;-1.5686395193476808
421247;NaN
421252;NaN
421253;NaN
421269;NaN
421274;NaN
421326;NaN
421335;NaN
42136;NaN
421375;NaN
42141;NaN
421440;NaN
421451;NaN
421486;NaN
421523;NaN
421529;NaN
421532;NaN
421595;NaN
421634;NaN
421637;NaN
421652;NaN
421670;NaN
421681;NaN
421704;NaN
421801;NaN
421807;NaN
421808;NaN
421826;NaN
42183;3.60249059781193
421832;NaN
421846;NaN
421872;NaN
421894;NaN
421916;NaN
42194;NaN
421989;NaN
421999;NaN
422008;NaN
42201;NaN
422040;0.0
422059;NaN
42211;NaN
422110;NaN
422115;NaN
422140;NaN
422142;NaN
422144;NaN
422149;1.9482786342679206
422177;NaN
422222;NaN
422247;NaN
422259;NaN
422262;NaN
422264;NaN
422274;NaN
422327;NaN
422334;NaN
422344;NaN
422345;NaN
422347;NaN
422361;NaN
422364;NaN
422429;NaN
422432;NaN
422455;NaN
422475;NaN
422480;NaN
422492;NaN
422493;NaN
422495;NaN
4225;NaN
422500;NaN
42253;NaN
422536;NaN
422584;NaN
422620;NaN
422625;NaN
422630;NaN
422672;NaN
422694;NaN
422695;NaN
422713;NaN
422751;NaN
422758;NaN
42278;NaN
422782;NaN
422792;NaN
422807;NaN
422812;NaN
422854;NaN
422893;NaN
422898;NaN
422907;NaN
422955;NaN
422966;NaN
422979;NaN
423007;NaN
423010;NaN
423047;NaN
42305;NaN
423079;NaN
423116;NaN
423134;NaN
423145;NaN
423147;NaN
42315;NaN
423246;NaN
423250;NaN
423251;NaN
423264;NaN
423291;NaN
423298;NaN
423307;3.7847012636728135
423310;NaN
423326;1.9289373792412727
42335;NaN
423356;NaN
423359;NaN
42337;NaN
423384;NaN
423396;NaN
423408;NaN
423438;NaN
423439;NaN
423449;NaN
423457;NaN
423458;NaN
423482;NaN
423550;NaN
423554;NaN
423555;NaN
423560;-2.4201026219079416
42363;NaN
42364;NaN
423664;NaN
423687;NaN
423695;NaN
423698;NaN
423751;3.473975856754164
423774;NaN
423801;NaN
423805;NaN
423806;NaN
423811;NaN
423823;NaN
423825;NaN
423832;-3.3675574603576917
423868;0.0
423883;NaN
423914;NaN
423935;NaN
423951;NaN
423956;NaN
423979;NaN
423985;NaN
424005;NaN
424014;NaN
42402;NaN
424054;NaN
424065;NaN
424074;NaN
42408;NaN
424088;NaN
424103;NaN
424129;NaN
424138;NaN
424195;NaN
424196;NaN
4242;NaN
424200;NaN
424219;NaN
424230;NaN
424232;NaN
424252;NaN
424368;1.9258739645067247
424392;NaN
424403;NaN
424416;NaN
424436;NaN
42445;NaN
424454;NaN
424463;NaN
424484;NaN
424523;NaN
424577;NaN
424592;NaN
424609;NaN
424633;NaN
424645;NaN
424647;NaN
424659;NaN
42466;NaN
424664;NaN
424666;NaN
424682;NaN
424686;NaN
424698;NaN
424704;NaN
424707;NaN
424710;0.0
424716;NaN
42472;NaN
424729;NaN
424730;NaN
424739;NaN
424743;NaN
424816;NaN
424832;NaN
424841;NaN
424896;NaN
424905;NaN
424946;NaN
42497;NaN
424977;NaN
425001;NaN
425006;NaN
425023;NaN
425026;NaN
425077;NaN
425099;NaN
425104;0.8829537153595397
425129;NaN
425138;NaN
425143;NaN
425192;NaN
425207;NaN
425209;NaN
42523;NaN
425331;NaN
425333;-4.1650580832488675
425352;NaN
42537;NaN
425370;NaN
425414;NaN
425415;NaN
425416;NaN
425431;NaN
42547;NaN
425478;0.6145678633470975
425576;NaN
425595;NaN
425646;NaN
425650;-2.51733264853095
425652;NaN
425655;NaN
42566;NaN
425666;NaN
425670;NaN
425673;NaN
425674;0.9206784627554385
425688;NaN
425698;NaN
4257;2.156970357012665
425702;NaN
425722;NaN
425747;NaN
425753;NaN
425760;NaN
425772;3.8093600824173914
425776;NaN
425784;NaN
425795;NaN
425815;NaN
425863;NaN
425874;NaN
425875;NaN
425879;NaN
425898;NaN
42590;-2.319068733718418
425937;NaN
425939;-1.4965412655310013
425967;NaN
425972;NaN
425979;NaN
425999;NaN
426007;NaN
426008;NaN
426048;NaN
42605;0.6552868382607873
426051;NaN
426064;NaN
426078;NaN
42608;NaN
426087;NaN
426095;NaN
426131;NaN
426150;NaN
426161;NaN
426180;NaN
426193;NaN
426233;NaN
42624;NaN
426250;-0.13785348128959252
426270;NaN
426307;NaN
426324;NaN
426350;NaN
426357;NaN
426359;NaN
426371;NaN
426394;NaN
426400;NaN
426444;NaN
426469;NaN
42649;NaN
4265;NaN
426511;NaN
426513;NaN
426572;NaN
426608;NaN
426623;NaN
426661;NaN
426671;0.09409443843624171
426680;NaN
42670;NaN
426706;NaN
42671;NaN
426735;11.840005987389876
426739;NaN
42674;NaN
426774;1.1864667592011056
426776;NaN
426825;NaN
426833;NaN
426869;NaN
426899;NaN
426916;NaN
42692;NaN
426936;NaN
426939;NaN
427008;NaN
427012;NaN
427044;NaN
427070;3.6176795024515216
427081;NaN
427091;NaN
427092;9.146209319040679
427096;3.1332023016114317
427121;NaN
427133;NaN
427142;NaN
427158;NaN
427209;NaN
427217;NaN
427225;NaN
427235;NaN
427247;NaN
427258;0.0
427378;NaN
427404;NaN
427438;NaN
427443;NaN
427446;NaN
427450;NaN
427459;NaN
427483;NaN
42749;NaN
427500;NaN
427505;NaN
427523;NaN
427545;NaN
427589;NaN
42759;NaN
42762;NaN
42764;NaN
427647;-2.851131161429234
427688;-1.6793823932386966
427699;NaN
42772;-0.3854515725642357
42773;NaN
427736;NaN
427739;0.0
427764;NaN
427769;NaN
427808;NaN
427809;NaN
427819;NaN
42782;NaN
427832;NaN
427833;NaN
427862;NaN
427877;NaN
42788;NaN
427896;NaN
427911;5.866312049686994
427912;NaN
427955;NaN
427976;NaN
427989;NaN
428014;NaN
428055;NaN
428069;NaN
428091;NaN
42815;NaN
428152;NaN
428153;NaN
428177;NaN
428189;NaN
428209;NaN
428221;NaN
428251;NaN
428257;NaN
428263;NaN
428267;NaN
428302;NaN
428313;-0.6422498205152716
42834;NaN
428345;NaN
428363;NaN
428378;NaN
428401;NaN
428412;NaN
428511;NaN
428520;NaN
428533;NaN
42854;NaN
428556;NaN
428595;NaN
428598;NaN
428610;NaN
428657;NaN
428666;NaN
428670;NaN
428672;NaN
428673;NaN
428681;NaN
428686;NaN
428693;NaN
428704;NaN
428707;NaN
428723;NaN
428744;NaN
428750;NaN
42881;NaN
428816;2.7823074114080075
428840;NaN
428847;NaN
428910;NaN
428946;NaN
428967;NaN
428977;NaN
428980;NaN
428982;NaN
429015;NaN
429034;0.0
429040;NaN
429045;0.0
429052;NaN
429065;NaN
429082;NaN
42909;NaN
4291;NaN
42911;NaN
429120;NaN
429134;NaN
429143;NaN
429167;NaN
429171;NaN
429174;NaN
429197;3.206650962822355
429215;NaN
429218;NaN
429228;NaN
429293;NaN
429294;NaN
429315;NaN
429322;NaN
429329;NaN
429338;NaN
429351;NaN
429362;0.0
429391;NaN
429403;NaN
429409;NaN
429423;NaN
429424;NaN
429425;NaN
429429;NaN
429454;NaN
429490;NaN
429530;NaN
429547;NaN
429572;NaN
429573;NaN
429576;NaN
429579;NaN
429592;NaN
429595;NaN
429601;NaN
429631;NaN
429672;NaN
429681;NaN
429683;NaN
429697;NaN
429719;NaN
429744;NaN
429745;0.0
42975;NaN
429757;NaN
429788;NaN
429863;NaN
429864;NaN
4299;NaN
429901;NaN
429907;NaN
429916;NaN
429926;NaN
429931;NaN
429961;NaN
430009;NaN
430029;NaN
430087;NaN
430093;NaN
430096;NaN
430104;NaN
430115;NaN
43012;NaN
430157;-1.6652482874974086
430163;NaN
430170;NaN
430183;7.729309769700242
430197;NaN
4302;NaN
430206;NaN
430208;NaN
430225;NaN
430236;NaN
43025;NaN
430282;NaN
430300;NaN
430308;NaN
430325;NaN
430339;NaN
430385;NaN
430403;NaN
430429;NaN
430433;NaN
430440;NaN
430472;NaN
430478;NaN
430514;NaN
430515;3.520223042480397
430541;NaN
430558;NaN
430588;NaN
430593;NaN
430627;NaN
43065;NaN
430667;4.793036591348244
430669;NaN
430694;NaN
430701;NaN
430709;NaN
430715;NaN
43072;2.2317618482296036
430762;NaN
430798;NaN
430818;NaN
430832;NaN
430860;NaN
430885;NaN
430919;NaN
430924;NaN
430939;NaN
430943;NaN
431023;NaN
431026;NaN
431031;NaN
431063;NaN
431091;NaN
431093;NaN
431097;NaN
431103;NaN
431106;NaN
431193;NaN
431194;NaN
431217;NaN
431240;NaN
431245;NaN
431276;NaN
431280;NaN
431315;NaN
431344;NaN
43136;NaN
431368;NaN
431372;NaN
431375;NaN
431380;NaN
431397;NaN
431477;NaN
431479;NaN
431516;NaN
431527;NaN
431594;NaN
431596;NaN
4316;1.0650004447005725
43163;NaN
431714;NaN
431731;NaN
431766;NaN
43179;NaN
431805;NaN
431822;NaN
431830;NaN
431845;0.0
431847;NaN
431859;NaN
431866;NaN
43188;NaN
431882;NaN
431883;0.0
431919;NaN
431978;NaN
43198;NaN
431990;NaN
432002;NaN
432071;NaN
4321;NaN
432115;NaN
432147;NaN
432175;NaN
432176;NaN
43219;NaN
432220;NaN
432232;9.212723810152811
43224;NaN
432270;NaN
432319;NaN
432360;NaN
432428;NaN
432447;NaN
432461;NaN
432506;NaN
432520;NaN
432526;NaN
432543;NaN
432560;NaN
432565;NaN
432592;NaN
432634;NaN
432654;NaN
432674;NaN
432691;NaN
432735;NaN
432739;NaN
432750;NaN
432759;NaN
432761;NaN
432818;-0.5668845419751682
432859;NaN
432862;0.0
432884;NaN
432898;NaN
432909;NaN
432911;NaN
432938;NaN
432947;NaN
432960;NaN
432987;NaN
433022;NaN
433039;NaN
433046;NaN
433048;NaN
433051;NaN
433061;NaN
433074;NaN
433109;NaN
433120;NaN
43314;NaN
433144;NaN
433177;NaN
433181;NaN
433183;NaN
433253;NaN
433275;NaN
433281;NaN
433390;NaN
433441;NaN
433527;NaN
433576;NaN
433580;NaN
433596;NaN
433601;NaN
433613;NaN
433614;NaN
43362;NaN
433635;NaN
433640;NaN
433653;0.0
433663;NaN
433676;NaN
433685;NaN
433734;NaN
433753;NaN
433755;NaN
433784;NaN
433792;NaN
433798;NaN
433844;NaN
433851;0.0
433853;NaN
433879;NaN
433904;NaN
433911;NaN
433917;NaN
433952;NaN
433975;NaN
433996;NaN
434007;NaN
434025;NaN
434032;NaN
434038;NaN
434040;NaN
434057;NaN
434082;NaN
434114;NaN
434119;NaN
434123;NaN
434147;NaN
434149;NaN
434206;NaN
434209;NaN
434234;2.832390435455961
434235;NaN
434240;0.0
434253;0.0
434278;NaN
434299;NaN
434354;NaN
434361;NaN
434373;NaN
434375;NaN
434390;NaN
434395;16.377812912552372
4344;NaN
434401;NaN
434515;NaN
434540;NaN
4346;NaN
434608;NaN
434615;NaN
434642;NaN
434654;NaN
43467;NaN
434713;NaN
434714;1.215439636693672
434727;NaN
434729;NaN
434736;NaN
434750;NaN
434774;NaN
434775;NaN
434786;NaN
434826;NaN
43491;NaN
434918;3.0820658015824725
434952;NaN
434968;NaN
435002;NaN
435011;1.975488123421763
435079;NaN
435101;NaN
435108;NaN
435120;NaN
435131;NaN
435138;NaN
435156;NaN
435182;NaN
435225;0.0
435231;NaN
435260;NaN
435265;NaN
435269;NaN
435272;NaN
43528;3.3409091427109745
435298;NaN
435307;NaN
435316;NaN
435319;NaN
435341;NaN
435359;NaN
435413;NaN
435450;NaN
435465;NaN
435509;NaN
43551;NaN
435531;NaN
435535;NaN
435563;NaN
435578;NaN
435582;NaN
43559;NaN
435595;1.3316630677327495
4356;NaN
435625;2.3194317339324035
435741;NaN
435753;NaN
435758;NaN
435784;NaN
435829;NaN
435851;NaN
435853;NaN
43589;NaN
43591;NaN
435925;NaN
435934;NaN
435946;NaN
435971;NaN
435987;NaN
436015;NaN
436036;NaN
436146;NaN
436148;NaN
436157;NaN
436164;NaN
436190;NaN
436191;NaN
436212;NaN
436234;NaN
43625;NaN
436276;NaN
436313;NaN
436317;NaN
436318;NaN
436360;NaN
436374;0.0
436375;NaN
436380;NaN
436458;NaN
436467;NaN
436480;NaN
436484;NaN
436542;NaN
436551;NaN
436552;NaN
436558;NaN
436565;NaN
436609;NaN
436616;NaN
436622;NaN
436633;NaN
436652;NaN
436653;NaN
436658;NaN
436659;NaN
436750;NaN
436768;NaN
436795;NaN
436808;0.31186811105262807
436863;NaN
436877;NaN
436896;NaN
436917;NaN
436918;6.948170703783389
436925;NaN
436943;NaN
436948;NaN
436954;NaN
436962;NaN
436963;NaN
436973;NaN
436988;NaN
437007;NaN
437020;1.4331791336859916
437036;NaN
437069;NaN
437075;NaN
437082;NaN
43709;NaN
437094;2.7966045346520896
437097;NaN
437106;NaN
437111;NaN
437128;NaN
437163;4.670741271386649
437195;NaN
437220;NaN
437234;NaN
437238;NaN
437239;NaN
437276;0.11921658856750239
437283;NaN
437284;NaN
437291;NaN
437336;NaN
437384;NaN
437414;NaN
43742;NaN
437429;NaN
437432;0.0
437437;1.5786278207548758
437479;NaN
437560;6.207405774862423
437581;NaN
437627;NaN
437629;NaN
437635;NaN
437669;NaN
437712;NaN
437714;NaN
437728;NaN
437760;NaN
437768;NaN
437785;NaN
437810;NaN
437837;NaN
437851;-0.7009250112614501
437853;NaN
437861;NaN
437863;NaN
437888;NaN
43789;0.0
437901;NaN
437913;NaN
437919;NaN
437927;NaN
437938;NaN
437944;NaN
437953;NaN
437957;NaN
437989;NaN
438;NaN
4380;NaN
438037;NaN
438039;NaN
438047;0.0
43807;NaN
438152;NaN
438172;0.0
438178;-0.27793938839776366
438179;NaN
438184;NaN
438186;-1.970351485421685
4382;NaN
438206;NaN
438236;NaN
438252;NaN
438277;0.0
438287;NaN
43829;NaN
438298;NaN
438307;NaN
438390;NaN
438399;NaN
438430;NaN
438433;NaN
438438;NaN
438455;NaN
438467;NaN
43848;NaN
438485;0.05966804417043964
438496;NaN
438499;NaN
438504;NaN
438569;NaN
438604;NaN
43863;NaN
43864;NaN
438648;NaN
438673;NaN
438710;NaN
438734;NaN
438743;NaN
438756;NaN
438789;NaN
438802;NaN
438807;NaN
43891;NaN
438915;NaN
438917;NaN
438953;NaN
438985;NaN
439010;2.872976277846076
439024;NaN
439040;-2.1762069246848923
439045;NaN
439046;NaN
439059;NaN
439062;NaN
43908;NaN
439082;NaN
43909;NaN
439090;NaN
439101;NaN
43911;NaN
43914;NaN
439141;NaN
439148;NaN
439150;NaN
439262;NaN
439276;NaN
439278;NaN
439284;NaN
439285;NaN
439287;NaN
439298;NaN
439299;NaN
439300;NaN
439312;NaN
439316;NaN
439322;NaN
439323;8.07611869796864
439333;NaN
439339;NaN
439366;NaN
439367;NaN
439389;NaN
439391;NaN
439395;0.0
439412;NaN
43944;NaN
439440;-1.4189561920276526
439452;NaN
439453;NaN
439478;NaN
439494;NaN
439505;NaN
43951;NaN
439524;NaN
439525;NaN
439533;NaN
439534;NaN
439580;NaN
439600;NaN
439611;NaN
439617;4.606383750901639
43963;NaN
439651;NaN
439689;NaN
439705;NaN
439720;NaN
439746;NaN
439751;1.727393925507972
439775;NaN
439788;NaN
439795;NaN
439799;NaN
439818;NaN
439861;NaN
439898;NaN
439903;NaN
439921;NaN
439923;NaN
439930;NaN
439952;NaN
439959;NaN
439990;NaN
440005;NaN
440023;NaN
440116;NaN
44012;NaN
440121;0.0
440140;0.0
440145;NaN
440152;NaN
440155;NaN
440162;NaN
440171;NaN
440174;NaN
440201;NaN
440212;NaN
440227;NaN
44026;NaN
440263;NaN
440266;NaN
440271;NaN
440278;NaN
440281;-0.501838443235264
440286;NaN
440293;NaN
440310;NaN
440343;4.257852451606398
440346;NaN
440348;NaN
440366;NaN
440449;NaN
440458;NaN
44046;NaN
440481;NaN
440487;NaN
440509;NaN
440533;NaN
440555;NaN
440556;NaN
440565;NaN
440599;NaN
440607;NaN
440652;NaN
440658;NaN
440682;NaN
440745;NaN
440764;0.0
440794;NaN
440822;NaN
440824;NaN
440853;-0.8622647091007246
440909;NaN
440931;NaN
440933;NaN
440944;NaN
440951;NaN
440987;NaN
440993;NaN
441006;NaN
441012;0.0
44102;NaN
441060;NaN
441095;-4.509872539987832
441169;NaN
441204;NaN
441216;NaN
441235;-0.3829932073007576
441239;NaN
441283;NaN
441362;NaN
441365;NaN
441387;NaN
441399;NaN
441400;NaN
441402;NaN
441434;NaN
441436;NaN
44145;NaN
44149;NaN
441500;NaN
441537;NaN
441566;1.50102191843839
441594;NaN
441628;NaN
441662;NaN
441677;NaN
441690;0.7368897345896663
441702;NaN
441705;NaN
44171;NaN
441718;NaN
441724;NaN
441733;NaN
441739;NaN
441742;NaN
441746;NaN
441759;-2.245740310173055
441769;NaN
441809;NaN
441816;NaN
441841;NaN
441855;NaN
44187;NaN
441872;NaN
441892;NaN
441926;0.0
441942;NaN
44195;NaN
441956;NaN
441987;NaN
442006;NaN
442040;NaN
442052;NaN
442059;NaN
442066;NaN
442124;NaN
442158;NaN
44217;NaN
442241;NaN
442246;NaN
442268;-1.6651777187301262
442283;NaN
442371;0.0
442376;NaN
442419;NaN
442434;NaN
442462;0.4644420913425118
442494;-3.1803734293119903
442555;NaN
442562;NaN
442569;NaN
442605;NaN
442606;NaN
442614;NaN
442615;NaN
442616;NaN
442633;NaN
442657;NaN
442669;NaN
442717;0.0
442772;NaN
442787;0.0
442798;0.0
442801;NaN
442832;NaN
442852;NaN
442859;NaN
442867;NaN
442881;NaN
442890;NaN
442897;NaN
442909;NaN
442920;NaN
442946;NaN
442962;NaN
442994;NaN
443033;NaN
44305;NaN
443074;NaN
443102;NaN
443108;NaN
443125;NaN
443139;NaN
443150;NaN
443178;NaN
443194;NaN
443204;1.6602738709105633
443205;NaN
443236;NaN
443277;0.0
443295;NaN
44331;NaN
443310;NaN
443320;NaN
443350;NaN
443396;NaN
443423;NaN
44346;2.448458669328484
443460;NaN
443465;NaN
443479;NaN
443521;NaN
443529;NaN
443534;NaN
443546;NaN
443557;NaN
443582;NaN
44360;NaN
443601;NaN
443638;NaN
443646;NaN
443676;NaN
443711;NaN
443718;NaN
443731;NaN
443733;NaN
443738;NaN
443763;NaN
443768;NaN
443786;NaN
443799;NaN
443801;NaN
443849;NaN
443867;NaN
443938;NaN
443949;NaN
443964;NaN
444003;NaN
444006;0.0
44401;NaN
444067;NaN
44407;NaN
444101;NaN
444150;NaN
444175;NaN
44419;NaN
444196;NaN
444220;NaN
444221;NaN
444228;NaN
444233;NaN
444246;NaN
44426;NaN
44427;NaN
444290;NaN
444307;NaN
444333;NaN
44435;7.657035753226145
444352;NaN
44436;NaN
444375;NaN
444384;NaN
444385;NaN
44440;NaN
444403;NaN
444451;NaN
444503;NaN
444504;NaN
444526;NaN
444530;NaN
444555;NaN
44456;NaN
444583;NaN
444591;NaN
444596;0.0
444625;2.506330919526147
444640;NaN
444671;1.0520899944499098
444675;NaN
444706;NaN
44475;-3.4062354909527826
444751;NaN
444806;NaN
444822;NaN
444865;NaN
444898;NaN
444916;2.36342558469733
444949;NaN
444971;NaN
444992;NaN
444997;NaN
445014;NaN
445040;NaN
445051;NaN
445077;NaN
445097;NaN
445110;NaN
445128;NaN
445154;NaN
445162;NaN
445164;NaN
445176;NaN
44523;NaN
445245;NaN
445253;4.376479545300429
445317;NaN
445349;NaN
445383;0.7114219919169331
445385;NaN
445391;NaN
445407;NaN
445408;NaN
445417;NaN
44544;NaN
44546;NaN
445477;NaN
445498;NaN
445525;NaN
44554;NaN
445543;NaN
44558;NaN
445584;NaN
445592;NaN
445608;NaN
445613;NaN
445658;NaN
445660;NaN
445684;NaN
445698;NaN
445701;NaN
445704;-0.09080065416723182
445720;NaN
445737;NaN
44575;NaN
44576;NaN
445782;NaN
445813;NaN
445827;NaN
445865;0.0
445880;NaN
445883;NaN
44589;3.9577578384306755
445912;NaN
445947;NaN
445948;NaN
445957;NaN
446001;NaN
446019;NaN
446062;NaN
446076;NaN
44609;NaN
446110;NaN
446169;NaN
44618;NaN
446185;NaN
446207;NaN
446221;NaN
446244;NaN
446253;NaN
446259;NaN
44627;NaN
446275;NaN
446289;NaN
44629;NaN
446305;NaN
446412;NaN
446423;NaN
446471;NaN
446472;NaN
446524;NaN
446532;NaN
44655;NaN
446557;NaN
446573;-2.2076494911282696
44664;NaN
446651;NaN
446679;NaN
446702;NaN
446708;NaN
446755;NaN
446765;NaN
446771;-2.7900206502941804
446804;NaN
446811;NaN
446825;NaN
44683;NaN
446864;NaN
446877;NaN
446879;NaN
446896;NaN
446913;NaN
446947;NaN
446959;NaN
446973;NaN
446976;NaN
446981;NaN
446985;NaN
447001;NaN
447004;NaN
447017;NaN
447022;NaN
447034;NaN
447041;NaN
447058;NaN
447065;NaN
447074;NaN
447102;NaN
447165;NaN
447179;5.730607195322218
447190;NaN
447193;NaN
447196;NaN
447216;NaN
447217;NaN
447219;NaN
44723;NaN
44725;NaN
447271;NaN
447277;NaN
447280;NaN
447324;NaN
447326;NaN
447328;NaN
447329;NaN
447340;NaN
447345;NaN
447355;NaN
44736;NaN
447360;NaN
447371;NaN
447385;NaN
447400;1.3549787164798697
44743;NaN
447449;NaN
447453;NaN
44750;NaN
447517;NaN
447537;1.7273080591033607
447541;NaN
447553;NaN
447587;NaN
447612;NaN
447624;NaN
447634;NaN
447662;NaN
447678;NaN
447689;NaN
44773;NaN
447752;NaN
447771;NaN
447786;NaN
447801;NaN
447810;NaN
447820;NaN
447881;NaN
447917;NaN
447980;NaN
44800;NaN
448012;NaN
448042;NaN
448056;NaN
44808;NaN
448087;NaN
448098;NaN
448099;NaN
448103;NaN
448147;NaN
448149;NaN
448164;NaN
448191;NaN
448205;NaN
448211;NaN
448223;NaN
448236;NaN
448262;NaN
448288;NaN
448291;NaN
448293;-3.76849873734712
448310;NaN
448313;NaN
448337;1.8889299326910274
448345;NaN
448380;NaN
448401;NaN
448441;-0.08960164161405304
44845;NaN
448452;NaN
448454;NaN
44846;NaN
448507;NaN
448509;NaN
448539;NaN
448548;-2.9170159626006553
448551;NaN
448554;NaN
448561;NaN
448597;NaN
448598;NaN
4486;NaN
448620;-1.3222345878834596
448623;-0.2125117239942773
448629;NaN
448666;NaN
448679;NaN
448691;NaN
448728;NaN
448736;NaN
44874;-0.4758804090940483
44875;NaN
448769;NaN
448770;NaN
4488;NaN
448800;NaN
448818;NaN
448856;NaN
448859;NaN
448893;0.0
448899;NaN
448914;NaN
448915;NaN
44898;NaN
449004;NaN
449025;NaN
44918;NaN
44925;NaN
44938;NaN
45014;NaN
45033;NaN
45060;-0.879147653439132
45075;NaN
4508;NaN
45084;NaN
4512;NaN
45132;3.871532194858591
45155;NaN
45158;NaN
45165;NaN
45170;NaN
45175;NaN
45187;NaN
4519;NaN
45204;NaN
45250;NaN
45267;NaN
45291;NaN
45312;NaN
45339;NaN
45381;NaN
45394;NaN
45400;NaN
45411;NaN
45449;NaN
4545;NaN
45529;NaN
45538;NaN
45561;NaN
45624;NaN
4563;1.0268973317558043
45635;NaN
45652;NaN
45658;1.5172009957500936
45662;NaN
45675;3.882751345918743
45682;NaN
45707;NaN
45716;NaN
45727;NaN
4577;NaN
45795;NaN
45802;0.9218986887239993
45813;NaN
45828;NaN
45849;NaN
45861;NaN
45879;NaN
45883;NaN
45956;NaN
45967;NaN
4597;NaN
46016;0.23156328183514518
46034;NaN
46054;NaN
46086;NaN
46090;NaN
46099;NaN
46110;NaN
46117;NaN
4613;NaN
46174;0.9195129379712834
46175;NaN
46182;NaN
46211;NaN
46224;NaN
46232;NaN
46235;NaN
46242;NaN
46248;NaN
4625;NaN
46284;NaN
46286;NaN
46321;NaN
46334;NaN
46338;NaN
4635;NaN
46351;NaN
46357;NaN
46408;NaN
46429;NaN
46444;8.026707898470278
46447;NaN
46496;NaN
46517;NaN
46537;NaN
46544;NaN
4657;NaN
46583;5.637231798718615
4659;NaN
46592;0.0
46601;NaN
46621;NaN
46625;NaN
4663;NaN
46653;NaN
46662;NaN
46672;NaN
46674;NaN
46683;-1.7457030407709686
46705;NaN
46707;NaN
46725;NaN
46798;NaN
46816;NaN
46818;NaN
46836;NaN
46853;NaN
46878;NaN
46883;NaN
46908;NaN
46934;NaN
46961;NaN
46967;NaN
46971;NaN
46984;NaN
47079;NaN
4711;NaN
4713;NaN
47148;NaN
4719;NaN
47191;4.054207398063369
47196;NaN
47201;NaN
47224;NaN
47234;NaN
47248;NaN
47255;NaN
47261;NaN
47270;NaN
47284;NaN
47293;NaN
47309;NaN
47333;NaN
47342;NaN
47344;NaN
47368;NaN
47378;NaN
47385;NaN
4739;NaN
47404;NaN
47408;NaN
47415;NaN
47447;NaN
47474;NaN
47477;0.0
4750;4.917179726768645
47501;NaN
47502;NaN
47534;NaN
47538;NaN
47593;NaN
47606;NaN
47648;NaN
47657;NaN
47669;NaN
47723;5.9546693575561855
47751;NaN
47796;NaN
47833;NaN
47853;NaN
47870;NaN
47875;NaN
47916;NaN
47936;NaN
4798;NaN
47985;NaN
47998;NaN
48016;NaN
48017;NaN
48057;NaN
48095;NaN
48097;NaN
48122;NaN
48147;NaN
48149;NaN
48155;3.0647395997399873
48185;NaN
48188;-0.5000919207077288
48199;NaN
48203;0.5143766671133654
48218;2.313258781024207
48248;NaN
48287;NaN
48297;NaN
48307;NaN
4836;NaN
48368;NaN
48386;NaN
48391;NaN
48420;NaN
48425;NaN
48435;NaN
48453;NaN
48463;NaN
48493;NaN
48500;NaN
48502;NaN
4852;NaN
48540;NaN
48552;NaN
48604;NaN
48611;NaN
48628;NaN
48654;NaN
48710;NaN
48715;16.822548837926302
48723;NaN
48729;2.6796532713725494
48753;NaN
48791;NaN
48801;NaN
48829;NaN
48841;NaN
48855;NaN
48856;NaN
48859;7.417356379195403
48872;NaN
48892;NaN
48909;NaN
48919;NaN
48925;NaN
48935;NaN
48940;NaN
48942;NaN
48944;NaN
48974;NaN
48975;NaN
48980;NaN
49039;NaN
4904;NaN
49041;NaN
49057;NaN
49172;NaN
49174;NaN
4918;NaN
492;NaN
49207;4.04829323320445
49261;NaN
49271;NaN
49273;NaN
49284;NaN
49298;NaN
49305;NaN
49324;-2.2389202986105223
49339;2.466322462432729
4934;NaN
49340;NaN
49341;1.8801516806490057
49349;NaN
49365;NaN
49380;NaN
49382;NaN
49391;NaN
494;NaN
49400;NaN
49411;NaN
49458;NaN
4949;NaN
49539;NaN
49557;NaN
49568;0.19661297401330968
49587;1.809744043378086
49598;NaN
49609;NaN
49626;NaN
4964;NaN
49656;NaN
49667;NaN
49686;NaN
49700;NaN
49716;NaN
4972;NaN
49734;NaN
49779;NaN
49785;NaN
49787;NaN
49834;7.002943020529838
49845;NaN
49867;NaN
4987;NaN
49884;NaN
49908;NaN
49920;NaN
49931;NaN
49943;NaN
49944;NaN
4998;NaN
49980;NaN
49985;NaN
49990;NaN
49993;NaN
50066;NaN
5007;NaN
50077;NaN
50085;NaN
50096;NaN
50112;-0.6641221360700315
5013;NaN
50134;NaN
50141;NaN
50168;NaN
50204;NaN
50234;NaN
50236;NaN
50237;NaN
50300;NaN
50376;6.985835838768015
50387;NaN
50405;NaN
50406;NaN
5042;2.007964987938074
50420;NaN
50442;-0.8080804654923484
5045;NaN
50458;NaN
50525;NaN
50534;NaN
50549;NaN
50553;NaN
50586;NaN
50599;NaN
50601;NaN
50658;NaN
50665;NaN
50677;NaN
50683;NaN
50711;NaN
50714;4.514861352155936
50716;NaN
50723;NaN
50732;NaN
50756;NaN
50761;NaN
50771;NaN
50776;NaN
50800;NaN
50805;NaN
50822;NaN
50834;NaN
50859;NaN
50865;NaN
50878;-0.37985376036031204
50879;NaN
50914;NaN
50934;NaN
50941;NaN
50956;-2.664446649557437
50984;NaN
50994;NaN
50995;0.0
510;NaN
51001;NaN
51074;NaN
51102;NaN
51120;NaN
51122;NaN
51137;NaN
51141;NaN
51185;NaN
51198;NaN
51213;NaN
51222;NaN
51227;NaN
51243;NaN
51277;NaN
51284;NaN
51293;NaN
51316;NaN
51324;NaN
51338;NaN
51398;NaN
51454;NaN
51467;NaN
51473;5.642488616619435
51474;NaN
51549;NaN
5155;NaN
51580;NaN
51609;NaN
51626;NaN
51632;NaN
51634;NaN
51673;-1.082430470233332
51675;NaN
51678;NaN
51680;NaN
51691;NaN
51703;NaN
51745;NaN
51832;NaN
51843;NaN
51855;NaN
51860;NaN
51873;NaN
5188;0.15034343633719272
51898;NaN
51903;NaN
51940;NaN
51948;0.5377541977611725
51950;NaN
51991;NaN
52001;NaN
52040;NaN
52058;NaN
52060;NaN
52088;NaN
52118;NaN
52147;NaN
52163;NaN
52169;NaN
52170;NaN
52183;-0.47672656337484964
52201;NaN
52231;NaN
52234;NaN
52240;NaN
52265;NaN
52335;NaN
52388;NaN
52404;NaN
52409;NaN
52523;NaN
52528;NaN
5253;NaN
52547;NaN
5257;NaN
52571;NaN
52586;NaN
52638;NaN
52648;NaN
52653;NaN
52662;NaN
52680;NaN
52696;NaN
52728;NaN
52746;NaN
52805;NaN
52806;NaN
5289;NaN
52891;NaN
52902;NaN
52907;NaN
5293;NaN
52985;NaN
5303;NaN
5304;NaN
53053;NaN
53084;NaN
53116;NaN
53129;NaN
53239;NaN
53303;NaN
53305;NaN
53308;NaN
53342;NaN
53365;NaN
53380;NaN
53428;NaN
53442;NaN
53453;NaN
53459;NaN
53467;NaN
53510;NaN
53536;NaN
53587;NaN
53622;NaN
53628;4.091335957763301
53669;-0.39267519725673067
53694;NaN
53700;NaN
53703;2.1409419665570093
53747;NaN
5375;NaN
53781;NaN
53789;NaN
53811;NaN
53814;NaN
53824;NaN
53846;NaN
53882;NaN
53892;NaN
53915;NaN
53925;NaN
5393;NaN
53946;NaN
53957;NaN
53958;NaN
54011;NaN
54012;NaN
54032;NaN
5404;NaN
54046;NaN
54052;NaN
5407;NaN
54071;NaN
54094;NaN
54103;NaN
54128;NaN
54129;NaN
54153;NaN
54179;NaN
54215;NaN
54248;NaN
54296;NaN
5430;NaN
54333;NaN
54365;NaN
54416;NaN
5442;NaN
54428;NaN
54436;NaN
54471;NaN
54472;NaN
5448;NaN
54484;NaN
54500;4.5347863115811275
5451;NaN
54519;NaN
54537;NaN
54555;NaN
54564;NaN
54614;NaN
54646;NaN
54665;NaN
54683;NaN
54687;NaN
54726;NaN
54735;NaN
54745;NaN
54780;NaN
54785;NaN
548;NaN
54828;NaN
5483;NaN
5486;NaN
54861;NaN
54873;NaN
54880;NaN
54885;NaN
54903;4.430707306842159
54929;NaN
55028;3.48082046420706
55044;NaN
55055;NaN
55059;NaN
5507;NaN
55146;NaN
55150;NaN
55174;NaN
55192;NaN
55201;NaN
5521;NaN
55217;-1.446854861682201
55240;NaN
55255;NaN
55267;NaN
55269;NaN
55271;NaN
55295;NaN
55321;NaN
55329;NaN
55359;NaN
55370;NaN
55394;NaN
55416;NaN
55427;NaN
55449;NaN
5549;NaN
55493;NaN
5550;NaN
55517;NaN
55543;NaN
55548;6.510784657254451
5555;NaN
55552;-0.6992881708652983
5556;NaN
55570;NaN
55580;NaN
55589;NaN
55600;NaN
55636;NaN
55665;NaN
55668;NaN
55702;NaN
5572;NaN
55732;NaN
55740;1.1095079353358817
55751;NaN
55759;NaN
55822;NaN
55826;NaN
55831;NaN
55848;NaN
55850;NaN
55853;NaN
55866;NaN
55879;NaN
55975;NaN
55982;NaN
55994;NaN
56004;NaN
56015;NaN
56033;NaN
56037;NaN
56062;NaN
5609;NaN
56122;NaN
56181;NaN
56221;NaN
56277;NaN
56278;NaN
56289;NaN
56294;NaN
56305;NaN
56336;NaN
56349;NaN
56381;NaN
56399;NaN
5642;NaN
56463;NaN
56475;NaN
56509;NaN
56530;NaN
56573;NaN
56606;NaN
56612;NaN
56620;NaN
56624;NaN
56626;NaN
56633;NaN
56649;NaN
56684;NaN
56708;NaN
56732;NaN
56739;NaN
56752;NaN
56771;NaN
56777;NaN
5679;NaN
56799;NaN
56812;NaN
56869;NaN
56882;NaN
56920;NaN
56927;NaN
5694;NaN
56945;NaN
56967;NaN
56976;NaN
56990;NaN
57012;NaN
57016;NaN
57041;NaN
57053;-4.264189233298563
57060;2.2623421079229966
57070;NaN
57078;NaN
57081;NaN
57090;NaN
57185;NaN
57189;NaN
5719;NaN
57204;NaN
57231;NaN
57238;NaN
57280;NaN
57283;NaN
57301;NaN
57334;-1.997581263924534
5738;NaN
57412;NaN
57440;NaN
57452;NaN
57466;0.0
57481;NaN
57509;NaN
57525;NaN
57541;NaN
57552;NaN
57565;NaN
5757;NaN
57585;NaN
57612;NaN
57645;NaN
57646;NaN
57706;NaN
57728;NaN
57739;NaN
57743;NaN
57775;NaN
57817;NaN
57820;NaN
5783;NaN
57831;NaN
579;NaN
57942;NaN
5795;NaN
58;NaN
58012;NaN
58045;NaN
58071;NaN
58085;NaN
58087;NaN
58095;NaN
58106;NaN
58144;NaN
58146;NaN
58149;NaN
58152;NaN
58179;NaN
58181;NaN
58190;NaN
58212;NaN
58219;NaN
58229;NaN
5824;NaN
58252;NaN
58263;NaN
58274;NaN
5829;NaN
58349;NaN
58355;NaN
58381;NaN
58384;3.389685681255152
58416;NaN
58424;NaN
58461;NaN
58465;NaN
58489;NaN
58503;NaN
58506;NaN
58510;NaN
58516;-1.8196943253458586
58534;2.2806596116070956
58555;NaN
58559;NaN
58622;NaN
58627;NaN
58661;NaN
58669;NaN
58672;NaN
58713;NaN
58736;NaN
5876;NaN
5877;NaN
58787;NaN
5879;NaN
58812;NaN
58824;NaN
58861;NaN
58874;NaN
58877;NaN
58878;NaN
58892;NaN
58900;NaN
58917;NaN
58926;NaN
58952;NaN
58959;NaN
58997;NaN
59013;NaN
59027;NaN
59035;NaN
5906;0.0
59142;2.0010324950695857
59176;NaN
59190;NaN
59203;NaN
5921;0.0
59215;NaN
59226;NaN
59254;-4.290403433681935
59278;NaN
59393;NaN
59398;NaN
59416;NaN
59451;NaN
59470;0.0
59471;-0.8254799494009936
59489;NaN
59539;NaN
59550;NaN
59637;NaN
59649;NaN
59652;NaN
59679;NaN
59692;2.330483350299074
59697;NaN
59699;NaN
59711;NaN
59712;0.8501824971102487
59716;NaN
59720;-1.5486340278500037
59767;NaN
59776;NaN
59784;NaN
59824;NaN
5987;NaN
59874;NaN
59901;NaN
59940;NaN
59989;NaN
59993;NaN
60004;NaN
60037;NaN
6006;-0.5114819501151382
60060;NaN
60066;NaN
60073;NaN
60077;2.262939477680668
60088;NaN
6009;NaN
60117;4.682311897320812
60156;NaN
6020;NaN
60215;NaN
60223;NaN
60240;NaN
60245;NaN
60259;NaN
60324;NaN
60384;NaN
60387;NaN
60394;NaN
60425;NaN
60433;NaN
6047;NaN
60489;NaN
60526;NaN
60542;NaN
60556;NaN
60570;NaN
6059;NaN
60590;NaN
60599;NaN
60617;NaN
60632;NaN
60638;NaN
60640;NaN
6065;NaN
60661;NaN
60666;NaN
60668;NaN
60681;NaN
60703;NaN
60731;NaN
60740;NaN
60753;NaN
60754;NaN
60763;NaN
60768;NaN
60773;NaN
6080;NaN
60800;NaN
60851;NaN
60860;NaN
60862;-5.900092242993662
60877;NaN
60882;NaN
6090;NaN
60911;NaN
60912;NaN
60920;NaN
60931;NaN
60954;NaN
60958;0.0
60987;NaN
60991;NaN
60992;NaN
61027;NaN
61028;NaN
61039;NaN
61065;NaN
61074;NaN
61077;NaN
61092;NaN
61095;NaN
61105;NaN
61142;3.417751282127234
61149;NaN
61186;NaN
61232;-8.127496921756402
61252;NaN
61259;NaN
6126;NaN
61273;NaN
61337;NaN
61349;NaN
61363;NaN
61380;NaN
61384;NaN
61397;NaN
6140;NaN
61400;NaN
61426;NaN
61481;NaN
61502;NaN
61517;-1.1128322296298623
61523;NaN
61577;NaN
61604;NaN
61653;NaN
61654;0.9320111807214553
61656;NaN
61672;NaN
61677;NaN
61680;NaN
61691;NaN
61724;NaN
6174;NaN
6179;NaN
61802;NaN
61846;NaN
61848;NaN
61879;NaN
61896;4.298583858804404
61899;NaN
619;NaN
61935;NaN
61957;NaN
6196;NaN
61965;NaN
61982;NaN
62040;NaN
62052;NaN
62077;NaN
62081;NaN
62119;NaN
62133;NaN
62148;NaN
62152;NaN
62183;NaN
62189;NaN
62190;2.632147656240989
62250;-0.5997080037197415
62284;-1.149779617693579
62292;NaN
62297;NaN
62301;NaN
62310;NaN
62357;NaN
62364;NaN
6238;NaN
62383;NaN
6241;NaN
62411;NaN
62419;NaN
62421;NaN
62422;NaN
62423;NaN
62433;NaN
62439;NaN
6246;NaN
6247;NaN
62496;NaN
62503;NaN
62506;NaN
62535;NaN
62548;NaN
62550;NaN
62577;NaN
62583;NaN
6259;NaN
62592;NaN
6261;NaN
62662;NaN
62663;NaN
62756;NaN
62763;NaN
62768;NaN
62796;NaN
62797;NaN
62830;NaN
62868;NaN
62871;NaN
62882;4.949600520327483
62900;NaN
62901;NaN
6291;NaN
62921;NaN
62936;NaN
62955;NaN
6296;NaN
62992;NaN
63;NaN
63000;NaN
63006;NaN
63011;NaN
63013;NaN
63074;0.0
63089;NaN
63116;NaN
6312;NaN
63121;0.255621425197885
63125;NaN
63169;NaN
63170;NaN
63175;-5.140438701581385
63199;NaN
63207;NaN
63224;NaN
63225;-0.2926161445822134
63233;NaN
63234;-1.1545363265730169
63248;2.0092153146519474
63282;NaN
63297;NaN
63303;NaN
63316;NaN
63321;NaN
63345;NaN
63371;-4.161476827611479
63395;NaN
63399;NaN
63428;NaN
63453;NaN
63459;NaN
6346;NaN
63491;NaN
63523;NaN
63524;NaN
63538;NaN
63540;NaN
63565;NaN
63636;NaN
63643;NaN
63655;NaN
63665;NaN
63692;NaN
6371;NaN
63711;NaN
63726;NaN
63727;NaN
63749;NaN
63791;NaN
63796;NaN
63835;NaN
63839;NaN
63859;NaN
63906;NaN
63921;NaN
63943;NaN
63953;NaN
63956;NaN
6399;NaN
64000;NaN
64031;NaN
64046;NaN
64067;NaN
64070;NaN
64088;3.7419079089516525
64185;NaN
64187;NaN
64250;NaN
64282;NaN
64284;NaN
64322;4.341755278147915
64347;NaN
64381;NaN
64438;NaN
6444;NaN
6445;-0.25573368609607106
64454;NaN
64473;NaN
64492;NaN
64521;NaN
64526;NaN
64529;NaN
64541;NaN
64597;NaN
64604;NaN
64632;NaN
64640;NaN
64644;NaN
64645;NaN
64666;NaN
64676;NaN
6473;NaN
64732;NaN
64774;NaN
64786;NaN
64837;NaN
64853;NaN
64871;NaN
64876;NaN
64896;NaN
6493;NaN
64936;NaN
64956;NaN
64995;NaN
64998;-0.8668483499936177
65009;NaN
65012;NaN
65015;NaN
65023;NaN
65039;NaN
65050;NaN
65053;4.361900843729114
65058;NaN
65073;NaN
65095;NaN
65134;NaN
65138;NaN
65162;NaN
65164;-0.3333010612914169
65166;NaN
65198;NaN
65223;NaN
65228;NaN
65229;-1.1606643252611366
65234;NaN
65254;NaN
65270;NaN
65283;NaN
65286;NaN
6531;NaN
65352;NaN
65361;NaN
65397;NaN
65399;NaN
65434;-2.6978528889001843
65440;NaN
655;NaN
65508;NaN
65536;NaN
65546;NaN
65548;NaN
65568;NaN
65592;NaN
65596;NaN
65727;NaN
65758;NaN
65775;NaN
65798;NaN
65827;NaN
6586;NaN
65874;NaN
65879;NaN
65888;NaN
65925;NaN
66016;NaN
66028;NaN
66031;NaN
66034;0.7172319476148757
66071;NaN
66097;NaN
66115;NaN
6615;NaN
66169;NaN
66191;NaN
66249;NaN
66280;NaN
6631;NaN
66321;NaN
66361;NaN
66397;NaN
66417;NaN
66481;5.127145124692399
66497;4.802002606916995
66513;NaN
66567;NaN
66644;NaN
66673;NaN
66698;NaN
66712;NaN
66804;NaN
6684;NaN
66860;-0.8015650936077146
66885;NaN
66899;NaN
66900;NaN
66910;NaN
66913;NaN
66919;NaN
66950;NaN
66961;NaN
66964;NaN
6697;NaN
66971;NaN
67039;NaN
67071;NaN
67100;NaN
67140;1.5674821912525694
67162;NaN
67174;NaN
67208;NaN
67228;NaN
67230;NaN
6727;6.467410456332596
67289;-0.5079579837626127
6729;NaN
67314;NaN
67316;NaN
67329;NaN
67352;NaN
67360;NaN
67366;NaN
67373;NaN
67376;NaN
67390;5.4734394683446785
674;NaN
67413;NaN
6745;NaN
67452;NaN
67466;NaN
6747;NaN
67481;NaN
67488;NaN
675;NaN
67510;NaN
67574;NaN
67600;NaN
67603;NaN
67641;NaN
67687;NaN
67694;NaN
67712;NaN
67719;NaN
67733;1.5554209612611232
67742;NaN
67780;NaN
67787;NaN
67793;NaN
67814;NaN
67818;NaN
67827;NaN
67871;NaN
67874;NaN
6788;NaN
67889;NaN
67937;NaN
67974;NaN
67984;NaN
67993;NaN
67995;NaN
68015;NaN
68044;NaN
68067;NaN
68092;NaN
68104;NaN
68109;5.348648886671378
68115;NaN
68122;NaN
68136;NaN
68137;0.0
68163;NaN
6817;NaN
68177;NaN
68237;4.890874778000657
68238;NaN
68258;NaN
68262;NaN
68268;NaN
68290;NaN
68319;0.0
68320;NaN
68321;NaN
68362;NaN
6839;NaN
684;NaN
68410;NaN
68445;2.431987835118325
68463;NaN
68486;NaN
68489;NaN
68507;NaN
68531;NaN
68539;NaN
68541;NaN
68564;NaN
68578;NaN
68619;NaN
68636;NaN
68659;NaN
6866;NaN
68674;NaN
68676;NaN
68733;-1.0742055326881181
68755;NaN
68767;NaN
68788;NaN
68806;NaN
68851;NaN
68932;NaN
68936;NaN
68958;NaN
68974;NaN
68977;NaN
68997;NaN
68998;NaN
69005;NaN
69017;NaN
69021;NaN
69035;NaN
69037;NaN
69045;NaN
69047;NaN
6905;-4.076522900189742
69075;NaN
69081;NaN
69228;NaN
69236;NaN
69238;NaN
69242;-2.5858961513081002
69268;NaN
69283;NaN
69326;NaN
69367;NaN
69404;NaN
69445;NaN
69479;NaN
6948;NaN
69491;2.668980024996492
69502;NaN
6951;NaN
69518;NaN
69521;NaN
69525;NaN
69558;NaN
69606;NaN
69611;NaN
69622;NaN
69642;NaN
69687;NaN
69700;NaN
69711;-0.055503164400548144
6978;NaN
69781;NaN
69789;NaN
69817;0.0
69831;NaN
69842;NaN
69861;NaN
69894;NaN
69924;5.8274683734849635
69976;NaN
69983;NaN
69989;NaN
69997;NaN
70032;NaN
70038;NaN
70094;6.21137501237936
70150;NaN
70182;NaN
70228;NaN
70253;NaN
70259;NaN
70262;NaN
70263;1.551098074361706
70286;NaN
70298;NaN
70327;NaN
70350;-0.2360585688865775
70361;NaN
70362;NaN
70363;NaN
70368;NaN
7037;NaN
70379;NaN
70399;NaN
70430;NaN
70471;NaN
70472;NaN
70484;NaN
705;NaN
70521;NaN
70556;NaN
70563;-2.291673484254501
70564;NaN
70592;NaN
70610;NaN
70629;NaN
70644;NaN
7065;NaN
70742;NaN
70758;NaN
70769;-0.7414807711527907
70794;NaN
70806;NaN
70808;-2.8336984937905267
70871;9.453190343473496
70878;NaN
70897;NaN
70908;NaN
7092;NaN
70930;NaN
70935;NaN
70968;NaN
7098;NaN
70993;NaN
71006;NaN
71026;NaN
71053;NaN
71076;NaN
71081;NaN
71090;NaN
71092;NaN
71093;NaN
71125;NaN
71127;NaN
71133;NaN
71136;NaN
71139;NaN
71203;NaN
71213;NaN
71239;NaN
71256;NaN
71261;NaN
71278;NaN
71311;NaN
71329;NaN
7133;NaN
71363;NaN
71369;NaN
71396;NaN
71397;NaN
71401;NaN
71417;NaN
71432;NaN
71446;NaN
71469;NaN
7147;NaN
71477;NaN
71479;NaN
71480;1.2301618680109412
71535;NaN
71547;0.0
7155;NaN
71620;-1.3421545505626402
71656;NaN
7167;NaN
71697;NaN
71700;NaN
71706;5.442415279154985
71720;NaN
71778;NaN
71779;NaN
71791;NaN
71792;NaN
71802;NaN
71815;NaN
71820;NaN
71857;NaN
71875;NaN
71888;NaN
72024;NaN
72083;NaN
7210;NaN
72112;0.792808054917225
72117;NaN
72138;NaN
72139;NaN
72141;NaN
72148;NaN
72150;NaN
72179;NaN
72180;0.7602999258033182
72182;NaN
72196;3.499285540079179
72201;NaN
72211;NaN
72252;NaN
72253;NaN
72274;NaN
72297;NaN
72341;NaN
72352;NaN
72359;NaN
72366;NaN
72372;NaN
7239;NaN
72397;NaN
7243;NaN
72434;NaN
72458;NaN
72459;NaN
72474;NaN
7249;NaN
72500;NaN
72514;-0.5365789200065042
72524;NaN
72550;NaN
72554;NaN
72612;NaN
72674;NaN
72696;NaN
72698;NaN
72707;NaN
72711;NaN
72731;NaN
72739;-2.965795876608901
7275;NaN
72781;NaN
72783;8.035423970184624
72786;NaN
72796;NaN
72815;NaN
72832;NaN
72842;-2.0295433352367658
72869;NaN
72876;NaN
72882;NaN
7289;NaN
72897;NaN
72898;NaN
72957;NaN
72968;NaN
72976;NaN
73012;NaN
73041;NaN
73056;NaN
73060;NaN
73069;0.6957028302699206
73073;NaN
73100;NaN
73109;NaN
73117;NaN
73130;NaN
73152;NaN
73210;NaN
73215;NaN
73235;NaN
73244;NaN
73250;NaN
7326;NaN
73261;NaN
73263;NaN
7336;NaN
7338;-2.5970739302230013
73401;NaN
73421;9.670255167361871
73433;NaN
73452;NaN
73469;NaN
73481;NaN
73488;NaN
73512;NaN
73536;NaN
73546;NaN
73583;NaN
73590;NaN
73639;NaN
73655;NaN
73665;NaN
73672;NaN
73678;NaN
73682;NaN
73733;NaN
73751;NaN
73759;NaN
7378;NaN
73807;NaN
73809;0.14936272618018065
73895;NaN
73923;NaN
73930;NaN
73938;NaN
73960;NaN
74010;NaN
74012;NaN
74037;NaN
7404;NaN
74040;NaN
74045;0.9661237291848919
74063;NaN
7407;NaN
74073;NaN
74086;NaN
74092;NaN
74096;NaN
74122;NaN
74140;NaN
74146;NaN
74171;NaN
74210;NaN
74269;NaN
74308;NaN
74361;NaN
74392;NaN
74398;NaN
74402;NaN
74413;NaN
74419;NaN
7442;NaN
74450;NaN
74479;NaN
74482;NaN
74483;NaN
74541;NaN
74570;NaN
74581;NaN
74585;NaN
74593;NaN
74594;NaN
74598;NaN
74608;12.165034556062446
74650;NaN
74700;NaN
74710;NaN
74729;NaN
74753;NaN
7477;3.2841006028152018
74773;NaN
74778;NaN
7479;NaN
74814;NaN
74816;NaN
74832;NaN
74838;NaN
74840;NaN
7485;NaN
74851;NaN
74855;NaN
74866;NaN
74871;NaN
74880;7.081150921755432
74883;-2.3640995973997008
74915;NaN
74919;NaN
74933;NaN
74942;NaN
74961;NaN
74962;NaN
74972;NaN
75028;NaN
75047;2.753801063068116
75050;NaN
75058;NaN
7506;NaN
75060;NaN
75061;NaN
75079;NaN
7509;NaN
75092;NaN
75106;NaN
75131;NaN
75137;NaN
75165;NaN
75182;NaN
75197;NaN
75208;NaN
75227;NaN
75237;NaN
75265;NaN
75278;NaN
75298;NaN
75401;NaN
75424;NaN
75438;NaN
75488;NaN
75527;NaN
75555;NaN
75628;NaN
75634;NaN
75644;NaN
75650;NaN
75674;NaN
75681;NaN
75685;2.0414318527774826
75702;NaN
7571;NaN
75754;NaN
75790;NaN
758;NaN
75807;NaN
75827;2.2830974021162262
75865;NaN
75879;NaN
7590;NaN
75932;NaN
75979;NaN
75994;NaN
76015;-0.08357080580543752
76016;NaN
76020;NaN
7603;NaN
76039;NaN
76050;NaN
76051;NaN
76068;NaN
76070;NaN
76071;NaN
76155;NaN
76203;NaN
76206;NaN
76213;NaN
76220;NaN
76278;NaN
76349;NaN
76356;NaN
76357;NaN
76382;NaN
76411;NaN
76427;NaN
76428;NaN
76439;NaN
76440;NaN
76442;NaN
76454;NaN
76462;NaN
76474;NaN
76484;NaN
76485;NaN
76501;NaN
76520;NaN
76548;0.01739009646521561
76584;NaN
76607;NaN
76608;NaN
76641;NaN
7665;NaN
76683;NaN
76693;NaN
76698;NaN
76704;NaN
76728;1.6874952837551564
76735;NaN
76759;NaN
76769;NaN
76771;NaN
76779;NaN
76808;NaN
76824;NaN
76835;NaN
76846;NaN
76854;NaN
76863;NaN
76867;NaN
76876;NaN
76886;2.8221010789497023
76911;3.182578699815732
76915;NaN
76919;NaN
76938;NaN
7697;1.5691290811400465
76977;NaN
77004;NaN
77005;NaN
77006;NaN
77044;NaN
77083;NaN
77105;NaN
77133;NaN
7716;NaN
77204;NaN
77208;NaN
77227;NaN
77248;NaN
77257;NaN
77263;NaN
77264;NaN
77265;NaN
77280;NaN
77289;NaN
77292;0.9459380125253354
77310;NaN
77359;NaN
77362;NaN
77363;NaN
77400;NaN
77407;NaN
77479;NaN
77494;NaN
7750;NaN
7752;NaN
7755;NaN
77552;NaN
77605;NaN
77610;NaN
7764;NaN
77681;NaN
77690;NaN
77695;NaN
77735;NaN
77745;NaN
77748;NaN
77760;NaN
77771;NaN
77796;NaN
77876;NaN
77879;NaN
77962;0.8052123858847543
77968;NaN
77986;NaN
77991;-4.457089376574954
77996;NaN
78014;NaN
78082;13.302810824581616
78103;NaN
78146;NaN
78167;NaN
78173;NaN
78179;NaN
78198;NaN
78216;NaN
78235;NaN
78241;NaN
78243;NaN
78254;NaN
78287;NaN
78289;NaN
78301;NaN
78328;NaN
78339;NaN
78374;NaN
78397;NaN
78421;NaN
78447;NaN
78494;NaN
78514;NaN
78518;NaN
78542;NaN
78549;NaN
78586;NaN
78597;0.0
7860;NaN
7861;1.3129551246855131
78716;NaN
78720;NaN
78736;NaN
78767;NaN
78774;NaN
7878;-5.263101748649893
78781;NaN
78789;NaN
7879;NaN
78817;NaN
78830;NaN
78873;NaN
78898;-0.6764771846005222
78931;NaN
78947;NaN
78958;2.9582222289474087
78994;NaN
7900;NaN
79031;NaN
79032;NaN
79039;NaN
79070;NaN
79074;NaN
79113;NaN
79130;NaN
79138;NaN
79172;NaN
79173;NaN
79175;NaN
79190;NaN
79196;NaN
7921;NaN
79240;NaN
79311;NaN
79361;NaN
79397;NaN
79453;NaN
79461;NaN
79472;NaN
79557;NaN
79572;0.0
79581;NaN
79658;NaN
7966;NaN
79687;NaN
79695;NaN
79708;NaN
79711;NaN
79736;NaN
79794;NaN
79805;NaN
79817;NaN
79842;NaN
79853;NaN
79858;-2.8914549959126203
79864;NaN
79884;NaN
79911;NaN
79934;NaN
7995;NaN
79991;NaN
8000;NaN
80026;NaN
8004;NaN
80054;NaN
80055;NaN
80067;-3.2167887152717887
80075;NaN
80103;NaN
80133;NaN
80135;NaN
80138;8.025590050257295
80182;NaN
80186;NaN
80211;NaN
8022;NaN
80220;NaN
80249;NaN
80288;NaN
80309;NaN
80326;NaN
80331;NaN
80370;NaN
80393;NaN
80394;1.9387036360646495
8041;NaN
80433;NaN
80449;NaN
80471;NaN
80476;NaN
8048;NaN
80501;NaN
80507;NaN
8052;NaN
80525;NaN
80569;2.6048739066919615
80576;NaN
80586;NaN
80610;NaN
80613;-0.25561323283670867
80629;NaN
8063;NaN
80652;NaN
80661;NaN
80688;NaN
80699;NaN
80747;NaN
8075;NaN
80845;NaN
80851;NaN
80863;NaN
80868;NaN
80888;NaN
80916;NaN
80922;NaN
80924;NaN
80942;-4.218644329518103
80944;NaN
80955;NaN
80993;NaN
80997;NaN
81001;NaN
81004;NaN
81029;NaN
81071;NaN
81103;NaN
81139;NaN
81156;NaN
81158;NaN
81166;5.412560357801411
81171;NaN
81192;0.8525990236078833
81199;NaN
81208;NaN
81218;NaN
81252;NaN
81258;NaN
81259;NaN
81283;NaN
81291;NaN
81298;NaN
81300;NaN
81310;NaN
81313;NaN
81319;NaN
81382;NaN
81389;NaN
81393;NaN
81403;NaN
81408;NaN
81415;NaN
8142;NaN
81448;NaN
81464;NaN
81494;NaN
81503;NaN
81538;-0.3758615410866808
81543;NaN
81569;2.7970519830753844
81590;1.6708461819453921
81619;NaN
81623;2.9867549753317686
8164;NaN
8169;NaN
81706;NaN
81726;NaN
81752;NaN
81819;NaN
81829;NaN
81832;NaN
8184;NaN
81863;NaN
81875;NaN
81889;-3.4510660483899263
81897;NaN
81901;NaN
81904;NaN
81923;NaN
81924;NaN
81939;NaN
81952;NaN
81990;NaN
81991;NaN
82012;NaN
82030;NaN
82035;NaN
82054;NaN
82058;NaN
8206;NaN
82078;NaN
82080;NaN
82089;NaN
82092;0.0
82117;NaN
82144;NaN
8217;NaN
82177;NaN
82179;3.6466138942221056
82191;NaN
82226;NaN
82249;NaN
82260;NaN
82288;NaN
82345;0.17227829256633154
82353;NaN
82372;NaN
82376;NaN
82381;NaN
82384;0.9598080888224785
82408;NaN
82418;NaN
82431;NaN
82441;-2.850239171299572
82443;NaN
82458;NaN
82484;NaN
82494;NaN
82500;NaN
82507;NaN
82525;NaN
82528;NaN
82546;NaN
82583;NaN
82620;NaN
8263;NaN
82633;-1.1170016880752165
82641;NaN
82643;NaN
82652;NaN
82664;NaN
82676;NaN
82677;NaN
82694;NaN
82696;NaN
82714;NaN
82717;NaN
82718;NaN
82719;NaN
82741;NaN
82744;NaN
8279;NaN
82796;-6.2678005011622115
82809;NaN
8283;NaN
82859;NaN
829;NaN
82900;NaN
82917;NaN
82927;NaN
82945;NaN
8295;NaN
82956;NaN
82980;NaN
82984;NaN
82985;NaN
83;NaN
83003;-2.921916305834881
83010;NaN
8302;NaN
83037;NaN
83041;NaN
83094;NaN
83151;3.9460660673571804
83155;NaN
83159;NaN
8317;NaN
83176;NaN
83181;NaN
83182;NaN
83238;NaN
83265;NaN
83273;NaN
83304;NaN
83315;NaN
83325;NaN
8333;NaN
83340;NaN
83362;NaN
83380;NaN
83394;NaN
83396;NaN
83432;NaN
83453;NaN
83465;NaN
83480;NaN
83484;NaN
83531;NaN
83545;NaN
83570;NaN
83582;NaN
83609;NaN
83612;NaN
83615;NaN
83622;NaN
83635;NaN
83643;NaN
83711;NaN
83713;-5.371800958884255
83718;NaN
83765;NaN
83770;NaN
83782;NaN
83788;NaN
83804;NaN
83829;NaN
83836;NaN
83858;NaN
8389;NaN
83930;NaN
83942;NaN
83957;NaN
83979;NaN
83994;NaN
84021;NaN
84142;NaN
84155;NaN
84169;NaN
84189;NaN
84216;NaN
84245;NaN
84277;NaN
84289;NaN
84306;NaN
84364;NaN
8437;NaN
84423;NaN
84429;NaN
84476;NaN
84492;NaN
84496;NaN
84512;NaN
84528;NaN
84531;NaN
84536;NaN
84566;NaN
84574;NaN
84617;NaN
84633;NaN
84648;NaN
84652;NaN
84654;NaN
84664;NaN
8469;NaN
84701;NaN
84717;NaN
84731;NaN
84744;NaN
84753;NaN
84757;NaN
84766;NaN
84776;NaN
84782;NaN
84787;NaN
8480;NaN
84820;NaN
84829;NaN
84834;NaN
84861;-1.9792608592972447
84870;NaN
84883;NaN
84898;NaN
8491;2.212321683318077
84915;NaN
84923;NaN
84946;NaN
84952;NaN
84987;NaN
85005;NaN
8501;NaN
85023;-0.011796952195973098
85024;NaN
8504;NaN
85040;NaN
85052;NaN
85057;NaN
85072;NaN
85077;NaN
85089;NaN
85117;NaN
85155;NaN
85162;NaN
85173;NaN
85221;NaN
85248;NaN
85266;NaN
85301;NaN
85304;NaN
85316;NaN
8532;0.0
85326;NaN
85387;-0.511213402138273
85390;0.033431264305218755
85395;NaN
85402;NaN
85424;NaN
85433;NaN
85464;NaN
85529;NaN
85544;NaN
85556;NaN
85580;NaN
8559;NaN
85659;NaN
85682;2.9758434447212485
85686;NaN
85691;NaN
85694;NaN
85743;NaN
85745;NaN
85751;NaN
85784;NaN
85788;NaN
85794;NaN
85835;NaN
85849;8.311438401390511
85882;NaN
85924;NaN
85934;NaN
85968;NaN
85969;NaN
85986;NaN
85987;-4.859422232471931
86007;NaN
8602;NaN
86021;NaN
8606;NaN
86077;NaN
86092;1.15916469364936
86118;NaN
86126;NaN
86140;NaN
86173;NaN
86183;NaN
8619;NaN
86233;NaN
86251;NaN
8628;NaN
86288;NaN
86308;NaN
86315;NaN
86341;NaN
86351;NaN
86403;NaN
86406;NaN
86454;NaN
86455;NaN
86518;NaN
86565;0.10900625316479451
86580;NaN
86592;0.3262054004457924
86596;NaN
86636;NaN
86643;NaN
86651;NaN
86652;NaN
86657;NaN
86701;NaN
86724;NaN
86725;NaN
86743;NaN
86746;NaN
86755;NaN
86773;NaN
86797;NaN
86827;NaN
86856;0.0
86883;NaN
86897;NaN
86923;NaN
86943;NaN
86945;NaN
86956;NaN
8696;NaN
86983;2.394993003005781
86995;NaN
8704;NaN
87053;NaN
87056;NaN
87061;NaN
87068;NaN
87104;NaN
87112;-1.8993401045053149
8718;NaN
87195;1.4043343213651067
87204;NaN
87218;NaN
87258;NaN
8729;NaN
87307;NaN
87372;NaN
87494;NaN
87495;NaN
87502;NaN
87507;NaN
87513;NaN
87521;NaN
87539;NaN
87547;NaN
87550;NaN
8757;NaN
87598;NaN
87604;NaN
87606;NaN
87617;NaN
87620;NaN
87646;NaN
87657;0.0
87669;NaN
87673;NaN
87695;NaN
87753;NaN
87767;NaN
87776;NaN
87777;NaN
87785;NaN
87813;NaN
87827;NaN
87831;NaN
87833;NaN
87842;NaN
87850;NaN
87853;NaN
87863;NaN
87878;NaN
87882;NaN
87891;NaN
87909;NaN
87923;NaN
87932;NaN
87934;NaN
87965;-2.2627435834047915
87979;NaN
87980;0.0
87981;NaN
87983;NaN
87990;NaN
88044;-3.474589213137186
88059;NaN
8806;NaN
88063;NaN
88071;NaN
88109;NaN
88150;NaN
88161;NaN
88220;NaN
88246;NaN
88252;NaN
88259;NaN
88264;NaN
88289;NaN
88305;5.106129617017729
88331;NaN
88336;NaN
88389;NaN
88403;NaN
88410;NaN
88434;NaN
88435;NaN
88454;2.791606286976341
88466;NaN
88468;2.824054153918034
88476;NaN
88519;NaN
88520;-2.057241143932346
88585;NaN
88594;NaN
88610;NaN
88616;NaN
88623;NaN
88656;NaN
88672;NaN
88707;NaN
88719;NaN
88738;NaN
88740;NaN
88743;NaN
88756;NaN
88772;-8.630438256967292
88783;NaN
88825;NaN
88833;NaN
88850;NaN
88888;NaN
88897;NaN
88899;NaN
8890;NaN
88961;0.0
89005;NaN
89050;NaN
89056;NaN
89060;NaN
89082;NaN
89099;NaN
89183;NaN
89196;NaN
89234;NaN
89255;NaN
89264;2.791187337234324
89293;4.209911800662339
89315;NaN
89330;NaN
89417;NaN
8946;NaN
89473;-2.7623079295829065
89482;NaN
8954;NaN
89569;NaN
89596;NaN
89620;NaN
89635;NaN
89678;NaN
89708;NaN
89742;NaN
89754;NaN
89767;NaN
89794;NaN
89801;NaN
89807;NaN
89809;NaN
89833;NaN
89863;NaN
89864;NaN
89899;NaN
89920;-3.2777289012729662
89925;NaN
89968;NaN
90051;NaN
90092;NaN
90094;NaN
90101;NaN
90133;NaN
90141;NaN
90144;NaN
90151;NaN
90168;NaN
90206;NaN
90208;NaN
90238;NaN
90255;NaN
90259;NaN
90265;NaN
90271;NaN
90283;NaN
90294;NaN
9034;-2.6510308312745297
9035;6.197879413719772
90358;NaN
90359;-2.0866879732013883
90360;NaN
90361;NaN
90363;NaN
90399;NaN
9042;NaN
90434;NaN
90457;NaN
90471;NaN
90484;NaN
90493;NaN
90520;NaN
90524;NaN
90534;NaN
90543;NaN
90548;NaN
90607;NaN
90632;NaN
90654;NaN
90656;NaN
90664;NaN
90676;NaN
9070;NaN
90717;NaN
90739;NaN
90753;NaN
90787;-0.23781963299196462
9080;NaN
90802;-2.900656646305409
90838;NaN
90874;NaN
90900;NaN
90903;NaN
90905;NaN
90918;NaN
90920;NaN
90926;NaN
90942;NaN
90949;NaN
90973;-2.118174970684028
9098;NaN
91001;NaN
91017;NaN
91019;0.5041939950263017
91033;NaN
91054;4.539476474004906
91066;NaN
91071;NaN
91103;NaN
91155;NaN
91157;NaN
91160;NaN
91168;NaN
91184;NaN
9125;NaN
91258;NaN
91264;NaN
91276;NaN
91289;NaN
91293;NaN
91351;NaN
91397;NaN
91409;NaN
91410;NaN
91418;NaN
91480;NaN
91486;NaN
91487;NaN
91516;NaN
9153;NaN
91532;NaN
91591;0.1756353645772737
91598;-3.4822652697662706
91604;NaN
91620;-2.4392559620171426
91624;NaN
91651;3.2906976736724367
91711;NaN
9172;NaN
91741;NaN
9175;NaN
91765;7.134286717805267
91774;NaN
91776;NaN
91778;NaN
91791;NaN
91823;NaN
91836;NaN
9184;NaN
919;NaN
91905;NaN
91916;NaN
91956;NaN
91973;NaN
91993;NaN
91995;NaN
920;NaN
92004;NaN
92009;NaN
92018;NaN
92027;NaN
92071;NaN
92091;NaN
9210;NaN
92114;-3.4467035635963166
92121;NaN
92140;NaN
92146;-4.1544280046363635
92149;NaN
92186;NaN
92190;NaN
92192;NaN
92194;NaN
92208;NaN
92248;NaN
9225;NaN
92271;NaN
92277;NaN
92299;NaN
92305;-2.1215745820379794
92370;NaN
92374;2.2166991214450222
92381;-0.8166642001452962
92384;NaN
92391;NaN
92399;NaN
92425;NaN
92432;-4.221517739237292
92445;NaN
92451;NaN
92459;NaN
92499;NaN
92556;NaN
92568;NaN
92631;NaN
92664;NaN
92665;NaN
92708;NaN
92709;NaN
92735;NaN
92768;NaN
92772;NaN
92783;NaN
92804;NaN
92844;NaN
92859;NaN
92874;-1.5487800135875536
92904;NaN
92905;NaN
92914;NaN
92935;NaN
92943;0.07723435314186677
93000;NaN
93001;NaN
93010;NaN
93013;NaN
93040;NaN
9306;NaN
93063;NaN
93067;NaN
93089;NaN
93096;NaN
93126;NaN
93133;22.376139432079956
93137;NaN
93138;NaN
93173;NaN
93187;NaN
9321;NaN
93228;NaN
93237;NaN
93299;NaN
93317;NaN
93339;NaN
93342;NaN
93362;NaN
93392;NaN
93403;NaN
93460;NaN
9347;NaN
93475;NaN
93477;NaN
93505;NaN
9351;NaN
93510;NaN
93515;NaN
93550;NaN
93572;NaN
93590;NaN
9360;NaN
93602;NaN
93616;NaN
9363;1.743261074191456
93634;NaN
9364;NaN
93646;NaN
93683;NaN
93694;NaN
93716;NaN
93730;NaN
93731;NaN
93733;NaN
93752;NaN
93757;NaN
93761;NaN
93791;NaN
93794;NaN
93816;NaN
93849;NaN
9385;NaN
93893;NaN
93906;NaN
9393;NaN
93946;NaN
93957;NaN
93976;NaN
93978;NaN
93984;NaN
93996;NaN
93998;NaN
94001;NaN
94007;NaN
94028;NaN
94059;NaN
94067;NaN
94079;NaN
94131;NaN
94140;NaN
94146;0.42040886874542416
94167;NaN
94183;NaN
94191;NaN
94206;NaN
94209;NaN
94229;NaN
94233;NaN
94238;NaN
94240;-0.8719964785447623
94276;NaN
94278;NaN
9428;NaN
94322;NaN
94342;NaN
94359;NaN
94384;NaN
94389;NaN
94402;NaN
94409;NaN
94455;NaN
94493;NaN
94528;NaN
94541;NaN
94547;NaN
94561;NaN
94582;-1.5381746711392414
94598;NaN
94603;NaN
94619;NaN
94626;NaN
94657;NaN
94666;NaN
94668;NaN
94675;NaN
94685;NaN
94701;NaN
94712;NaN
94713;-0.8438536885180479
94763;NaN
94765;NaN
94771;2.763777928866514
94775;NaN
948;NaN
9484;NaN
94840;NaN
94862;NaN
94864;NaN
94880;NaN
94883;NaN
94907;NaN
9491;NaN
94912;NaN
94925;NaN
94934;NaN
9500;-1.092382841943458
95015;NaN
9503;NaN
95031;NaN
95041;NaN
95048;NaN
9506;NaN
95095;NaN
95126;NaN
95161;NaN
95162;NaN
9517;NaN
95193;NaN
95211;NaN
95220;-1.0020324331536914
95258;NaN
9528;NaN
95290;NaN
95291;NaN
95328;NaN
95334;NaN
95335;NaN
95393;NaN
95467;NaN
95469;NaN
95519;NaN
95520;NaN
9556;NaN
95565;NaN
95567;NaN
95616;NaN
95640;NaN
95642;NaN
95675;-6.330777497896547
95694;NaN
9571;NaN
95714;NaN
958;NaN
95805;NaN
95833;NaN
95858;NaN
95867;NaN
95885;NaN
95907;-0.7229548592255823
95914;NaN
95958;1.7373382940798137
96019;NaN
96027;NaN
96045;NaN
96084;NaN
96090;NaN
96104;14.885449888125486
96128;NaN
9613;NaN
96166;NaN
9618;NaN
9620;NaN
96202;NaN
9622;NaN
96221;NaN
96251;NaN
96257;NaN
96283;NaN
96303;NaN
96349;NaN
96380;NaN
96440;NaN
96454;NaN
96482;NaN
96485;1.2751360879770004
96502;NaN
9651;2.273058955855348
96526;NaN
96529;NaN
96533;NaN
96534;NaN
96549;NaN
96566;NaN
96578;NaN
96589;NaN
96604;NaN
96608;NaN
96613;NaN
96637;NaN
96651;NaN
96665;NaN
96730;NaN
96740;NaN
96759;NaN
96767;NaN
96768;NaN
96780;NaN
96826;NaN
96827;NaN
96832;NaN
96835;0.49824699491050894
96849;NaN
96852;NaN
96857;NaN
96871;NaN
96875;NaN
96895;NaN
96906;NaN
96933;0.08616670202411336
96943;NaN
96957;NaN
96998;NaN
96999;NaN
97015;NaN
97054;NaN
97064;NaN
97097;NaN
97168;NaN
97195;NaN
97213;NaN
97227;NaN
97283;NaN
97303;NaN
97312;NaN
97328;NaN
97349;20.50469040239799
97359;NaN
97376;NaN
97392;NaN
97424;NaN
97432;NaN
97464;NaN
97513;NaN
97518;5.828048111014637
9752;NaN
97528;NaN
97532;NaN
97538;NaN
97569;NaN
97600;NaN
9762;NaN
97624;NaN
97625;NaN
97633;NaN
9770;NaN
97760;NaN
97771;NaN
9781;-3.5368314632394378
97835;NaN
97857;NaN
97865;NaN
97867;NaN
97868;NaN
97873;NaN
97884;NaN
97892;NaN
97895;NaN
97927;0.41021307899211495
97929;NaN
97963;NaN
97969;8.084969436385947
97976;NaN
98011;0.0
98025;NaN
9803;9.421351974263592
98043;NaN
98054;0.22901333845475252
9813;NaN
98135;NaN
9817;NaN
98185;NaN
98223;1.473030795208937
98229;NaN
98233;NaN
98252;NaN
98267;NaN
98271;NaN
98282;NaN
98285;NaN
98348;-1.6816385583220665
98368;NaN
9840;NaN
98441;NaN
98446;NaN
98456;NaN
98475;NaN
9850;NaN
98500;NaN
98503;NaN
98533;NaN
98537;NaN
9854;NaN
98547;NaN
98560;NaN
98565;NaN
98575;NaN
9860;NaN
98619;NaN
98632;NaN
98639;NaN
98662;NaN
98680;NaN
98688;NaN
98697;NaN
98721;NaN
98731;NaN
98733;NaN
98740;NaN
98811;NaN
98849;NaN
98880;NaN
98885;NaN
98893;NaN
98906;NaN
98910;NaN
98960;NaN
98970;NaN
98994;NaN
99007;NaN
99023;NaN
9904;NaN
99072;NaN
99083;22.960990698132616
99084;NaN
99100;NaN
99115;NaN
99143;NaN
99210;NaN
99216;NaN
99248;NaN
99256;NaN
99260;NaN
99266;NaN
99273;NaN
993;NaN
99309;NaN
99334;NaN
9934;NaN
99351;NaN
99407;NaN
99419;0.0
99449;NaN
99457;NaN
99488;NaN
99524;NaN
99526;NaN
9953;-0.7747050728743082
99553;NaN
99563;NaN
99573;NaN
9958;NaN
99654;NaN
99666;NaN
99669;NaN
99674;NaN
99681;NaN
99701;NaN
99706;NaN
99735;-0.7041682631458466
99738;NaN
9979;-1.2769091955261855
99830;NaN
99879;NaN
99897;-1.6791332548895095
99899;NaN
9991;NaN
99910;NaN
99919;NaN
99954;NaN
99972;NaN
99995;NaN
