person_id;operator_id;main_mode;vehicle_id;origin_link_id;origin_x;origin_y;destination_link_id;destination_x;destination_y;departure_time;arrival_time;waiting_time;distance
208990;drt;drt;NaN;2268;708212.5073294186;5344424.291255498;null;NaN;NaN;10704.0;NaN;NaN;0.0
112459;drt;drt;NaN;22342;684728.2694029997;5371383.36337308;null;NaN;NaN;15714.0;NaN;NaN;0.0
243365;drt;drt;NaN;50911;710335.6959093036;5350869.839596282;null;NaN;NaN;17014.0;NaN;NaN;0.0
102427;drt;drt;NaN;21803;702714.9147137506;5378592.960022276;null;NaN;NaN;17163.0;NaN;NaN;0.0
265907;drt;drt;NaN;19486;738664.5100746918;5354163.884838451;null;NaN;NaN;17437.0;NaN;NaN;0.0
170687;drt;drt;NaN;9475;690270.3114264334;5383782.872455709;null;NaN;NaN;17739.0;NaN;NaN;0.0
216951;drt;drt;NaN;53555;706640.6334869424;5382113.327201946;null;NaN;NaN;17877.0;NaN;NaN;0.0
246586;drt;drt;NaN;6599;721096.4268088301;5365825.352974681;null;NaN;NaN;17904.0;NaN;NaN;0.0
311185;drt;drt;NaN;44505;703796.6527531844;5365445.25619556;null;NaN;NaN;18185.0;NaN;NaN;0.0
178840;drt;drt;NaN;34595;730515.2645893218;5359139.931600824;null;NaN;NaN;18247.0;NaN;NaN;0.0
300727;drt;drt;NaN;80812;721350.8196994076;5340769.246009179;null;NaN;NaN;18507.0;NaN;NaN;0.0
150694;drt;drt;NaN;57959;729141.650883021;5367487.882172521;null;NaN;NaN;18532.0;NaN;NaN;0.0
348166;drt;drt;NaN;48145;703244.0689571357;5364692.173898539;null;NaN;NaN;18682.0;NaN;NaN;0.0
41794;drt;drt;NaN;32680;683355.5964190369;5398526.954304973;null;NaN;NaN;19138.0;NaN;NaN;0.0
90973;drt;drt;NaN;24158;730753.3418951393;5359683.770956185;null;NaN;NaN;19502.0;NaN;NaN;0.0
149766;drt;drt;NaN;79926;710395.7397178933;5354078.627840109;null;NaN;NaN;19634.0;NaN;NaN;0.0
72842;drt;drt;NaN;53399;705102.9783302464;5363754.009988716;null;NaN;NaN;19940.0;NaN;NaN;0.0
273544;drt;drt;NaN;70534;711124.1404295661;5355833.50882672;null;NaN;NaN;19995.0;NaN;NaN;0.0
197872;drt;drt;NaN;34409;696330.3739071909;5403842.249940802;null;NaN;NaN;20109.0;NaN;NaN;0.0
204986;drt;drt;NaN;77859;725613.311898628;5354868.542732276;null;NaN;NaN;20111.0;NaN;NaN;0.0
190554;drt;drt;NaN;80551;717069.515936945;5373220.688508822;null;NaN;NaN;20396.0;NaN;NaN;0.0
245636;drt;drt;NaN;46369;711754.9250808863;5347343.499597622;null;NaN;NaN;20483.0;NaN;NaN;0.0
115125;drt;drt;NaN;8049;731721.3827106343;5352662.317124069;null;NaN;NaN;20624.0;NaN;NaN;0.0
114164;drt;drt;NaN;24164;696018.793134063;5393620.175939553;null;NaN;NaN;20990.0;NaN;NaN;0.0
351974;drt;drt;NaN;14714;697406.179627914;5373874.053556527;null;NaN;NaN;21320.0;NaN;NaN;0.0
253498;drt;drt;NaN;6959;716761.4798448405;5373822.400968768;null;NaN;NaN;21346.0;NaN;NaN;0.0
166532;drt;drt;NaN;78992;685600.8888511194;5378581.964599032;null;NaN;NaN;21426.0;NaN;NaN;0.0
108099;drt;drt;NaN;39623;707209.3693655066;5379384.002697909;null;NaN;NaN;21576.0;NaN;NaN;0.0
213891;drt;drt;NaN;26869;714594.8731742061;5342050.254064826;null;NaN;NaN;21673.0;NaN;NaN;0.0
210012;drt;drt;NaN;79736;725144.6020210944;5341753.962936057;null;NaN;NaN;21789.0;NaN;NaN;0.0
177913;drt;drt;NaN;78775;709680.5332028526;5350482.523019984;null;NaN;NaN;21904.0;NaN;NaN;0.0
156328;drt;drt;NaN;50019;704325.5125176227;5363696.850719459;null;NaN;NaN;22073.0;NaN;NaN;0.0
249445;drt;drt;NaN;2965;703468.3057687022;5367752.960706137;null;NaN;NaN;22102.0;NaN;NaN;0.0
214509;drt;drt;NaN;43957;716118.1945251583;5364931.821102928;null;NaN;NaN;22102.0;NaN;NaN;0.0
86092;drt;drt;NaN;41359;695871.7671122134;5360077.884593916;null;NaN;NaN;22176.0;NaN;NaN;0.0
92943;drt;drt;NaN;16452;702815.2013592365;5365406.704547791;null;NaN;NaN;22295.0;NaN;NaN;0.0
105234;drt;drt;NaN;73649;704140.7560084068;5365350.336281513;null;NaN;NaN;22446.0;NaN;NaN;0.0
271799;drt;drt;NaN;4757;730851.849333341;5359543.465046783;null;NaN;NaN;22576.0;NaN;NaN;0.0
330220;drt;drt;NaN;2987;696411.8587842335;5388998.186014816;null;NaN;NaN;22580.0;NaN;NaN;0.0
206302;drt;drt;NaN;52585;716749.8834219187;5356124.407388255;null;NaN;NaN;22873.0;NaN;NaN;0.0
273460;drt;drt;NaN;11538;712192.7160994901;5356363.963218949;null;NaN;NaN;22912.0;NaN;NaN;0.0
162457;drt;drt;NaN;28837;691947.1751746782;5366767.774024946;null;NaN;NaN;22918.0;NaN;NaN;0.0
312959;drt;drt;NaN;64740;702579.1790576462;5364447.436583506;null;NaN;NaN;22984.0;NaN;NaN;0.0
297378;drt;drt;NaN;59248;715832.2297055301;5352872.1186128035;null;NaN;NaN;23048.0;NaN;NaN;0.0
320658;drt;drt;NaN;53501;689473.121879503;5372506.104280297;null;NaN;NaN;23074.0;NaN;NaN;0.0
140526;drt;drt;NaN;73493;692597.9734496886;5405209.523570476;null;NaN;NaN;23129.0;NaN;NaN;0.0
176897;drt;drt;NaN;42155;720941.5124319764;5341355.016093139;null;NaN;NaN;23143.0;NaN;NaN;0.0
177955;drt;drt;NaN;59946;713229.9615300277;5348503.709014519;null;NaN;NaN;23185.0;NaN;NaN;0.0
91591;drt;drt;NaN;42313;723186.8201282842;5364906.597471875;null;NaN;NaN;23191.0;NaN;NaN;0.0
108358;drt;drt;NaN;1727;695676.4254098037;5358370.655018728;null;NaN;NaN;23192.0;NaN;NaN;0.0
105516;drt;drt;NaN;59406;700096.9601407133;5368270.784095582;null;NaN;NaN;23226.0;NaN;NaN;0.0
402924;drt;drt;NaN;53669;695621.8084995269;5371001.537710227;null;NaN;NaN;23327.0;NaN;NaN;0.0
143891;drt;drt;NaN;14957;717707.4757345137;5352651.535687983;null;NaN;NaN;23355.0;NaN;NaN;0.0
171970;drt;drt;NaN;22848;685005.7602347382;5375051.6414551325;null;NaN;NaN;23437.0;NaN;NaN;0.0
70808;drt;drt;NaN;70755;711220.1450383698;5355560.270640042;null;NaN;NaN;23526.0;NaN;NaN;0.0
234313;drt;drt;NaN;73212;681845.4969228439;5375058.455755526;null;NaN;NaN;23689.0;NaN;NaN;0.0
132730;drt;drt;NaN;64645;697209.0968458517;5355496.475937834;null;NaN;NaN;23691.0;NaN;NaN;0.0
323974;drt;drt;NaN;20018;678921.475724119;5367182.932867428;null;NaN;NaN;23703.0;NaN;NaN;0.0
80942;drt;drt;NaN;71650;715625.1130011772;5355035.475957621;null;NaN;NaN;23743.0;NaN;NaN;0.0
42124;drt;drt;NaN;58111;684871.5417502071;5398199.507671697;null;NaN;NaN;23833.0;NaN;NaN;0.0
195242;drt;drt;NaN;8177;698542.1536085021;5376272.189966144;null;NaN;NaN;23934.0;NaN;NaN;0.0
177454;drt;drt;NaN;27504;725634.2105867448;5344032.045996273;null;NaN;NaN;23947.0;NaN;NaN;0.0
148425;drt;drt;NaN;80082;739302.1865008046;5359910.927878567;null;NaN;NaN;23993.0;NaN;NaN;0.0
108330;drt;drt;NaN;2680;696245.4207448344;5359871.316866096;null;NaN;NaN;24036.0;NaN;NaN;0.0
118142;drt;drt;NaN;63130;715860.5355427276;5354928.136274315;null;NaN;NaN;24189.0;NaN;NaN;0.0
137643;drt;drt;NaN;36596;683423.9396579615;5378881.86291148;null;NaN;NaN;24400.0;NaN;NaN;0.0
344101;drt;drt;NaN;17952;716416.7310177367;5363831.715644445;null;NaN;NaN;24451.0;NaN;NaN;0.0
134866;drt;drt;NaN;22774;709254.5376659831;5371344.582808737;null;NaN;NaN;24476.0;NaN;NaN;0.0
212317;drt;drt;NaN;24856;720261.9952055941;5343167.426340642;null;NaN;NaN;24510.0;NaN;NaN;0.0
117791;drt;drt;NaN;66858;715629.577366408;5354372.230314616;null;NaN;NaN;24568.0;NaN;NaN;0.0
119920;drt;drt;NaN;32222;728375.1107924737;5354891.673816252;null;NaN;NaN;24577.0;NaN;NaN;0.0
305197;drt;drt;NaN;11562;712346.7390259383;5356363.935827732;null;NaN;NaN;24652.0;NaN;NaN;0.0
204893;drt;drt;NaN;46417;698175.6834706005;5350560.492843156;null;NaN;NaN;24655.0;NaN;NaN;0.0
251690;drt;drt;NaN;12898;703317.1082023152;5355592.419931099;null;NaN;NaN;24664.0;NaN;NaN;0.0
291381;drt;drt;NaN;62331;686993.3755520592;5388019.42637679;null;NaN;NaN;24702.0;NaN;NaN;0.0
377348;drt;drt;NaN;13403;720612.6374602285;5363053.882061547;null;NaN;NaN;24737.0;NaN;NaN;0.0
45802;drt;drt;NaN;42329;682229.9636466419;5388895.005068731;null;NaN;NaN;24775.0;NaN;NaN;0.0
224670;drt;drt;NaN;6061;716100.609328387;5371608.731412456;null;NaN;NaN;24798.0;NaN;NaN;0.0
224461;drt;drt;NaN;10976;719250.2260222703;5372914.370525593;null;NaN;NaN;24825.0;NaN;NaN;0.0
91054;drt;drt;NaN;23156;720472.425607255;5349869.754181083;null;NaN;NaN;24826.0;NaN;NaN;0.0
205605;drt;drt;NaN;44368;730836.6311175581;5351983.345268335;null;NaN;NaN;24914.0;NaN;NaN;0.0
368251;drt;drt;NaN;47652;685606.5656263304;5377041.256391809;null;NaN;NaN;24957.0;NaN;NaN;0.0
161578;drt;drt;NaN;54324;699496.7506683823;5355114.367783103;null;NaN;NaN;24980.0;NaN;NaN;0.0
29334;drt;drt;NaN;49196;715796.9019339207;5352709.873342561;null;NaN;NaN;25012.0;NaN;NaN;0.0
110341;drt;drt;NaN;69468;681808.4634776653;5393693.549752485;null;NaN;NaN;25036.0;NaN;NaN;0.0
96485;drt;drt;NaN;53456;691037.408832611;5388424.790762201;null;NaN;NaN;25039.0;NaN;NaN;0.0
183635;drt;drt;NaN;30525;694321.3489558795;5353053.459822709;null;NaN;NaN;25041.0;NaN;NaN;0.0
203108;drt;drt;NaN;68132;692479.4630415381;5396525.130634056;null;NaN;NaN;25074.0;NaN;NaN;0.0
292340;drt;drt;NaN;28332;691181.611145067;5402050.445514433;null;NaN;NaN;25124.0;NaN;NaN;0.0
179862;drt;drt;NaN;20932;715596.0443221349;5346929.953284794;null;NaN;NaN;25155.0;NaN;NaN;0.0
135954;drt;drt;NaN;60564;675941.6666003545;5382932.769963053;null;NaN;NaN;25183.0;NaN;NaN;0.0
271121;drt;drt;NaN;75909;710954.6272458043;5350897.100329661;null;NaN;NaN;25195.0;NaN;NaN;0.0
82441;drt;drt;NaN;55588;720886.050525801;5349404.204054689;null;NaN;NaN;25204.0;NaN;NaN;0.0
210723;drt;drt;NaN;43810;706411.4545585806;5350899.811865995;null;NaN;NaN;25270.0;NaN;NaN;0.0
209262;drt;drt;NaN;74855;707765.1015491383;5345632.34683877;null;NaN;NaN;25273.0;NaN;NaN;0.0
3394;drt;drt;NaN;39300;712335.0096720345;5356472.346027173;null;NaN;NaN;25309.0;NaN;NaN;0.0
27075;drt;drt;NaN;71235;693628.3481454805;5382117.781839754;null;NaN;NaN;25364.0;NaN;NaN;0.0
95675;drt;drt;NaN;54002;679384.1214636494;5382230.842199106;null;NaN;NaN;25377.0;NaN;NaN;0.0
173263;drt;drt;NaN;41070;735517.5459099661;5353014.7177634565;null;NaN;NaN;25382.0;NaN;NaN;0.0
213464;drt;drt;NaN;16526;711270.0842335548;5354034.230985405;null;NaN;NaN;25385.0;NaN;NaN;0.0
133510;drt;drt;NaN;1089;697195.1637475403;5354651.192525269;null;NaN;NaN;25453.0;NaN;NaN;0.0
129762;drt;drt;NaN;9019;687888.7766728107;5367410.333031854;null;NaN;NaN;25474.0;NaN;NaN;0.0
90802;drt;drt;NaN;46409;732662.5588916421;5344714.1012182925;null;NaN;NaN;25477.0;NaN;NaN;0.0
77991;drt;drt;NaN;58021;684300.3738167272;5378335.7877394;null;NaN;NaN;25493.0;NaN;NaN;0.0
245925;drt;drt;NaN;26162;732434.0765242665;5365916.699235429;null;NaN;NaN;25556.0;NaN;NaN;0.0
363137;drt;drt;NaN;31646;689395.9409283306;5380087.739811231;null;NaN;NaN;25572.0;NaN;NaN;0.0
84861;drt;drt;NaN;47635;703340.8986973178;5355091.071476309;null;NaN;NaN;25603.0;NaN;NaN;0.0
192085;drt;drt;NaN;38426;697055.1544630516;5355400.287719961;null;NaN;NaN;25604.0;NaN;NaN;0.0
156413;drt;drt;NaN;40845;700626.5700929584;5358019.291593289;null;NaN;NaN;25607.0;NaN;NaN;0.0
117866;drt;drt;NaN;18114;714987.3691838844;5354121.578792786;null;NaN;NaN;25639.0;NaN;NaN;0.0
305679;drt;drt;NaN;4519;710999.557585451;5354023.850263501;null;NaN;NaN;25647.0;NaN;NaN;0.0
70563;drt;drt;NaN;74345;717920.0851419929;5347118.606375926;null;NaN;NaN;25661.0;NaN;NaN;0.0
180371;drt;drt;NaN;39998;711117.6423463819;5353780.76560582;null;NaN;NaN;25769.0;NaN;NaN;0.0
277864;drt;drt;NaN;31252;702038.4732279299;5364627.267494189;null;NaN;NaN;25794.0;NaN;NaN;0.0
218357;drt;drt;NaN;51052;703840.4045434949;5363811.302328102;null;NaN;NaN;25795.0;NaN;NaN;0.0
137836;drt;drt;NaN;41026;684246.5716381638;5377497.947723082;null;NaN;NaN;25803.0;NaN;NaN;0.0
285100;drt;drt;NaN;52051;694179.7445196013;5367923.580208312;null;NaN;NaN;25810.0;NaN;NaN;0.0
386715;drt;drt;NaN;5107;705972.9415090136;5372431.433117768;null;NaN;NaN;25818.0;NaN;NaN;0.0
140227;drt;drt;NaN;19883;692271.3360072747;5405365.619245527;null;NaN;NaN;25841.0;NaN;NaN;0.0
315297;drt;drt;NaN;5577;701299.194149443;5364603.258463265;null;NaN;NaN;25853.0;NaN;NaN;0.0
172349;drt;drt;NaN;77388;680922.6458424126;5392843.451718498;null;NaN;NaN;25874.0;NaN;NaN;0.0
81623;drt;drt;NaN;59309;719197.3410876081;5359284.547925014;null;NaN;NaN;25883.0;NaN;NaN;0.0
322137;drt;drt;NaN;20263;700550.7616056086;5373214.321413433;null;NaN;NaN;25884.0;NaN;NaN;0.0
262067;drt;drt;NaN;16401;685727.3731409386;5388063.634714566;null;NaN;NaN;25884.0;NaN;NaN;0.0
182731;drt;drt;NaN;15349;693618.1099668125;5352706.742004359;null;NaN;NaN;25913.0;NaN;NaN;0.0
305400;drt;drt;NaN;39310;712830.1147448438;5356196.144892031;null;NaN;NaN;25958.0;NaN;NaN;0.0
230248;drt;drt;NaN;80261;677270.0224798392;5367350.790272324;null;NaN;NaN;25965.0;NaN;NaN;0.0
88044;drt;drt;NaN;76375;682442.820158918;5379876.944223041;null;NaN;NaN;25984.0;NaN;NaN;0.0
61142;drt;drt;NaN;16608;705240.4532113809;5370523.710070109;null;NaN;NaN;25991.0;NaN;NaN;0.0
76886;drt;drt;NaN;31746;672757.1914505432;5373867.181868194;null;NaN;NaN;26048.0;NaN;NaN;0.0
296317;drt;drt;NaN;10568;733841.772242008;5351457.731827144;null;NaN;NaN;26048.0;NaN;NaN;0.0
106315;drt;drt;NaN;57892;700698.6802332704;5353074.804909414;null;NaN;NaN;26048.0;NaN;NaN;0.0
151446;drt;drt;NaN;26995;720833.178993851;5365434.337784526;null;NaN;NaN;26049.0;NaN;NaN;0.0
200226;drt;drt;NaN;77142;682798.3491623421;5371027.901702482;null;NaN;NaN;26059.0;NaN;NaN;0.0
85387;drt;drt;NaN;13782;715937.804558971;5372084.143654439;null;NaN;NaN;26065.0;NaN;NaN;0.0
10872;drt;drt;NaN;36807;687215.9601990723;5377667.886112893;null;NaN;NaN;26156.0;NaN;NaN;0.0
115083;drt;drt;NaN;79730;719128.7516110564;5354217.31449729;null;NaN;NaN;26181.0;NaN;NaN;0.0
116899;drt;drt;NaN;47365;713754.7388873284;5351602.403827659;null;NaN;NaN;26210.0;NaN;NaN;0.0
235069;drt;drt;NaN;26528;691345.6123959876;5402442.545950679;null;NaN;NaN;26229.0;NaN;NaN;0.0
128252;drt;drt;NaN;47150;703093.6725662688;5365373.710190397;null;NaN;NaN;26239.0;NaN;NaN;0.0
190605;drt;drt;NaN;13778;716031.3049416232;5371991.769948801;null;NaN;NaN;26247.0;NaN;NaN;0.0
126334;drt;drt;NaN;61183;704286.3055116058;5365215.934144517;null;NaN;NaN;26251.0;NaN;NaN;0.0
110412;drt;drt;NaN;20477;674807.6567402141;5373616.790317991;null;NaN;NaN;26269.0;NaN;NaN;0.0
203517;drt;drt;NaN;66165;692050.3735892845;5396217.54742045;null;NaN;NaN;26270.0;NaN;NaN;0.0
369029;drt;drt;NaN;67292;680959.569806841;5391983.804085314;null;NaN;NaN;26301.0;NaN;NaN;0.0
383523;drt;drt;NaN;48649;716140.1150640149;5372098.736710377;null;NaN;NaN;26317.0;NaN;NaN;0.0
173662;drt;drt;NaN;48944;738651.0750091447;5350169.085031789;null;NaN;NaN;26444.0;NaN;NaN;0.0
88520;drt;drt;NaN;6468;691307.123214021;5402267.813187503;null;NaN;NaN;26446.0;NaN;NaN;0.0
68445;drt;drt;NaN;13763;715094.6581480148;5354468.758307153;null;NaN;NaN;26447.0;NaN;NaN;0.0
204203;drt;drt;NaN;75690;681844.6961044357;5387456.363523411;null;NaN;NaN;26473.0;NaN;NaN;0.0
215014;drt;drt;NaN;23621;720729.3507154563;5365082.614519135;null;NaN;NaN;26490.0;NaN;NaN;0.0
207552;drt;drt;NaN;8115;715270.8146486767;5354051.49884284;null;NaN;NaN;26493.0;NaN;NaN;0.0
117066;drt;drt;NaN;20375;715807.2628682342;5354316.708676355;null;NaN;NaN;26498.0;NaN;NaN;0.0
116855;drt;drt;NaN;12324;716323.109264289;5354422.235713711;null;NaN;NaN;26505.0;NaN;NaN;0.0
356466;drt;drt;NaN;28964;697390.369394412;5354448.798900597;null;NaN;NaN;26511.0;NaN;NaN;0.0
124442;drt;drt;NaN;44696;706590.2994591347;5384536.924269574;null;NaN;NaN;26517.0;NaN;NaN;0.0
133653;drt;drt;NaN;50261;696178.9682339367;5361179.469123557;null;NaN;NaN;26526.0;NaN;NaN;0.0
256812;drt;drt;NaN;40157;711381.3989924067;5382798.703808481;null;NaN;NaN;26603.0;NaN;NaN;0.0
263974;drt;drt;NaN;31983;689277.3257054442;5400496.5559285395;null;NaN;NaN;26604.0;NaN;NaN;0.0
232469;drt;drt;NaN;41028;684191.5048021545;5377463.583807312;null;NaN;NaN;26638.0;NaN;NaN;0.0
195590;drt;drt;NaN;56131;700289.546628898;5370685.693440922;null;NaN;NaN;26665.0;NaN;NaN;0.0
168663;drt;drt;NaN;30531;688564.8316976095;5387683.911294759;null;NaN;NaN;26670.0;NaN;NaN;0.0
263871;drt;drt;NaN;22725;697324.7887489072;5385461.877408966;null;NaN;NaN;26678.0;NaN;NaN;0.0
325268;drt;drt;NaN;68477;694834.160996112;5404442.856413022;null;NaN;NaN;26688.0;NaN;NaN;0.0
244162;drt;drt;NaN;7031;735725.5772478036;5360319.206007241;null;NaN;NaN;26722.0;NaN;NaN;0.0
25294;drt;drt;NaN;79968;679804.0780037667;5382530.8616780015;null;NaN;NaN;26747.0;NaN;NaN;0.0
287231;drt;drt;NaN;45491;681861.2837252158;5396133.681245928;null;NaN;NaN;26764.0;NaN;NaN;0.0
236255;drt;drt;NaN;12653;681877.317870119;5367671.525591016;null;NaN;NaN;26774.0;NaN;NaN;0.0
211307;drt;drt;NaN;14887;737180.7823060532;5346385.710843771;null;NaN;NaN;26777.0;NaN;NaN;0.0
167607;drt;drt;NaN;1490;686532.3245782331;5382319.952003958;null;NaN;NaN;26830.0;NaN;NaN;0.0
143949;drt;drt;NaN;51367;715231.8480576135;5352096.48806653;null;NaN;NaN;26846.0;NaN;NaN;0.0
169131;drt;drt;NaN;80127;695886.3035355436;5376141.386008112;null;NaN;NaN;26890.0;NaN;NaN;0.0
325158;drt;drt;NaN;67679;681934.4586327313;5398715.558873519;null;NaN;NaN;26931.0;NaN;NaN;0.0
234507;drt;drt;NaN;81029;682114.4495219558;5376299.008748578;null;NaN;NaN;26996.0;NaN;NaN;0.0
92114;drt;drt;NaN;54575;690675.1861389979;5357180.216492334;null;NaN;NaN;27002.0;NaN;NaN;0.0
116813;drt;drt;NaN;45186;715895.078866614;5351699.266147176;null;NaN;NaN;27012.0;NaN;NaN;0.0
262711;drt;drt;NaN;29792;691626.8679426895;5381461.79234593;null;NaN;NaN;27059.0;NaN;NaN;0.0
140540;drt;drt;NaN;48220;693527.5415488763;5404795.9365976285;null;NaN;NaN;27069.0;NaN;NaN;0.0
195020;drt;drt;NaN;17003;709677.847732019;5371023.775869941;null;NaN;NaN;27085.0;NaN;NaN;0.0
26133;drt;drt;NaN;40203;677566.0977524624;5375839.079090385;null;NaN;NaN;27113.0;NaN;NaN;0.0
269614;drt;drt;NaN;74042;721369.9169196917;5339926.673386651;null;NaN;NaN;27125.0;NaN;NaN;0.0
305790;drt;drt;NaN;37015;711902.2190872072;5346841.020439547;null;NaN;NaN;27198.0;NaN;NaN;0.0
255323;drt;drt;NaN;34373;697699.4547189404;5354847.732195554;null;NaN;NaN;27234.0;NaN;NaN;0.0
145344;drt;drt;NaN;45118;715961.1813668418;5351454.315746876;null;NaN;NaN;27238.0;NaN;NaN;0.0
212385;drt;drt;NaN;24862;720171.7639344621;5343055.956137912;null;NaN;NaN;27254.0;NaN;NaN;0.0
332619;drt;drt;NaN;11147;682057.7996779522;5387558.465966173;null;NaN;NaN;27255.0;NaN;NaN;0.0
104268;drt;drt;NaN;27563;704452.476305546;5365869.347420334;null;NaN;NaN;27256.0;NaN;NaN;0.0
307704;drt;drt;NaN;14249;700296.7840120036;5384418.237222228;null;NaN;NaN;27277.0;NaN;NaN;0.0
373224;drt;drt;NaN;623;724304.722412342;5359563.10035406;null;NaN;NaN;27287.0;NaN;NaN;0.0
72783;drt;drt;NaN;1134;704477.7058418848;5363621.241632234;null;NaN;NaN;27297.0;NaN;NaN;0.0
76548;drt;drt;NaN;61059;700084.2639523065;5372955.879130252;null;NaN;NaN;27325.0;NaN;NaN;0.0
333826;drt;drt;NaN;25402;731708.2778657855;5351182.967163317;null;NaN;NaN;27339.0;NaN;NaN;0.0
29473;drt;drt;NaN;11692;714460.6168831316;5356727.782121405;null;NaN;NaN;27340.0;NaN;NaN;0.0
228053;drt;drt;NaN;36590;711531.0503777924;5373749.660856381;null;NaN;NaN;27342.0;NaN;NaN;0.0
124409;drt;drt;NaN;79086;704072.3796420069;5385080.799193755;null;NaN;NaN;27359.0;NaN;NaN;0.0
302399;drt;drt;NaN;60357;710765.7387593676;5350736.117766658;null;NaN;NaN;27361.0;NaN;NaN;0.0
332531;drt;drt;NaN;65185;685469.5878869386;5373312.960630661;null;NaN;NaN;27366.0;NaN;NaN;0.0
123395;drt;drt;NaN;38118;693902.3178342846;5353224.595258732;null;NaN;NaN;27369.0;NaN;NaN;0.0
189657;drt;drt;NaN;35840;711792.0459519844;5369456.145819472;null;NaN;NaN;27395.0;NaN;NaN;0.0
61232;drt;drt;NaN;57362;699558.65527533;5371048.238770744;null;NaN;NaN;27416.0;NaN;NaN;0.0
44874;drt;drt;NaN;57521;691299.7721559472;5386455.911432533;null;NaN;NaN;27430.0;NaN;NaN;0.0
157711;drt;drt;NaN;7462;704037.6311886795;5356494.804863278;null;NaN;NaN;27433.0;NaN;NaN;0.0
227462;drt;drt;NaN;41407;717238.7827258972;5382042.850664305;null;NaN;NaN;27444.0;NaN;NaN;0.0
219347;drt;drt;NaN;50017;704422.2702717438;5363572.508673575;null;NaN;NaN;27446.0;NaN;NaN;0.0
178214;drt;drt;NaN;59216;710573.1532874932;5350814.124121571;null;NaN;NaN;27456.0;NaN;NaN;0.0
156711;drt;drt;NaN;51682;702105.5482931637;5365956.894843837;null;NaN;NaN;27456.0;NaN;NaN;0.0
137508;drt;drt;NaN;43837;684119.0983208022;5376973.5562497545;null;NaN;NaN;27486.0;NaN;NaN;0.0
379906;drt;drt;NaN;44499;700424.3229937651;5367420.805291342;null;NaN;NaN;27533.0;NaN;NaN;0.0
191203;drt;drt;NaN;59458;717403.4917977003;5374149.798861173;null;NaN;NaN;27538.0;NaN;NaN;0.0
182691;drt;drt;NaN;78736;694244.0737371589;5352580.262002492;null;NaN;NaN;27543.0;NaN;NaN;0.0
288599;drt;drt;NaN;70394;682306.91911331;5398747.176694106;null;NaN;NaN;27583.0;NaN;NaN;0.0
76728;drt;drt;NaN;61456;706754.1281756012;5375461.283681606;null;NaN;NaN;27587.0;NaN;NaN;0.0
198154;drt;drt;NaN;46074;689362.9138400529;5377332.618926588;null;NaN;NaN;27593.0;NaN;NaN;0.0
2713;drt;drt;NaN;548;726555.3343687402;5354300.445572159;null;NaN;NaN;27656.0;NaN;NaN;0.0
81889;drt;drt;NaN;21971;709703.7060753149;5350657.986333826;null;NaN;NaN;27664.0;NaN;NaN;0.0
47191;drt;drt;NaN;27886;715521.0814853221;5355214.55527002;null;NaN;NaN;27678.0;NaN;NaN;0.0
229050;drt;drt;NaN;9655;705470.570020857;5370277.9113098765;null;NaN;NaN;27679.0;NaN;NaN;0.0
332740;drt;drt;NaN;45322;682050.9861696374;5387165.552580771;null;NaN;NaN;27680.0;NaN;NaN;0.0
13995;drt;drt;NaN;72623;729271.1643538523;5352131.645475697;null;NaN;NaN;27686.0;NaN;NaN;0.0
102882;drt;drt;NaN;19037;698759.8802753767;5350795.065539643;null;NaN;NaN;27689.0;NaN;NaN;0.0
116430;drt;drt;NaN;25605;716676.5337286755;5356986.210613711;null;NaN;NaN;27728.0;NaN;NaN;0.0
135306;drt;drt;NaN;57744;700149.1541941119;5370762.908021138;null;NaN;NaN;27751.0;NaN;NaN;0.0
205798;drt;drt;NaN;60343;736824.6433026438;5352537.414203357;null;NaN;NaN;27790.0;NaN;NaN;0.0
305363;drt;drt;NaN;39293;712396.1786348394;5356280.907885178;null;NaN;NaN;27794.0;NaN;NaN;0.0
277517;drt;drt;NaN;44606;704290.1143088735;5365373.566122245;null;NaN;NaN;27834.0;NaN;NaN;0.0
129996;drt;drt;NaN;32248;698411.4578275606;5368562.051142085;null;NaN;NaN;27890.0;NaN;NaN;0.0
294503;drt;drt;NaN;57389;688614.6630801104;5375336.535216397;null;NaN;NaN;27893.0;NaN;NaN;0.0
21579;drt;drt;NaN;33593;717540.1114652903;5373722.876874806;null;NaN;NaN;27900.0;NaN;NaN;0.0
339422;drt;drt;NaN;24084;726783.8967539844;5350694.687894113;null;NaN;NaN;27910.0;NaN;NaN;0.0
394875;drt;drt;NaN;23987;721610.8694742906;5356775.831864805;null;NaN;NaN;27938.0;NaN;NaN;0.0
189367;drt;drt;NaN;76029;697330.1828039668;5373758.147926295;null;NaN;NaN;27959.0;NaN;NaN;0.0
199824;drt;drt;NaN;51527;684740.4395191671;5379017.03845347;null;NaN;NaN;27963.0;NaN;NaN;0.0
219120;drt;drt;NaN;67161;701589.8523614014;5368916.468067892;null;NaN;NaN;27975.0;NaN;NaN;0.0
301938;drt;drt;NaN;46114;724729.3376773521;5347749.653409205;null;NaN;NaN;27978.0;NaN;NaN;0.0
370305;drt;drt;NaN;41076;735289.5583590334;5352786.466464661;null;NaN;NaN;27992.0;NaN;NaN;0.0
92305;drt;drt;NaN;77386;704888.4041575184;5363080.2901548315;null;NaN;NaN;28035.0;NaN;NaN;0.0
89473;drt;drt;NaN;25523;723228.728293071;5355546.82234982;null;NaN;NaN;28083.0;NaN;NaN;0.0
213859;drt;drt;NaN;421;710107.2461487384;5348197.406940766;null;NaN;NaN;28085.0;NaN;NaN;0.0
18798;drt;drt;NaN;47359;693827.778474059;5353083.659341543;null;NaN;NaN;28085.0;NaN;NaN;0.0
155235;drt;drt;NaN;47044;696726.7605093997;5362989.165623414;null;NaN;NaN;28094.0;NaN;NaN;0.0
37040;drt;drt;NaN;66300;703581.3204174023;5355444.10702615;null;NaN;NaN;28135.0;NaN;NaN;0.0
214151;drt;drt;NaN;9554;727846.3331281585;5359272.31398971;null;NaN;NaN;28153.0;NaN;NaN;0.0
94146;drt;drt;NaN;54357;706512.6103422605;5377913.9847874725;null;NaN;NaN;28198.0;NaN;NaN;0.0
87965;drt;drt;NaN;33643;683314.2377854073;5379259.993770259;null;NaN;NaN;28205.0;NaN;NaN;0.0
9979;drt;drt;NaN;51446;671198.5897047904;5370770.829082647;null;NaN;NaN;28267.0;NaN;NaN;0.0
153353;drt;drt;NaN;33902;687270.3867386656;5359151.95107813;null;NaN;NaN;28275.0;NaN;NaN;0.0
304178;drt;drt;NaN;48452;718598.7224439548;5342665.139773741;null;NaN;NaN;28325.0;NaN;NaN;0.0
157467;drt;drt;NaN;2754;702679.0260824801;5354537.1521359775;null;NaN;NaN;28335.0;NaN;NaN;0.0
104621;drt;drt;NaN;47050;696907.1134193129;5362065.782371221;null;NaN;NaN;28358.0;NaN;NaN;0.0
161858;drt;drt;NaN;43814;697894.227942186;5354349.236955733;null;NaN;NaN;28362.0;NaN;NaN;0.0
278704;drt;drt;NaN;80398;702033.2199927534;5364368.198196854;null;NaN;NaN;28365.0;NaN;NaN;0.0
132482;drt;drt;NaN;63282;695223.754123502;5358456.242797323;null;NaN;NaN;28365.0;NaN;NaN;0.0
5042;drt;drt;NaN;20216;686659.6941491023;5360768.06154182;null;NaN;NaN;28372.0;NaN;NaN;0.0
20894;drt;drt;NaN;1292;686373.523280123;5368726.069323843;null;NaN;NaN;28386.0;NaN;NaN;0.0
13056;drt;drt;NaN;74072;691178.1855387749;5394346.868053211;null;NaN;NaN;28404.0;NaN;NaN;0.0
87112;drt;drt;NaN;43775;677216.893241911;5382529.550452782;null;NaN;NaN;28410.0;NaN;NaN;0.0
217638;drt;drt;NaN;2397;703473.6029453266;5367538.937613163;null;NaN;NaN;28410.0;NaN;NaN;0.0
65229;drt;drt;NaN;8685;688841.2757120604;5401829.177386293;null;NaN;NaN;28434.0;NaN;NaN;0.0
163000;drt;drt;NaN;4915;711478.72981744;5381330.466197034;null;NaN;NaN;28435.0;NaN;NaN;0.0
112420;drt;drt;NaN;10867;685421.8740491967;5371064.160666209;null;NaN;NaN;28457.0;NaN;NaN;0.0
292926;drt;drt;NaN;79283;693631.9222168941;5382173.702743109;null;NaN;NaN;28458.0;NaN;NaN;0.0
174234;drt;drt;NaN;4030;714194.7979800634;5355364.426018947;null;NaN;NaN;28523.0;NaN;NaN;0.0
31396;drt;drt;NaN;10080;734668.6414257023;5348631.845485797;null;NaN;NaN;28564.0;NaN;NaN;0.0
201425;drt;drt;NaN;16001;692726.7276364352;5404994.463224682;null;NaN;NaN;28577.0;NaN;NaN;0.0
140183;drt;drt;NaN;28332;691181.611145067;5402050.445514433;null;NaN;NaN;28582.0;NaN;NaN;0.0
211435;drt;drt;NaN;25379;731199.3751807284;5359225.159987446;null;NaN;NaN;28616.0;NaN;NaN;0.0
187159;drt;drt;NaN;5772;703701.6830777989;5365662.251756516;null;NaN;NaN;28634.0;NaN;NaN;0.0
169542;drt;drt;NaN;37366;691566.4385827288;5402011.5216179425;null;NaN;NaN;28666.0;NaN;NaN;0.0
157735;drt;drt;NaN;38964;703292.7350204734;5354341.038278038;null;NaN;NaN;28686.0;NaN;NaN;0.0
271787;drt;drt;NaN;79435;726590.9810777588;5354277.828811364;null;NaN;NaN;28689.0;NaN;NaN;0.0
201563;drt;drt;NaN;26082;690864.6888001354;5406547.733020797;null;NaN;NaN;28738.0;NaN;NaN;0.0
119362;drt;drt;NaN;47299;707068.9436201641;5350671.3573741745;null;NaN;NaN;28746.0;NaN;NaN;0.0
50714;drt;drt;NaN;71126;731306.7166298581;5359318.06981566;null;NaN;NaN;28750.0;NaN;NaN;0.0
2332;drt;drt;NaN;30888;711625.6347377327;5350303.60718738;null;NaN;NaN;28759.0;NaN;NaN;0.0
25022;drt;drt;NaN;9054;684002.1631727358;5377952.108753586;null;NaN;NaN;28767.0;NaN;NaN;0.0
183645;drt;drt;NaN;30561;692504.1101791897;5354877.8383607;null;NaN;NaN;28799.0;NaN;NaN;0.0
253666;drt;drt;NaN;66515;716463.1533786369;5371737.467386708;null;NaN;NaN;28837.0;NaN;NaN;0.0
208404;drt;drt;NaN;53768;716900.6110360422;5359360.342716413;null;NaN;NaN;28844.0;NaN;NaN;0.0
273353;drt;drt;NaN;48830;711129.0208444768;5354269.820586706;null;NaN;NaN;28871.0;NaN;NaN;0.0
212941;drt;drt;NaN;38310;714034.4372707277;5360722.350071723;null;NaN;NaN;28886.0;NaN;NaN;0.0
58534;drt;drt;NaN;14429;716781.0091469462;5371819.292995745;null;NaN;NaN;28907.0;NaN;NaN;0.0
354542;drt;drt;NaN;46510;706753.1440953168;5379604.055372292;null;NaN;NaN;28912.0;NaN;NaN;0.0
64998;drt;drt;NaN;18120;695949.1634061136;5377257.738963321;null;NaN;NaN;29017.0;NaN;NaN;0.0
106442;drt;drt;NaN;5784;701779.7007610931;5352258.428402327;null;NaN;NaN;29020.0;NaN;NaN;0.0
289593;drt;drt;NaN;64414;684580.4513793534;5377506.077766931;null;NaN;NaN;29087.0;NaN;NaN;0.0
119004;drt;drt;NaN;33742;726641.4622686664;5345156.512402365;null;NaN;NaN;29096.0;NaN;NaN;0.0
62284;drt;drt;NaN;45952;683578.0667892813;5399380.392638756;null;NaN;NaN;29163.0;NaN;NaN;0.0
269237;drt;drt;NaN;58662;715151.5805815962;5351375.621790507;null;NaN;NaN;29177.0;NaN;NaN;0.0
28278;drt;drt;NaN;66854;735415.5174025199;5352839.045877982;null;NaN;NaN;29181.0;NaN;NaN;0.0
292283;drt;drt;NaN;23545;692180.1453578777;5374738.999443282;null;NaN;NaN;29182.0;NaN;NaN;0.0
368776;drt;drt;NaN;3559;681185.4728843635;5387735.906940261;null;NaN;NaN;29186.0;NaN;NaN;0.0
121976;drt;drt;NaN;54182;732141.081067183;5364909.427997712;null;NaN;NaN;29214.0;NaN;NaN;0.0
217714;drt;drt;NaN;67195;702718.4293452972;5364302.8606073;null;NaN;NaN;29247.0;NaN;NaN;0.0
174887;drt;drt;NaN;37539;715489.9059756799;5354753.29532493;null;NaN;NaN;29268.0;NaN;NaN;0.0
370100;drt;drt;NaN;7913;738592.2338177396;5351987.042758249;null;NaN;NaN;29282.0;NaN;NaN;0.0
362411;drt;drt;NaN;26562;684786.1016989343;5379887.963290193;null;NaN;NaN;29289.0;NaN;NaN;0.0
18888;drt;drt;NaN;68170;701873.9575928533;5386395.13170073;null;NaN;NaN;29299.0;NaN;NaN;0.0
224997;drt;drt;NaN;78525;708425.3953641405;5382177.328758167;null;NaN;NaN;29322.0;NaN;NaN;0.0
232915;drt;drt;NaN;67582;685292.6961285423;5380074.081117306;null;NaN;NaN;29338.0;NaN;NaN;0.0
124763;drt;drt;NaN;8774;692605.2369607696;5359387.206998859;null;NaN;NaN;29356.0;NaN;NaN;0.0
98223;drt;drt;NaN;81272;714659.8047503798;5352311.884752912;null;NaN;NaN;29372.0;NaN;NaN;0.0
193360;drt;drt;NaN;64860;697299.0057015353;5354181.19439278;null;NaN;NaN;29374.0;NaN;NaN;0.0
133610;drt;drt;NaN;41351;696079.6354151801;5360085.136267858;null;NaN;NaN;29375.0;NaN;NaN;0.0
259036;drt;drt;NaN;63494;678680.5043893659;5367857.582621235;null;NaN;NaN;29377.0;NaN;NaN;0.0
10722;drt;drt;NaN;59918;694570.6980444351;5404074.822793083;null;NaN;NaN;29392.0;NaN;NaN;0.0
303999;drt;drt;NaN;77303;722188.6805649427;5344516.304992171;null;NaN;NaN;29396.0;NaN;NaN;0.0
5188;drt;drt;NaN;49283;700829.7731850911;5360717.42522292;null;NaN;NaN;29409.0;NaN;NaN;0.0
268707;drt;drt;NaN;42078;717838.2361480594;5353536.54204766;null;NaN;NaN;29410.0;NaN;NaN;0.0
402673;drt;drt;NaN;70922;703210.0844723057;5354325.547687597;null;NaN;NaN;29412.0;NaN;NaN;0.0
40080;drt;drt;NaN;64322;714520.7765101747;5380173.124735346;null;NaN;NaN;29417.0;NaN;NaN;0.0
359676;drt;drt;NaN;22975;678460.073098362;5385832.165970592;null;NaN;NaN;29432.0;NaN;NaN;0.0
100459;drt;drt;NaN;23519;730410.3206599057;5358109.232025729;null;NaN;NaN;29470.0;NaN;NaN;0.0
18224;drt;drt;NaN;11193;701241.6983124161;5381041.886706011;null;NaN;NaN;29472.0;NaN;NaN;0.0
9781;drt;drt;NaN;67728;682263.9969830569;5393313.4156431435;null;NaN;NaN;29495.0;NaN;NaN;0.0
147287;drt;drt;NaN;7771;729567.1562798873;5343515.953412289;null;NaN;NaN;29503.0;NaN;NaN;0.0
259893;drt;drt;NaN;36987;697174.6846349486;5405236.146720717;null;NaN;NaN;29538.0;NaN;NaN;0.0
142694;drt;drt;NaN;49960;684095.3575569147;5390933.571915026;null;NaN;NaN;29549.0;NaN;NaN;0.0
304535;drt;drt;NaN;18166;716939.4009609813;5346320.012913496;null;NaN;NaN;29552.0;NaN;NaN;0.0
353556;drt;drt;NaN;71669;716059.4051873558;5370705.2008734625;null;NaN;NaN;29554.0;NaN;NaN;0.0
29623;drt;drt;NaN;70074;715418.3028289819;5352519.142169065;null;NaN;NaN;29576.0;NaN;NaN;0.0
31117;drt;drt;NaN;10982;728755.3500922082;5347104.225197588;null;NaN;NaN;29578.0;NaN;NaN;0.0
319056;drt;drt;NaN;39813;696007.3127242142;5360257.75133719;null;NaN;NaN;29583.0;NaN;NaN;0.0
23598;drt;drt;NaN;65031;697954.9665445666;5375923.038547;null;NaN;NaN;29586.0;NaN;NaN;0.0
122317;drt;drt;NaN;67013;716599.9153733738;5363208.201165222;null;NaN;NaN;29608.0;NaN;NaN;0.0
26758;drt;drt;NaN;78100;696077.7623122865;5385965.747219958;null;NaN;NaN;29621.0;NaN;NaN;0.0
125392;drt;drt;NaN;33066;696944.2818985021;5361311.555691814;null;NaN;NaN;29679.0;NaN;NaN;0.0
370698;drt;drt;NaN;74537;717448.1606276517;5354760.849824643;null;NaN;NaN;29717.0;NaN;NaN;0.0
81569;drt;drt;NaN;1899;721352.8471788405;5340970.449157213;null;NaN;NaN;29719.0;NaN;NaN;0.0
163848;drt;drt;NaN;26130;700312.1920603728;5370902.271622742;null;NaN;NaN;29724.0;NaN;NaN;0.0
425650;drt;drt;NaN;72508;704387.624637653;5368697.857576329;null;NaN;NaN;29763.0;NaN;NaN;0.0
26049;drt;drt;NaN;64953;689600.8330417238;5389495.345321952;null;NaN;NaN;29785.0;NaN;NaN;0.0
200062;drt;drt;NaN;22328;684932.2841389992;5371417.307703283;null;NaN;NaN;29840.0;NaN;NaN;0.0
150477;drt;drt;NaN;33042;731249.4131655862;5365229.958421197;null;NaN;NaN;29844.0;NaN;NaN;0.0
67140;drt;drt;NaN;63808;685216.8119560562;5390162.583596204;null;NaN;NaN;29865.0;NaN;NaN;0.0
379595;drt;drt;NaN;34350;702408.3762716654;5364508.651968213;null;NaN;NaN;29886.0;NaN;NaN;0.0
207643;drt;drt;NaN;35492;715293.1712424583;5355346.911100739;null;NaN;NaN;29896.0;NaN;NaN;0.0
157299;drt;drt;NaN;57464;703214.0287583796;5355044.670591735;null;NaN;NaN;29906.0;NaN;NaN;0.0
187724;drt;drt;NaN;49387;700423.7739016738;5359872.016707817;null;NaN;NaN;29926.0;NaN;NaN;0.0
420074;drt;drt;NaN;51937;719191.0392966389;5342796.6547725275;null;NaN;NaN;29932.0;NaN;NaN;0.0
172585;drt;drt;NaN;1443;681696.1561320757;5392724.231203672;null;NaN;NaN;29934.0;NaN;NaN;0.0
139917;drt;drt;NaN;66777;695993.9179401675;5377171.513290359;null;NaN;NaN;29934.0;NaN;NaN;0.0
404201;drt;drt;NaN;39631;707747.8762814803;5379336.293856643;null;NaN;NaN;29938.0;NaN;NaN;0.0
198473;drt;drt;NaN;19721;683159.8527231622;5377094.9705807865;null;NaN;NaN;29974.0;NaN;NaN;0.0
329721;drt;drt;NaN;7667;693144.4067660011;5404841.796009652;null;NaN;NaN;29988.0;NaN;NaN;0.0
131314;drt;drt;NaN;28129;717604.9358346642;5372506.91499065;null;NaN;NaN;30011.0;NaN;NaN;0.0
28534;drt;drt;NaN;49216;728774.378834794;5350418.288294309;null;NaN;NaN;30019.0;NaN;NaN;0.0
344949;drt;drt;NaN;7;697292.7856223269;5379131.19528487;null;NaN;NaN;30057.0;NaN;NaN;0.0
210517;drt;drt;NaN;44993;726477.2932119782;5348973.02431724;null;NaN;NaN;30061.0;NaN;NaN;0.0
61896;drt;drt;NaN;17437;678917.0621863147;5385955.307209012;null;NaN;NaN;30072.0;NaN;NaN;0.0
347330;drt;drt;NaN;72985;702196.8218499786;5365878.400185359;null;NaN;NaN;30075.0;NaN;NaN;0.0
227962;drt;drt;NaN;34526;713521.7040050237;5375181.993577698;null;NaN;NaN;30082.0;NaN;NaN;0.0
30700;drt;drt;NaN;21739;720509.5458561527;5360315.682140302;null;NaN;NaN;30085.0;NaN;NaN;0.0
345981;drt;drt;NaN;30118;694407.4735284264;5352385.350739135;null;NaN;NaN;30127.0;NaN;NaN;0.0
49341;drt;drt;NaN;53778;720442.6658593231;5358733.728406066;null;NaN;NaN;30134.0;NaN;NaN;0.0
174185;drt;drt;NaN;40863;716027.2122203908;5354510.693004046;null;NaN;NaN;30166.0;NaN;NaN;0.0
22305;drt;drt;NaN;44266;699331.2217349961;5355153.85944594;null;NaN;NaN;30179.0;NaN;NaN;0.0
48729;drt;drt;NaN;62353;716727.5452148961;5355592.773947459;null;NaN;NaN;30193.0;NaN;NaN;0.0
266734;drt;drt;NaN;49547;733889.9932239484;5350862.02689114;null;NaN;NaN;30211.0;NaN;NaN;0.0
188660;drt;drt;NaN;67450;703335.8832150588;5355516.559212637;null;NaN;NaN;30211.0;NaN;NaN;0.0
179744;drt;drt;NaN;45136;715711.0487799827;5348420.625110591;null;NaN;NaN;30243.0;NaN;NaN;0.0
102700;drt;drt;NaN;28644;698247.4786477276;5351048.825110987;null;NaN;NaN;30243.0;NaN;NaN;0.0
75047;drt;drt;NaN;37111;717112.5227275423;5372845.184445227;null;NaN;NaN;30256.0;NaN;NaN;0.0
37822;drt;drt;NaN;81505;716092.0248131017;5372358.096978178;null;NaN;NaN;30261.0;NaN;NaN;0.0
14192;drt;drt;NaN;50968;729592.1109784447;5350676.505943193;null;NaN;NaN;30263.0;NaN;NaN;0.0
191225;drt;drt;NaN;53782;717023.2547707425;5373417.334304246;null;NaN;NaN;30265.0;NaN;NaN;0.0
320727;drt;drt;NaN;45777;689029.5435233096;5373661.338320534;null;NaN;NaN;30282.0;NaN;NaN;0.0
32878;drt;drt;NaN;60025;712146.2532280795;5347103.834325911;null;NaN;NaN;30284.0;NaN;NaN;0.0
294071;drt;drt;NaN;28584;689710.1312770346;5397405.428040742;null;NaN;NaN;30285.0;NaN;NaN;0.0
27771;drt;drt;NaN;42321;682344.7196844858;5389179.895789113;null;NaN;NaN;30308.0;NaN;NaN;0.0
29184;drt;drt;NaN;58832;716525.1995066984;5359024.754725467;null;NaN;NaN;30310.0;NaN;NaN;0.0
67289;drt;drt;NaN;28260;681539.7581551722;5391417.183657098;null;NaN;NaN;30311.0;NaN;NaN;0.0
382547;drt;drt;NaN;45816;712422.0293627986;5367433.146536212;null;NaN;NaN;30313.0;NaN;NaN;0.0
148264;drt;drt;NaN;39057;730969.7381313802;5358879.504869321;null;NaN;NaN;30313.0;NaN;NaN;0.0
20204;drt;drt;NaN;30587;703790.0005094665;5365197.341419338;null;NaN;NaN;30325.0;NaN;NaN;0.0
18733;drt;drt;NaN;11312;694813.3364428608;5352935.669270969;null;NaN;NaN;30327.0;NaN;NaN;0.0
63371;drt;drt;NaN;40960;682973.9361746836;5379200.488770084;null;NaN;NaN;30340.0;NaN;NaN;0.0
307315;drt;drt;NaN;23609;719869.2493496867;5364029.844490668;null;NaN;NaN;30393.0;NaN;NaN;0.0
120394;drt;drt;NaN;16975;730028.0193582347;5354581.523790996;null;NaN;NaN;30408.0;NaN;NaN;0.0
10713;drt;drt;NaN;6591;682750.3542729408;5398822.395610008;null;NaN;NaN;30412.0;NaN;NaN;0.0
157923;drt;drt;NaN;75469;702982.4844201904;5354841.7074554525;null;NaN;NaN;30422.0;NaN;NaN;0.0
430515;drt;drt;NaN;23905;692322.006298628;5364810.311117401;null;NaN;NaN;30457.0;NaN;NaN;0.0
306918;drt;drt;NaN;55445;716549.3303408405;5364079.941007443;null;NaN;NaN;30463.0;NaN;NaN;0.0
15434;drt;drt;NaN;19386;714859.1660901962;5351375.546241147;null;NaN;NaN;30463.0;NaN;NaN;0.0
41657;drt;drt;NaN;70116;682196.2963739166;5398851.845015401;null;NaN;NaN;30482.0;NaN;NaN;0.0
165931;drt;drt;NaN;60926;685385.8585754151;5400446.312776785;null;NaN;NaN;30484.0;NaN;NaN;0.0
229439;drt;drt;NaN;46259;682121.2184376034;5393232.595467334;null;NaN;NaN;30507.0;NaN;NaN;0.0
40719;drt;drt;NaN;10320;704599.8409771025;5369967.640476385;null;NaN;NaN;30533.0;NaN;NaN;0.0
341498;drt;drt;NaN;41502;718884.4969884927;5342716.733970055;null;NaN;NaN;30534.0;NaN;NaN;0.0
24431;drt;drt;NaN;27728;682512.5940331387;5399483.853303512;null;NaN;NaN;30570.0;NaN;NaN;0.0
160847;drt;drt;NaN;24580;699292.2355848646;5355248.650095172;null;NaN;NaN;30582.0;NaN;NaN;0.0
268242;drt;drt;NaN;26228;714175.8069601284;5353208.742326613;null;NaN;NaN;30647.0;NaN;NaN;0.0
85023;drt;drt;NaN;66846;686756.9955054098;5367056.796704097;null;NaN;NaN;30668.0;NaN;NaN;0.0
34063;drt;drt;NaN;15252;698635.7780528102;5350843.014084222;null;NaN;NaN;30668.0;NaN;NaN;0.0
393515;drt;drt;NaN;222;691265.0287631367;5395512.251502266;null;NaN;NaN;30675.0;NaN;NaN;0.0
333210;drt;drt;NaN;67709;686560.8368099927;5391057.997670606;null;NaN;NaN;30687.0;NaN;NaN;0.0
380111;drt;drt;NaN;1198;704119.8990609914;5363638.552279899;null;NaN;NaN;30706.0;NaN;NaN;0.0
366483;drt;drt;NaN;48556;696924.3026341929;5389600.776943743;null;NaN;NaN;30738.0;NaN;NaN;0.0
295658;drt;drt;NaN;598;721446.7789905764;5355853.638241887;null;NaN;NaN;30740.0;NaN;NaN;0.0
115904;drt;drt;NaN;204;733909.5688263942;5351733.302259019;null;NaN;NaN;30766.0;NaN;NaN;0.0
18073;drt;drt;NaN;55799;721507.8666430933;5365589.172037825;null;NaN;NaN;30791.0;NaN;NaN;0.0
33197;drt;drt;NaN;40390;726932.4230114218;5359554.00998725;null;NaN;NaN;30856.0;NaN;NaN;0.0
224570;drt;drt;NaN;66258;719143.2861075392;5372632.380065425;null;NaN;NaN;30911.0;NaN;NaN;0.0
406030;drt;drt;NaN;56210;705673.8361014092;5370386.168703717;null;NaN;NaN;30916.0;NaN;NaN;0.0
149917;drt;drt;NaN;39270;712233.4414597054;5356117.4377269475;null;NaN;NaN;30917.0;NaN;NaN;0.0
303373;drt;drt;NaN;65307;736507.5693330907;5358475.476183226;null;NaN;NaN;30918.0;NaN;NaN;0.0
181322;drt;drt;NaN;11945;729217.2455092343;5361645.744101969;null;NaN;NaN;30945.0;NaN;NaN;0.0
196798;drt;drt;NaN;7369;679160.1633986367;5369883.842340382;null;NaN;NaN;30946.0;NaN;NaN;0.0
175469;drt;drt;NaN;12676;717033.4101121116;5357184.91290635;null;NaN;NaN;30967.0;NaN;NaN;0.0
313556;drt;drt;NaN;56566;704804.5533051796;5364564.034348909;null;NaN;NaN;30997.0;NaN;NaN;0.0
48155;drt;drt;NaN;19619;715358.3187575256;5352780.444227653;null;NaN;NaN;31010.0;NaN;NaN;0.0
45132;drt;drt;NaN;67952;696292.6269833753;5392111.956714269;null;NaN;NaN;31013.0;NaN;NaN;0.0
65164;drt;drt;NaN;6466;691320.1333484726;5402188.373274743;null;NaN;NaN;31024.0;NaN;NaN;0.0
203927;drt;drt;NaN;66232;684949.4293403453;5374992.129612386;null;NaN;NaN;31045.0;NaN;NaN;0.0
88772;drt;drt;NaN;30043;693092.0203288551;5386788.530836461;null;NaN;NaN;31089.0;NaN;NaN;0.0
303006;drt;drt;NaN;35702;731180.3942085018;5359319.597018002;null;NaN;NaN;31091.0;NaN;NaN;0.0
148677;drt;drt;NaN;34089;732720.7228792806;5358747.995707376;null;NaN;NaN;31143.0;NaN;NaN;0.0
122295;drt;drt;NaN;79370;715661.1782207787;5367101.611642609;null;NaN;NaN;31149.0;NaN;NaN;0.0
93133;drt;drt;NaN;51682;702105.5482931637;5365956.894843837;null;NaN;NaN;31203.0;NaN;NaN;0.0
121806;drt;drt;NaN;1222;711207.8497242483;5348581.676746763;null;NaN;NaN;31227.0;NaN;NaN;0.0
244326;drt;drt;NaN;61223;734891.2494090928;5361058.420303852;null;NaN;NaN;31274.0;NaN;NaN;0.0
159736;drt;drt;NaN;53965;717413.8963200685;5372082.288138537;null;NaN;NaN;31286.0;NaN;NaN;0.0
396494;drt;drt;NaN;1536;716514.5226616003;5354288.104037456;null;NaN;NaN;31324.0;NaN;NaN;0.0
316571;drt;drt;NaN;45190;717389.0579311571;5373002.5825985735;null;NaN;NaN;31362.0;NaN;NaN;0.0
413734;drt;drt;NaN;44926;717483.5555119494;5354414.01424413;null;NaN;NaN;31371.0;NaN;NaN;0.0
158636;drt;drt;NaN;32312;710255.5033681539;5372064.721465222;null;NaN;NaN;31371.0;NaN;NaN;0.0
23379;drt;drt;NaN;79849;718766.5577995242;5375449.625317233;null;NaN;NaN;31379.0;NaN;NaN;0.0
8491;drt;drt;NaN;34951;697815.3128282638;5353655.203666739;null;NaN;NaN;31387.0;NaN;NaN;0.0
211502;drt;drt;NaN;10564;730934.0885764738;5358944.399698211;null;NaN;NaN;31413.0;NaN;NaN;0.0
67390;drt;drt;NaN;49958;683862.0683084154;5390755.822030766;null;NaN;NaN;31419.0;NaN;NaN;0.0
271373;drt;drt;NaN;51257;734721.862609288;5348847.25028711;null;NaN;NaN;31457.0;NaN;NaN;0.0
250748;drt;drt;NaN;49752;704949.9373699431;5363472.524010157;null;NaN;NaN;31487.0;NaN;NaN;0.0
137779;drt;drt;NaN;61805;685740.344361353;5377504.689921725;null;NaN;NaN;31521.0;NaN;NaN;0.0
428816;drt;drt;NaN;71252;703487.1050903455;5364444.480669256;null;NaN;NaN;31543.0;NaN;NaN;0.0
27910;drt;drt;NaN;80714;684772.0130695116;5391516.436604375;null;NaN;NaN;31546.0;NaN;NaN;0.0
407550;drt;drt;NaN;25809;685575.0906098908;5378206.948413039;null;NaN;NaN;31556.0;NaN;NaN;0.0
124008;drt;drt;NaN;39090;694033.1158997535;5353380.949030413;null;NaN;NaN;31572.0;NaN;NaN;0.0
142730;drt;drt;NaN;59643;684349.3942029756;5389868.187075026;null;NaN;NaN;31579.0;NaN;NaN;0.0
387514;drt;drt;NaN;60161;675070.0504551425;5374970.337497378;null;NaN;NaN;31650.0;NaN;NaN;0.0
300527;drt;drt;NaN;52368;708980.1826867573;5345700.016953696;null;NaN;NaN;31669.0;NaN;NaN;0.0
261678;drt;drt;NaN;3769;717269.187202618;5383107.462077858;null;NaN;NaN;31675.0;NaN;NaN;0.0
65434;drt;drt;NaN;76035;691184.4822395083;5401680.8435681155;null;NaN;NaN;31692.0;NaN;NaN;0.0
158147;drt;drt;NaN;47712;697762.70929269;5370313.285236191;null;NaN;NaN;31728.0;NaN;NaN;0.0
388101;drt;drt;NaN;66557;683350.506134068;5399103.675345829;null;NaN;NaN;31730.0;NaN;NaN;0.0
343488;drt;drt;NaN;70846;713926.7492006368;5344016.579125912;null;NaN;NaN;31759.0;NaN;NaN;0.0
136225;drt;drt;NaN;63514;678519.0429348322;5367749.747927314;null;NaN;NaN;31773.0;NaN;NaN;0.0
1004;drt;drt;NaN;20370;715845.6692946439;5354233.198247096;null;NaN;NaN;31787.0;NaN;NaN;0.0
3689;drt;drt;NaN;618;727109.5537075843;5358182.758075708;null;NaN;NaN;31793.0;NaN;NaN;0.0
158739;drt;drt;NaN;63581;710991.0925811245;5369484.197047711;null;NaN;NaN;31827.0;NaN;NaN;0.0
207752;drt;drt;NaN;64290;714844.7849561453;5354456.821139315;null;NaN;NaN;31830.0;NaN;NaN;0.0
287377;drt;drt;NaN;12123;681468.4338379852;5394066.668844604;null;NaN;NaN;31844.0;NaN;NaN;0.0
156283;drt;drt;NaN;64556;702718.58939178;5363228.806761032;null;NaN;NaN;31859.0;NaN;NaN;0.0
336798;drt;drt;NaN;4030;714194.7979800634;5355364.426018947;null;NaN;NaN;31868.0;NaN;NaN;0.0
122060;drt;drt;NaN;12544;729242.9551666708;5358672.776020193;null;NaN;NaN;31868.0;NaN;NaN;0.0
398254;drt;drt;NaN;55986;739129.4961401545;5358237.307240922;null;NaN;NaN;31878.0;NaN;NaN;0.0
173886;drt;drt;NaN;44366;731040.6845534088;5351791.272055065;null;NaN;NaN;31899.0;NaN;NaN;0.0
95220;drt;drt;NaN;72925;675777.734175948;5385105.691164249;null;NaN;NaN;31922.0;NaN;NaN;0.0
273963;drt;drt;NaN;70844;713917.850189881;5343916.801553399;null;NaN;NaN;31929.0;NaN;NaN;0.0
75685;drt;drt;NaN;44105;697321.5464493383;5355687.028129723;null;NaN;NaN;31960.0;NaN;NaN;0.0
348830;drt;drt;NaN;44886;703391.0840297095;5364582.272117773;null;NaN;NaN;31992.0;NaN;NaN;0.0
94582;drt;drt;NaN;63616;689890.9665016733;5365405.553233866;null;NaN;NaN;32015.0;NaN;NaN;0.0
435595;drt;drt;NaN;16352;690243.4217949893;5368148.291461657;null;NaN;NaN;32056.0;NaN;NaN;0.0
411362;drt;drt;NaN;68446;722590.1438856829;5357258.495277431;null;NaN;NaN;32073.0;NaN;NaN;0.0
222236;drt;drt;NaN;71535;685483.2772718066;5365827.665872591;null;NaN;NaN;32138.0;NaN;NaN;0.0
192777;drt;drt;NaN;59671;695502.5849914523;5358203.228165271;null;NaN;NaN;32160.0;NaN;NaN;0.0
447537;drt;drt;NaN;73481;692529.2579880108;5401051.846655689;null;NaN;NaN;32176.0;NaN;NaN;0.0
49568;drt;drt;NaN;24415;729538.9963665516;5342412.172040255;null;NaN;NaN;32184.0;NaN;NaN;0.0
80067;drt;drt;NaN;52702;684613.6562138341;5390286.826905094;null;NaN;NaN;32196.0;NaN;NaN;0.0
437020;drt;drt;NaN;68849;699229.2758224602;5376489.7001072485;null;NaN;NaN;32210.0;NaN;NaN;0.0
347999;drt;drt;NaN;60936;704558.8898216307;5363685.243241721;null;NaN;NaN;32236.0;NaN;NaN;0.0
287860;drt;drt;NaN;41985;675383.0059856231;5385804.98481062;null;NaN;NaN;32252.0;NaN;NaN;0.0
21387;drt;drt;NaN;58631;707013.7745163535;5365484.743966602;null;NaN;NaN;32270.0;NaN;NaN;0.0
427092;drt;drt;NaN;66143;705415.3351503887;5363952.290710395;null;NaN;NaN;32379.0;NaN;NaN;0.0
167650;drt;drt;NaN;1612;685819.2160479039;5378039.732890407;null;NaN;NaN;32383.0;NaN;NaN;0.0
111433;drt;drt;NaN;7565;697832.7166286625;5406427.689088015;null;NaN;NaN;32398.0;NaN;NaN;0.0
317018;drt;drt;NaN;7965;717244.7606832925;5373671.733870473;null;NaN;NaN;32430.0;NaN;NaN;0.0
239926;drt;drt;NaN;3510;714821.1952676671;5355818.607470091;null;NaN;NaN;32466.0;NaN;NaN;0.0
212809;drt;drt;NaN;5754;715248.809499314;5347759.49877049;null;NaN;NaN;32506.0;NaN;NaN;0.0
27865;drt;drt;NaN;44019;681246.8491458269;5393969.265335725;null;NaN;NaN;32514.0;NaN;NaN;0.0
259887;drt;drt;NaN;27311;697629.9589392954;5404834.811261692;null;NaN;NaN;32517.0;NaN;NaN;0.0
383168;drt;drt;NaN;4743;717865.5763234117;5372942.887292484;null;NaN;NaN;32522.0;NaN;NaN;0.0
291342;drt;drt;NaN;72146;688748.582282339;5387110.162725586;null;NaN;NaN;32528.0;NaN;NaN;0.0
44589;drt;drt;NaN;29082;697182.2982534224;5385118.95886934;null;NaN;NaN;32531.0;NaN;NaN;0.0
112232;drt;drt;NaN;14782;686496.3955617188;5378673.814363629;null;NaN;NaN;32536.0;NaN;NaN;0.0
83713;drt;drt;NaN;4596;687566.1010180531;5359050.048370085;null;NaN;NaN;32537.0;NaN;NaN;0.0
103875;drt;drt;NaN;39102;705071.2224289477;5365515.275445665;null;NaN;NaN;32592.0;NaN;NaN;0.0
235987;drt;drt;NaN;10621;689792.8562773955;5385849.791087558;null;NaN;NaN;32629.0;NaN;NaN;0.0
353875;drt;drt;NaN;28109;717250.3239703383;5372602.766979052;null;NaN;NaN;32630.0;NaN;NaN;0.0
396750;drt;drt;NaN;2577;717530.2925338214;5349691.734519797;null;NaN;NaN;32647.0;NaN;NaN;0.0
225862;drt;drt;NaN;69224;697737.086966572;5359210.715064675;null;NaN;NaN;32700.0;NaN;NaN;0.0
393744;drt;drt;NaN;34589;693948.8169951525;5396737.24986548;null;NaN;NaN;32733.0;NaN;NaN;0.0
27262;drt;drt;NaN;60524;693954.4345622321;5394423.815514798;null;NaN;NaN;32734.0;NaN;NaN;0.0
282879;drt;drt;NaN;49748;715651.7935732822;5371108.539658373;null;NaN;NaN;32803.0;NaN;NaN;0.0
251422;drt;drt;NaN;14864;700739.653105655;5357997.949997248;null;NaN;NaN;32849.0;NaN;NaN;0.0
33599;drt;drt;NaN;55783;720922.6173541097;5366301.663080202;null;NaN;NaN;32851.0;NaN;NaN;0.0
319516;drt;drt;NaN;38801;696961.0200359449;5355638.934479073;null;NaN;NaN;32872.0;NaN;NaN;0.0
78958;drt;drt;NaN;36131;691039.1971402908;5406687.952488106;null;NaN;NaN;32883.0;NaN;NaN;0.0
371116;drt;drt;NaN;49755;714243.9025902047;5355320.752145113;null;NaN;NaN;32917.0;NaN;NaN;0.0
27798;drt;drt;NaN;24210;681128.9209710488;5387646.3829488605;null;NaN;NaN;32917.0;NaN;NaN;0.0
190991;drt;drt;NaN;17595;721848.7510310176;5341625.559093451;null;NaN;NaN;32922.0;NaN;NaN;0.0
229436;drt;drt;NaN;69718;682040.6529768137;5393269.670331668;null;NaN;NaN;32951.0;NaN;NaN;0.0
391122;drt;drt;NaN;59655;688738.630672741;5387728.584575536;null;NaN;NaN;33028.0;NaN;NaN;0.0
272535;drt;drt;NaN;23249;720626.2941017528;5349963.331969267;null;NaN;NaN;33034.0;NaN;NaN;0.0
9034;drt;drt;NaN;26801;689426.4455504173;5372239.09100241;null;NaN;NaN;33091.0;NaN;NaN;0.0
374932;drt;drt;NaN;20422;735881.1411572411;5360386.382934738;null;NaN;NaN;33099.0;NaN;NaN;0.0
423751;drt;drt;NaN;53690;694793.5898111258;5352804.201649583;null;NaN;NaN;33103.0;NaN;NaN;0.0
346916;drt;drt;NaN;77236;689957.2698627064;5358479.043849454;null;NaN;NaN;33130.0;NaN;NaN;0.0
310110;drt;drt;NaN;80503;686296.7416837413;5360732.181475699;null;NaN;NaN;33171.0;NaN;NaN;0.0
265154;drt;drt;NaN;52094;682701.5813675672;5392331.195328398;null;NaN;NaN;33279.0;NaN;NaN;0.0
233263;drt;drt;NaN;58955;687543.7166237391;5381515.312611977;null;NaN;NaN;33289.0;NaN;NaN;0.0
230360;drt;drt;NaN;53497;675398.9476733609;5369009.08062169;null;NaN;NaN;33380.0;NaN;NaN;0.0
420649;drt;drt;NaN;20555;713712.301459397;5347934.253888875;null;NaN;NaN;33412.0;NaN;NaN;0.0
265028;drt;drt;NaN;45324;682062.4916618653;5387309.417413218;null;NaN;NaN;33466.0;NaN;NaN;0.0
167237;drt;drt;NaN;65880;688955.3703767761;5382565.286999248;null;NaN;NaN;33479.0;NaN;NaN;0.0
338742;drt;drt;NaN;22041;720265.8225241672;5358530.910801759;null;NaN;NaN;33480.0;NaN;NaN;0.0
1518;drt;drt;NaN;68255;714578.6487637118;5353541.538350994;null;NaN;NaN;33495.0;NaN;NaN;0.0
21559;drt;drt;NaN;1529;716927.0824368619;5371955.418931274;null;NaN;NaN;33513.0;NaN;NaN;0.0
434395;drt;drt;NaN;64876;697683.9101750074;5354060.488763263;null;NaN;NaN;33581.0;NaN;NaN;0.0
371745;drt;drt;NaN;56043;713338.5148931956;5351615.389343368;null;NaN;NaN;33612.0;NaN;NaN;0.0
419861;drt;drt;NaN;57132;721173.286388879;5341222.105912307;null;NaN;NaN;33697.0;NaN;NaN;0.0
377939;drt;drt;NaN;30894;694066.8468282244;5352251.718963608;null;NaN;NaN;33742.0;NaN;NaN;0.0
303083;drt;drt;NaN;80105;734190.0053278413;5357571.902221285;null;NaN;NaN;33777.0;NaN;NaN;0.0
372787;drt;drt;NaN;52553;705032.931040385;5347636.026988828;null;NaN;NaN;33905.0;NaN;NaN;0.0
316484;drt;drt;NaN;53735;721079.7196049573;5371557.036500532;null;NaN;NaN;33931.0;NaN;NaN;0.0
349379;drt;drt;NaN;31262;705323.8991592265;5368357.805122403;null;NaN;NaN;33950.0;NaN;NaN;0.0
235009;drt;drt;NaN;3997;692266.9493364744;5375722.039585294;null;NaN;NaN;33974.0;NaN;NaN;0.0
134740;drt;drt;NaN;76289;702820.732971237;5377869.794922531;null;NaN;NaN;33993.0;NaN;NaN;0.0
357353;drt;drt;NaN;62660;711255.5670685235;5381163.579487497;null;NaN;NaN;34053.0;NaN;NaN;0.0
132660;drt;drt;NaN;38672;697290.5938876026;5355954.70921061;null;NaN;NaN;34071.0;NaN;NaN;0.0
108839;drt;drt;NaN;59661;695535.2618519968;5358400.273673997;null;NaN;NaN;34089.0;NaN;NaN;0.0
339385;drt;drt;NaN;81207;726035.1154935985;5349621.329384417;null;NaN;NaN;34175.0;NaN;NaN;0.0
448293;drt;drt;NaN;52094;682701.5813675672;5392331.195328398;null;NaN;NaN;34235.0;NaN;NaN;0.0
30083;drt;drt;NaN;48682;715573.0949566825;5353116.132258691;null;NaN;NaN;34235.0;NaN;NaN;0.0
61654;drt;drt;NaN;5732;673076.937675099;5373616.881106544;null;NaN;NaN;34318.0;NaN;NaN;0.0
374524;drt;drt;NaN;39559;734853.019736533;5349325.280322045;null;NaN;NaN;34350.0;NaN;NaN;0.0
80394;drt;drt;NaN;6895;734259.9782497007;5351043.644939996;null;NaN;NaN;34426.0;NaN;NaN;0.0
26338;drt;drt;NaN;64562;692596.4210200014;5375595.081561636;null;NaN;NaN;34447.0;NaN;NaN;0.0
338061;drt;drt;NaN;52509;706498.5312338916;5346858.256310815;null;NaN;NaN;34452.0;NaN;NaN;0.0
348425;drt;drt;NaN;75031;704999.052007707;5363789.706828723;null;NaN;NaN;34540.0;NaN;NaN;0.0
378664;drt;drt;NaN;42074;695971.4445854407;5353647.147940643;null;NaN;NaN;34563.0;NaN;NaN;0.0
425104;drt;drt;NaN;76331;689273.9452491793;5358605.891388405;null;NaN;NaN;34760.0;NaN;NaN;0.0
1950;drt;drt;NaN;41846;721719.7568763532;5360848.39361101;null;NaN;NaN;34785.0;NaN;NaN;0.0
143590;drt;drt;NaN;45627;731728.9765074253;5353818.789086809;null;NaN;NaN;34870.0;NaN;NaN;0.0
369710;drt;drt;NaN;45706;733489.2115863238;5351090.778940071;null;NaN;NaN;34875.0;NaN;NaN;0.0
275030;drt;drt;NaN;70920;719480.5982976696;5364483.108633656;null;NaN;NaN;34958.0;NaN;NaN;0.0
162839;drt;drt;NaN;73186;716432.1069887219;5379971.48335819;null;NaN;NaN;34973.0;NaN;NaN;0.0
207935;drt;drt;NaN;5075;717215.1898053938;5351465.772533134;null;NaN;NaN;35007.0;NaN;NaN;0.0
50376;drt;drt;NaN;58943;731986.4129113613;5358536.921214484;null;NaN;NaN;35048.0;NaN;NaN;0.0
393789;drt;drt;NaN;77488;695592.2222490704;5399000.365896957;null;NaN;NaN;35054.0;NaN;NaN;0.0
203040;drt;drt;NaN;55234;692540.7598828096;5396783.601891398;null;NaN;NaN;35129.0;NaN;NaN;0.0
314273;drt;drt;NaN;77276;703548.1880164533;5353943.135186661;null;NaN;NaN;35144.0;NaN;NaN;0.0
377221;drt;drt;NaN;46574;719861.7524819796;5363692.878772615;null;NaN;NaN;35213.0;NaN;NaN;0.0
119496;drt;drt;NaN;55918;711296.9006823198;5350631.353725627;null;NaN;NaN;35305.0;NaN;NaN;0.0
338539;drt;drt;NaN;73784;719420.4609507797;5339661.1898000445;null;NaN;NaN;35341.0;NaN;NaN;0.0
379351;drt;drt;NaN;80388;702367.9505703034;5364327.429150719;null;NaN;NaN;35370.0;NaN;NaN;0.0
446573;drt;drt;NaN;2987;696411.8587842335;5388998.186014816;null;NaN;NaN;35416.0;NaN;NaN;0.0
386756;drt;drt;NaN;10328;704665.0270331299;5369996.340077113;null;NaN;NaN;35544.0;NaN;NaN;0.0
13624;drt;drt;NaN;35225;682194.737814998;5392348.440613424;null;NaN;NaN;35571.0;NaN;NaN;0.0
43528;drt;drt;NaN;25227;689480.4552704883;5387033.237789374;null;NaN;NaN;35623.0;NaN;NaN;0.0
425478;drt;drt;NaN;71294;703376.102150783;5364618.885789569;null;NaN;NaN;35641.0;NaN;NaN;0.0
397702;drt;drt;NaN;46243;713981.9043100972;5360461.413176541;null;NaN;NaN;35654.0;NaN;NaN;0.0
425674;drt;drt;NaN;59807;700558.8993614686;5364043.294853772;null;NaN;NaN;35687.0;NaN;NaN;0.0
388992;drt;drt;NaN;1500;686645.2502327394;5382199.947914965;null;NaN;NaN;35697.0;NaN;NaN;0.0
368744;drt;drt;NaN;52330;681019.3874886872;5387761.382110082;null;NaN;NaN;35699.0;NaN;NaN;0.0
288832;drt;drt;NaN;74716;683777.9388574732;5399400.762976849;null;NaN;NaN;35722.0;NaN;NaN;0.0
303628;drt;drt;NaN;64173;732147.5359284307;5357091.875674974;null;NaN;NaN;35728.0;NaN;NaN;0.0
59720;drt;drt;NaN;57540;689143.3328673542;5358491.994335948;null;NaN;NaN;35737.0;NaN;NaN;0.0
397222;drt;drt;NaN;1971;715628.131531476;5355144.943846781;null;NaN;NaN;35750.0;NaN;NaN;0.0
246519;drt;drt;NaN;43608;719901.1347341842;5368521.106755784;null;NaN;NaN;35766.0;NaN;NaN;0.0
231431;drt;drt;NaN;44966;698422.531039171;5407397.298794005;null;NaN;NaN;35803.0;NaN;NaN;0.0
352683;drt;drt;NaN;62584;711175.1525554112;5368794.861566002;null;NaN;NaN;35866.0;NaN;NaN;0.0
343770;drt;drt;NaN;64664;729133.8978781425;5359412.636104122;null;NaN;NaN;35890.0;NaN;NaN;0.0
368014;drt;drt;NaN;46866;692281.9706360963;5395811.320909044;null;NaN;NaN;35999.0;NaN;NaN;0.0
203912;drt;drt;NaN;44124;684844.2587177425;5376116.125258341;null;NaN;NaN;36056.0;NaN;NaN;0.0
250107;drt;drt;NaN;73121;702690.6049043599;5364161.323148748;null;NaN;NaN;36070.0;NaN;NaN;0.0
200007;drt;drt;NaN;72977;681803.9441333245;5368020.790140811;null;NaN;NaN;36203.0;NaN;NaN;0.0
288959;drt;drt;NaN;38264;683533.5400945201;5399148.859483286;null;NaN;NaN;36211.0;NaN;NaN;0.0
352383;drt;drt;NaN;62634;692663.6942864828;5364856.247658931;null;NaN;NaN;36235.0;NaN;NaN;0.0
123317;drt;drt;NaN;34141;694786.5781680653;5352390.465097835;null;NaN;NaN;36295.0;NaN;NaN;0.0
257724;drt;drt;NaN;8177;698542.1536085021;5376272.189966144;null;NaN;NaN;36452.0;NaN;NaN;0.0
250108;drt;drt;NaN;81675;705336.7474532101;5361508.003566254;null;NaN;NaN;36533.0;NaN;NaN;0.0
398701;drt;drt;NaN;35905;722467.1685063585;5339549.990522157;null;NaN;NaN;36549.0;NaN;NaN;0.0
403996;drt;drt;NaN;79600;717589.4424901011;5372640.19258466;null;NaN;NaN;36613.0;NaN;NaN;0.0
98348;drt;drt;NaN;44242;702397.1811250489;5364009.637631878;null;NaN;NaN;36636.0;NaN;NaN;0.0
331923;drt;drt;NaN;28589;692796.0322961656;5394431.944076162;null;NaN;NaN;36667.0;NaN;NaN;0.0
89920;drt;drt;NaN;52587;716741.9866941441;5356227.890758103;null;NaN;NaN;36718.0;NaN;NaN;0.0
411549;drt;drt;NaN;50968;729592.1109784447;5350676.505943193;null;NaN;NaN;36731.0;NaN;NaN;0.0
420530;drt;drt;NaN;77604;715544.7830230973;5347604.061110416;null;NaN;NaN;36801.0;NaN;NaN;0.0
327305;drt;drt;NaN;36556;685013.5657257425;5381481.568371933;null;NaN;NaN;36805.0;NaN;NaN;0.0
222334;drt;drt;NaN;48185;694569.7267533425;5370498.404359087;null;NaN;NaN;36844.0;NaN;NaN;0.0
339983;drt;drt;NaN;80573;707447.993138985;5350918.128588834;null;NaN;NaN;36865.0;NaN;NaN;0.0
156858;drt;drt;NaN;75031;704999.052007707;5363789.706828723;null;NaN;NaN;36873.0;NaN;NaN;0.0
87195;drt;drt;NaN;3379;679486.0867440556;5370036.402896904;null;NaN;NaN;36941.0;NaN;NaN;0.0
306085;drt;drt;NaN;69584;715263.7935272628;5342953.958388954;null;NaN;NaN;37032.0;NaN;NaN;0.0
259030;drt;drt;NaN;36355;679446.9784036891;5370108.923771765;null;NaN;NaN;37041.0;NaN;NaN;0.0
356237;drt;drt;NaN;65201;696306.0906279514;5354197.62668669;null;NaN;NaN;37051.0;NaN;NaN;0.0
409117;drt;drt;NaN;30729;681164.8079657124;5371602.104246719;null;NaN;NaN;37151.0;NaN;NaN;0.0
313268;drt;drt;NaN;16879;703751.3626808496;5363731.566375607;null;NaN;NaN;37162.0;NaN;NaN;0.0
237343;drt;drt;NaN;12358;692906.3298745225;5394659.253135323;null;NaN;NaN;37175.0;NaN;NaN;0.0
439323;drt;drt;NaN;33607;683684.67217066;5398341.823072771;null;NaN;NaN;37215.0;NaN;NaN;0.0
94713;drt;drt;NaN;73135;716306.3221964182;5379911.162226521;null;NaN;NaN;37250.0;NaN;NaN;0.0
264874;drt;drt;NaN;4195;684625.5017210542;5373448.009887284;null;NaN;NaN;37379.0;NaN;NaN;0.0
353234;drt;drt;NaN;23667;716624.8685679341;5371292.0763765015;null;NaN;NaN;37466.0;NaN;NaN;0.0
324135;drt;drt;NaN;69690;679146.2316797798;5367079.454246851;null;NaN;NaN;37472.0;NaN;NaN;0.0
321005;drt;drt;NaN;60018;712508.8147378318;5379789.63660733;null;NaN;NaN;37489.0;NaN;NaN;0.0
241544;drt;drt;NaN;12902;716757.9868677072;5355702.410664312;null;NaN;NaN;37523.0;NaN;NaN;0.0
304305;drt;drt;NaN;72397;720746.1723447712;5349515.339259697;null;NaN;NaN;37576.0;NaN;NaN;0.0
82345;drt;drt;NaN;39990;714259.6848304038;5349594.891052468;null;NaN;NaN;37612.0;NaN;NaN;0.0
306132;drt;drt;NaN;25741;712888.2004919292;5343956.651784419;null;NaN;NaN;37699.0;NaN;NaN;0.0
177776;drt;drt;NaN;13877;726238.1090016041;5349081.67088083;null;NaN;NaN;37758.0;NaN;NaN;0.0
82633;drt;drt;NaN;77270;710826.7915543312;5356389.759307144;null;NaN;NaN;37789.0;NaN;NaN;0.0
246397;drt;drt;NaN;73119;719846.8789522449;5369046.225027664;null;NaN;NaN;37790.0;NaN;NaN;0.0
409003;drt;drt;NaN;53519;685648.0406988941;5390872.496550154;null;NaN;NaN;37860.0;NaN;NaN;0.0
160736;drt;drt;NaN;42187;707250.3536700342;5379878.835126089;null;NaN;NaN;37893.0;NaN;NaN;0.0
357234;drt;drt;NaN;78391;711757.6871505224;5381424.696399538;null;NaN;NaN;37894.0;NaN;NaN;0.0
113629;drt;drt;NaN;26594;692240.4255161961;5387890.811728003;null;NaN;NaN;38028.0;NaN;NaN;0.0
14361;drt;drt;NaN;35559;740033.0726126567;5356446.247603929;null;NaN;NaN;38137.0;NaN;NaN;0.0
439040;drt;drt;NaN;57603;677362.3779661137;5368830.80905088;null;NaN;NaN;38168.0;NaN;NaN;0.0
309698;drt;drt;NaN;44684;706636.4272971677;5384122.4581514895;null;NaN;NaN;38270.0;NaN;NaN;0.0
374328;drt;drt;NaN;41100;729941.2832652887;5347263.446901614;null;NaN;NaN;38313.0;NaN;NaN;0.0
272964;drt;drt;NaN;20020;717072.0971046009;5344774.294426956;null;NaN;NaN;38331.0;NaN;NaN;0.0
160963;drt;drt;NaN;10781;699319.9436394258;5355335.420237392;null;NaN;NaN;38345.0;NaN;NaN;0.0
345028;drt;drt;NaN;11191;701039.6722812896;5380930.659438989;null;NaN;NaN;38438.0;NaN;NaN;0.0
384893;drt;drt;NaN;33010;697286.2993095964;5355237.254302753;null;NaN;NaN;38439.0;NaN;NaN;0.0
155064;drt;drt;NaN;54186;704021.8704890033;5363389.578326871;null;NaN;NaN;38440.0;NaN;NaN;0.0
345346;drt;drt;NaN;25687;702681.3810353016;5382154.340811163;null;NaN;NaN;38518.0;NaN;NaN;0.0
16190;drt;drt;NaN;45251;711082.4302761846;5353967.420632615;null;NaN;NaN;38529.0;NaN;NaN;0.0
397901;drt;drt;NaN;47299;707068.9436201641;5350671.3573741745;null;NaN;NaN;38648.0;NaN;NaN;0.0
205925;drt;drt;NaN;19167;739829.3570984583;5354023.146759162;null;NaN;NaN;38681.0;NaN;NaN;0.0
344361;drt;drt;NaN;11197;719570.1073448746;5368175.422769573;null;NaN;NaN;38686.0;NaN;NaN;0.0
283441;drt;drt;NaN;54355;706411.6569994433;5377778.41340992;null;NaN;NaN;38702.0;NaN;NaN;0.0
255215;drt;drt;NaN;43814;697894.227942186;5354349.236955733;null;NaN;NaN;38741.0;NaN;NaN;0.0
361752;drt;drt;NaN;35098;680119.8468015576;5379662.409527369;null;NaN;NaN;38793.0;NaN;NaN;0.0
420344;drt;drt;NaN;23589;720144.9945044077;5349532.21422273;null;NaN;NaN;38808.0;NaN;NaN;0.0
215654;drt;drt;NaN;24485;702242.5671981983;5381685.085591629;null;NaN;NaN;38850.0;NaN;NaN;0.0
435625;drt;drt;NaN;48560;692816.635707326;5367785.202068352;null;NaN;NaN;38904.0;NaN;NaN;0.0
386806;drt;drt;NaN;43137;706924.443970348;5375356.884609826;null;NaN;NaN;38931.0;NaN;NaN;0.0
428313;drt;drt;NaN;63840;704356.3435878956;5370224.306918969;null;NaN;NaN;38994.0;NaN;NaN;0.0
147537;drt;drt;NaN;38840;710999.1975264046;5351383.191548478;null;NaN;NaN;39017.0;NaN;NaN;0.0
63175;drt;drt;NaN;41801;689883.3262898207;5384038.000274949;null;NaN;NaN;39026.0;NaN;NaN;0.0
405413;drt;drt;NaN;71487;715414.1218626028;5376390.769985398;null;NaN;NaN;39035.0;NaN;NaN;0.0
398010;drt;drt;NaN;14893;738291.8758421249;5346678.517946528;null;NaN;NaN;39043.0;NaN;NaN;0.0
304111;drt;drt;NaN;77444;720062.6549830714;5344818.760135612;null;NaN;NaN;39119.0;NaN;NaN;0.0
22697;drt;drt;NaN;13149;699375.7151982766;5354724.664689504;null;NaN;NaN;39135.0;NaN;NaN;0.0
345766;drt;drt;NaN;60167;694908.8958804159;5352890.8472221065;null;NaN;NaN;39147.0;NaN;NaN;0.0
59471;drt;drt;NaN;32610;697520.8003514663;5355277.3019699;null;NaN;NaN;39160.0;NaN;NaN;0.0
152262;drt;drt;NaN;30762;694717.8634142376;5353096.209733266;null;NaN;NaN;39168.0;NaN;NaN;0.0
211934;drt;drt;NaN;45381;738206.5113065178;5359496.113056673;null;NaN;NaN;39190.0;NaN;NaN;0.0
313856;drt;drt;NaN;53403;705084.5637848813;5363707.138615577;null;NaN;NaN;39203.0;NaN;NaN;0.0
240960;drt;drt;NaN;14035;716656.2829243202;5358351.580889169;null;NaN;NaN;39214.0;NaN;NaN;0.0
311598;drt;drt;NaN;77831;697139.1259625324;5361413.739068253;null;NaN;NaN;39223.0;NaN;NaN;0.0
221345;drt;drt;NaN;23791;698612.4595054802;5373124.0124247;null;NaN;NaN;39231.0;NaN;NaN;0.0
284316;drt;drt;NaN;68102;697155.685473444;5354912.5416691415;null;NaN;NaN;39256.0;NaN;NaN;0.0
303723;drt;drt;NaN;35736;731041.5983782705;5359764.893570967;null;NaN;NaN;39436.0;NaN;NaN;0.0
447179;drt;drt;NaN;31313;691061.573670369;5392794.043604007;null;NaN;NaN;39490.0;NaN;NaN;0.0
276245;drt;drt;NaN;24451;694668.7172680385;5352984.031099929;null;NaN;NaN;39694.0;NaN;NaN;0.0
324758;drt;drt;NaN;36048;681723.0173572111;5398074.733188052;null;NaN;NaN;39715.0;NaN;NaN;0.0
51673;drt;drt;NaN;30539;710865.0870891624;5356103.308252385;null;NaN;NaN;39735.0;NaN;NaN;0.0
80613;drt;drt;NaN;4401;728768.596825735;5349373.53043537;null;NaN;NaN;39761.0;NaN;NaN;0.0
58516;drt;drt;NaN;60578;711850.1914984431;5361461.87962571;null;NaN;NaN;39819.0;NaN;NaN;0.0
262422;drt;drt;NaN;2055;681701.4531718136;5377489.430780822;null;NaN;NaN;39978.0;NaN;NaN;0.0
3799;drt;drt;NaN;53802;724435.1568086399;5363208.555585814;null;NaN;NaN;40015.0;NaN;NaN;0.0
135384;drt;drt;NaN;44934;704987.4338357383;5371864.941405989;null;NaN;NaN;40071.0;NaN;NaN;0.0
143997;drt;drt;NaN;68265;714679.2415805964;5353898.153807518;null;NaN;NaN;40081.0;NaN;NaN;0.0
15585;drt;drt;NaN;2174;709128.057824071;5345473.478260133;null;NaN;NaN;40091.0;NaN;NaN;0.0
49324;drt;drt;NaN;30792;725327.320841003;5361814.599765829;null;NaN;NaN;40157.0;NaN;NaN;0.0
427688;drt;drt;NaN;313;704111.1874617471;5363308.397309993;null;NaN;NaN;40176.0;NaN;NaN;0.0
380223;drt;drt;NaN;42925;704762.6247733708;5364317.077643103;null;NaN;NaN;40195.0;NaN;NaN;0.0
334727;drt;drt;NaN;11639;733960.5402451588;5351540.960735128;null;NaN;NaN;40202.0;NaN;NaN;0.0
245954;drt;drt;NaN;69869;731880.8122123422;5363589.654405278;null;NaN;NaN;40251.0;NaN;NaN;0.0
255162;drt;drt;NaN;15285;697353.1111192943;5354646.799089631;null;NaN;NaN;40582.0;NaN;NaN;0.0
438186;drt;drt;NaN;55428;674490.3676727328;5373601.913743982;null;NaN;NaN;40588.0;NaN;NaN;0.0
199350;drt;drt;NaN;8462;684746.2637930927;5377705.964689921;null;NaN;NaN;40594.0;NaN;NaN;0.0
85849;drt;drt;NaN;64887;697142.3145101245;5354055.256569738;null;NaN;NaN;40641.0;NaN;NaN;0.0
204299;drt;drt;NaN;12275;681486.9538363434;5392139.022644948;null;NaN;NaN;40678.0;NaN;NaN;0.0
237761;drt;drt;NaN;23383;683990.2552431732;5372454.731300315;null;NaN;NaN;40715.0;NaN;NaN;0.0
268941;drt;drt;NaN;33076;717139.6379437672;5358149.858914105;null;NaN;NaN;40725.0;NaN;NaN;0.0
57060;drt;drt;NaN;20252;699842.8004069914;5373387.483633358;null;NaN;NaN;40793.0;NaN;NaN;0.0
225909;drt;drt;NaN;37074;698031.95532884;5354228.945861142;null;NaN;NaN;40913.0;NaN;NaN;0.0
383612;drt;drt;NaN;27678;717551.8363522127;5372061.789223742;null;NaN;NaN;40927.0;NaN;NaN;0.0
227265;drt;drt;NaN;29338;692500.9591110253;5367558.482164894;null;NaN;NaN;40945.0;NaN;NaN;0.0
242349;drt;drt;NaN;57132;721173.286388879;5341222.105912307;null;NaN;NaN;41099.0;NaN;NaN;0.0
279079;drt;drt;NaN;6206;703558.7669661022;5365359.078205872;null;NaN;NaN;41101.0;NaN;NaN;0.0
49587;drt;drt;NaN;47672;727308.4687484216;5344340.941051317;null;NaN;NaN;41113.0;NaN;NaN;0.0
199739;drt;drt;NaN;76110;684901.8684798039;5378592.70442079;null;NaN;NaN;41193.0;NaN;NaN;0.0
136228;drt;drt;NaN;78215;678471.8378969557;5367351.466990343;null;NaN;NaN;41283.0;NaN;NaN;0.0
194901;drt;drt;NaN;32578;703571.4887668404;5376354.135554357;null;NaN;NaN;41329.0;NaN;NaN;0.0
143841;drt;drt;NaN;31079;730624.0690188543;5350398.719914531;null;NaN;NaN;41355.0;NaN;NaN;0.0
348380;drt;drt;NaN;114;702363.8861090633;5363447.846237502;null;NaN;NaN;41409.0;NaN;NaN;0.0
238383;drt;drt;NaN;25457;686092.7591117175;5379432.444884781;null;NaN;NaN;41475.0;NaN;NaN;0.0
425772;drt;drt;NaN;29607;701835.5191125998;5366113.818368158;null;NaN;NaN;41709.0;NaN;NaN;0.0
152750;drt;drt;NaN;30898;693922.9711304836;5352148.612735746;null;NaN;NaN;41762.0;NaN;NaN;0.0
195859;drt;drt;NaN;77065;681838.1016612388;5387683.044725296;null;NaN;NaN;41782.0;NaN;NaN;0.0
20932;drt;drt;NaN;13375;686817.2997243637;5366339.597635224;null;NaN;NaN;41810.0;NaN;NaN;0.0
133010;drt;drt;NaN;72340;700575.175985996;5363738.111236877;null;NaN;NaN;41855.0;NaN;NaN;0.0
54903;drt;drt;NaN;63946;701940.3276112529;5365271.758182811;null;NaN;NaN;41869.0;NaN;NaN;0.0
42605;drt;drt;NaN;13318;681493.930389771;5376837.3850787245;null;NaN;NaN;41878.0;NaN;NaN;0.0
441095;drt;drt;NaN;63988;684567.8905850886;5378326.820260644;null;NaN;NaN;41935.0;NaN;NaN;0.0
52183;drt;drt;NaN;41098;729654.9751355969;5346806.5760631375;null;NaN;NaN;41990.0;NaN;NaN;0.0
71706;drt;drt;NaN;659;693966.4311401942;5352401.030763266;null;NaN;NaN;42032.0;NaN;NaN;0.0
7338;drt;drt;NaN;2625;713011.1815447877;5368134.181978542;null;NaN;NaN;42109.0;NaN;NaN;0.0
152663;drt;drt;NaN;9563;698249.6991936781;5350976.553204095;null;NaN;NaN;42111.0;NaN;NaN;0.0
430157;drt;drt;NaN;24902;687857.248176485;5367501.7134045325;null;NaN;NaN;42184.0;NaN;NaN;0.0
120927;drt;drt;NaN;74349;717957.6596246411;5347348.930944378;null;NaN;NaN;42189.0;NaN;NaN;0.0
254885;drt;drt;NaN;59240;704536.0729372734;5377066.048903676;null;NaN;NaN;42197.0;NaN;NaN;0.0
25518;drt;drt;NaN;65557;687316.3277765585;5381707.595553807;null;NaN;NaN;42240.0;NaN;NaN;0.0
382795;drt;drt;NaN;51909;716233.231877829;5374664.799950946;null;NaN;NaN;42293.0;NaN;NaN;0.0
57334;drt;drt;NaN;15695;694054.2767261268;5365026.537672838;null;NaN;NaN;42311.0;NaN;NaN;0.0
345974;drt;drt;NaN;1252;694282.0979316682;5352188.139010392;null;NaN;NaN;42332.0;NaN;NaN;0.0
301110;drt;drt;NaN;79331;719067.1339254623;5359548.924829882;null;NaN;NaN;42357.0;NaN;NaN;0.0
164303;drt;drt;NaN;3045;682037.7408147717;5393600.192332668;null;NaN;NaN;42414.0;NaN;NaN;0.0
272768;drt;drt;NaN;9140;716340.9606145109;5348582.060950447;null;NaN;NaN;42501.0;NaN;NaN;0.0
280031;drt;drt;NaN;1142;704475.4825574919;5363418.4652083125;null;NaN;NaN;42525.0;NaN;NaN;0.0
86983;drt;drt;NaN;55428;674490.3676727328;5373601.913743982;null;NaN;NaN;42580.0;NaN;NaN;0.0
41084;drt;drt;NaN;69762;681706.7984303918;5394914.499881873;null;NaN;NaN;42653.0;NaN;NaN;0.0
85987;drt;drt;NaN;5577;701299.194149443;5364603.258463265;null;NaN;NaN;42713.0;NaN;NaN;0.0
197894;drt;drt;NaN;48199;698693.2439431304;5403762.031236216;null;NaN;NaN;42874.0;NaN;NaN;0.0
198239;drt;drt;NaN;14396;684713.2249264626;5376945.238651378;null;NaN;NaN;42934.0;NaN;NaN;0.0
293833;drt;drt;NaN;78956;691855.9419381688;5395339.103301075;null;NaN;NaN;42939.0;NaN;NaN;0.0
303768;drt;drt;NaN;20422;735881.1411572411;5360386.382934738;null;NaN;NaN;42955.0;NaN;NaN;0.0
126108;drt;drt;NaN;12437;700577.9449346382;5360608.672708447;null;NaN;NaN;42985.0;NaN;NaN;0.0
55740;drt;drt;NaN;6206;703558.7669661022;5365359.078205872;null;NaN;NaN;42986.0;NaN;NaN;0.0
172601;drt;drt;NaN;62127;685528.3629759473;5391213.991430309;null;NaN;NaN;43034.0;NaN;NaN;0.0
94771;drt;drt;NaN;29254;714339.5353154612;5377084.333756224;null;NaN;NaN;43042.0;NaN;NaN;0.0
218532;drt;drt;NaN;13643;721664.3233220456;5373915.521840913;null;NaN;NaN;43244.0;NaN;NaN;0.0
146719;drt;drt;NaN;35907;722199.3870968383;5339721.248782257;null;NaN;NaN;43299.0;NaN;NaN;0.0
91765;drt;drt;NaN;49839;691991.5864529889;5354590.6200449625;null;NaN;NaN;43318.0;NaN;NaN;0.0
124653;drt;drt;NaN;72340;700575.175985996;5363738.111236877;null;NaN;NaN;43340.0;NaN;NaN;0.0
142835;drt;drt;NaN;30834;720382.7115893948;5351928.786671801;null;NaN;NaN;43346.0;NaN;NaN;0.0
198836;drt;drt;NaN;43868;685304.8945134357;5380189.461673286;null;NaN;NaN;43351.0;NaN;NaN;0.0
30471;drt;drt;NaN;57866;721094.9572381747;5341094.416433675;null;NaN;NaN;43381.0;NaN;NaN;0.0
44475;drt;drt;NaN;42716;692701.1656900772;5404791.114157629;null;NaN;NaN;43384.0;NaN;NaN;0.0
268816;drt;drt;NaN;46704;716021.072191839;5353852.356574355;null;NaN;NaN;43403.0;NaN;NaN;0.0
358840;drt;drt;NaN;18395;705080.1201110529;5369994.965017669;null;NaN;NaN;43409.0;NaN;NaN;0.0
126414;drt;drt;NaN;5577;701299.194149443;5364603.258463265;null;NaN;NaN;43424.0;NaN;NaN;0.0
91651;drt;drt;NaN;2002;701700.4075289831;5365418.396438306;null;NaN;NaN;43470.0;NaN;NaN;0.0
132817;drt;drt;NaN;14632;697368.7047165805;5354933.849837203;null;NaN;NaN;43493.0;NaN;NaN;0.0
140576;drt;drt;NaN;69153;681701.5358007157;5398874.93706985;null;NaN;NaN;43525.0;NaN;NaN;0.0
51948;drt;drt;NaN;77574;715431.0344330029;5347400.537543278;null;NaN;NaN;43750.0;NaN;NaN;0.0
189927;drt;drt;NaN;41961;707978.473577607;5367046.009238887;null;NaN;NaN;43884.0;NaN;NaN;0.0
292777;drt;drt;NaN;42716;692701.1656900772;5404791.114157629;null;NaN;NaN;44020.0;NaN;NaN;0.0
178606;drt;drt;NaN;65303;735598.8338619629;5358516.515316475;null;NaN;NaN;44046.0;NaN;NaN;0.0
123695;drt;drt;NaN;72340;700575.175985996;5363738.111236877;null;NaN;NaN;44082.0;NaN;NaN;0.0
318749;drt;drt;NaN;63824;696705.7210570052;5354124.910793125;null;NaN;NaN;44111.0;NaN;NaN;0.0
349378;drt;drt;NaN;18393;692448.8055215236;5351726.725491292;null;NaN;NaN;44117.0;NaN;NaN;0.0
158661;drt;drt;NaN;59599;710649.1869369228;5368408.556318639;null;NaN;NaN;44126.0;NaN;NaN;0.0
284978;drt;drt;NaN;67196;697776.6828585935;5353924.764495221;null;NaN;NaN;44147.0;NaN;NaN;0.0
368018;drt;drt;NaN;78970;693871.9203413334;5396403.622852968;null;NaN;NaN;44154.0;NaN;NaN;0.0
123776;drt;drt;NaN;41126;693756.7823395702;5353480.901879096;null;NaN;NaN;44345.0;NaN;NaN;0.0
129941;drt;drt;NaN;47742;698223.4096844145;5370615.522023458;null;NaN;NaN;44377.0;NaN;NaN;0.0
18491;drt;drt;NaN;30439;694701.0398207491;5353421.92822974;null;NaN;NaN;44413.0;NaN;NaN;0.0
145965;drt;drt;NaN;63086;714073.0936699712;5352746.987958903;null;NaN;NaN;44912.0;NaN;NaN;0.0
130842;drt;drt;NaN;29910;714798.9549827783;5370581.779366065;null;NaN;NaN;45045.0;NaN;NaN;0.0
137538;drt;drt;NaN;47607;683522.6352436714;5377016.896685;null;NaN;NaN;45072.0;NaN;NaN;0.0
9651;drt;drt;NaN;9659;704800.3298750902;5370160.346485887;null;NaN;NaN;45089.0;NaN;NaN;0.0
291624;drt;drt;NaN;54272;689475.5373598522;5386817.291964302;null;NaN;NaN;45174.0;NaN;NaN;0.0
20372;drt;drt;NaN;46870;703073.4040638371;5365638.296071401;null;NaN;NaN;45222.0;NaN;NaN;0.0
298029;drt;drt;NaN;20265;716281.3219350181;5354611.140232213;null;NaN;NaN;45232.0;NaN;NaN;0.0
362325;drt;drt;NaN;55386;683965.6243497137;5378391.005835123;null;NaN;NaN;45360.0;NaN;NaN;0.0
409533;drt;drt;NaN;59722;692081.420387211;5405996.9946813295;null;NaN;NaN;45371.0;NaN;NaN;0.0
74045;drt;drt;NaN;53077;703608.3700368081;5355273.1038858;null;NaN;NaN;45445.0;NaN;NaN;0.0
6006;drt;drt;NaN;44509;704761.5329114841;5365262.05291977;null;NaN;NaN;45527.0;NaN;NaN;0.0
48715;drt;drt;NaN;80786;715545.7962590843;5354324.891071767;null;NaN;NaN;45560.0;NaN;NaN;0.0
321915;drt;drt;NaN;15822;709983.6181043916;5370944.441317571;null;NaN;NaN;45563.0;NaN;NaN;0.0
380467;drt;drt;NaN;24421;732358.9139948736;5341991.562707167;null;NaN;NaN;45609.0;NaN;NaN;0.0
94240;drt;drt;NaN;35033;697526.5770168328;5355608.978367372;null;NaN;NaN;45672.0;NaN;NaN;0.0
40062;drt;drt;NaN;45901;711418.0639824749;5381169.115312241;null;NaN;NaN;45891.0;NaN;NaN;0.0
326216;drt;drt;NaN;67527;684995.4246314918;5378250.339786466;null;NaN;NaN;46070.0;NaN;NaN;0.0
68733;drt;drt;NaN;2162;715115.94181902;5353159.259822237;null;NaN;NaN;46145.0;NaN;NaN;0.0
167410;drt;drt;NaN;80300;679414.6771181477;5382343.428153005;null;NaN;NaN;46210.0;NaN;NaN;0.0
77292;drt;drt;NaN;28439;683302.6486017688;5399380.244915476;null;NaN;NaN;46275.0;NaN;NaN;0.0
376424;drt;drt;NaN;25246;711853.9111263839;5346948.303746508;null;NaN;NaN;46303.0;NaN;NaN;0.0
280568;drt;drt;NaN;29420;703614.0556415417;5355053.2701729555;null;NaN;NaN;46312.0;NaN;NaN;0.0
119833;drt;drt;NaN;5364;732612.579808709;5344802.774093329;null;NaN;NaN;46349.0;NaN;NaN;0.0
4316;drt;drt;NaN;81302;700568.9096091599;5384114.502323048;null;NaN;NaN;46422.0;NaN;NaN;0.0
102108;drt;drt;NaN;41546;719983.9837988239;5367335.525560884;null;NaN;NaN;46458.0;NaN;NaN;0.0
167399;drt;drt;NaN;45477;685982.4176653173;5378527.872671302;null;NaN;NaN;46497.0;NaN;NaN;0.0
132483;drt;drt;NaN;46975;697754.3696243316;5354266.606864627;null;NaN;NaN;46797.0;NaN;NaN;0.0
119220;drt;drt;NaN;34103;726426.7157900808;5349133.69675995;null;NaN;NaN;46800.0;NaN;NaN;0.0
286063;drt;drt;NaN;58684;716276.8238639082;5374469.650257342;null;NaN;NaN;46828.0;NaN;NaN;0.0
246846;drt;drt;NaN;66939;718073.2510187142;5363596.985501378;null;NaN;NaN;46832.0;NaN;NaN;0.0
155139;drt;drt;NaN;10546;705269.6177558566;5362036.001207339;null;NaN;NaN;46898.0;NaN;NaN;0.0
250833;drt;drt;NaN;28511;701357.9132540186;5364139.151739642;null;NaN;NaN;46908.0;NaN;NaN;0.0
280823;drt;drt;NaN;44782;703964.530593785;5355952.264053548;null;NaN;NaN;46951.0;NaN;NaN;0.0
358495;drt;drt;NaN;68829;699359.3473871928;5376260.633294903;null;NaN;NaN;46970.0;NaN;NaN;0.0
272911;drt;drt;NaN;45136;715711.0487799827;5348420.625110591;null;NaN;NaN;47295.0;NaN;NaN;0.0
76911;drt;drt;NaN;2379;675556.1528266093;5375312.204484694;null;NaN;NaN;47364.0;NaN;NaN;0.0
66860;drt;drt;NaN;57391;689081.8271956642;5375302.187636463;null;NaN;NaN;47382.0;NaN;NaN;0.0
224675;drt;drt;NaN;39681;716950.4105780311;5371522.668142008;null;NaN;NaN;47572.0;NaN;NaN;0.0
40716;drt;drt;NaN;40613;703256.7585081263;5371574.271663481;null;NaN;NaN;47573.0;NaN;NaN;0.0
110610;drt;drt;NaN;80892;676083.8934372172;5385076.754764571;null;NaN;NaN;47655.0;NaN;NaN;0.0
205338;drt;drt;NaN;45944;737238.4084878179;5352994.132944949;null;NaN;NaN;47730.0;NaN;NaN;0.0
293343;drt;drt;NaN;9477;690342.1310186845;5383706.442044027;null;NaN;NaN;47732.0;NaN;NaN;0.0
229734;drt;drt;NaN;26468;672996.6711048218;5373524.328082535;null;NaN;NaN;47737.0;NaN;NaN;0.0
99083;drt;drt;NaN;39146;715475.6719097317;5354403.90657143;null;NaN;NaN;47760.0;NaN;NaN;0.0
19941;drt;drt;NaN;75332;702990.3045013652;5364000.955678805;null;NaN;NaN;47831.0;NaN;NaN;0.0
188799;drt;drt;NaN;44782;703964.530593785;5355952.264053548;null;NaN;NaN;47849.0;NaN;NaN;0.0
92381;drt;drt;NaN;75015;704814.7873076783;5363456.794350348;null;NaN;NaN;47874.0;NaN;NaN;0.0
39458;drt;drt;NaN;423;696979.5913017637;5355487.886848761;null;NaN;NaN;47915.0;NaN;NaN;0.0
92146;drt;drt;NaN;33627;691367.7212014275;5360103.388593039;null;NaN;NaN;47957.0;NaN;NaN;0.0
142357;drt;drt;NaN;63215;684475.5265375199;5391731.52613601;null;NaN;NaN;47985.0;NaN;NaN;0.0
263183;drt;drt;NaN;7820;688979.6697980093;5401972.385881595;null;NaN;NaN;48025.0;NaN;NaN;0.0
194248;drt;drt;NaN;78054;714989.0802388852;5381705.632322086;null;NaN;NaN;48111.0;NaN;NaN;0.0
331653;drt;drt;NaN;65948;692281.7033158918;5396353.6885266565;null;NaN;NaN;48196.0;NaN;NaN;0.0
383000;drt;drt;NaN;66499;716547.4469253016;5371475.338652022;null;NaN;NaN;48200.0;NaN;NaN;0.0
355877;drt;drt;NaN;39725;695324.392366829;5358784.380945887;null;NaN;NaN;48200.0;NaN;NaN;0.0
166846;drt;drt;NaN;5428;684885.9506522298;5381368.609490723;null;NaN;NaN;48220.0;NaN;NaN;0.0
145685;drt;drt;NaN;74504;714572.3953946985;5353277.847984232;null;NaN;NaN;48489.0;NaN;NaN;0.0
82179;drt;drt;NaN;71124;731359.5940577965;5359322.328795515;null;NaN;NaN;48557.0;NaN;NaN;0.0
318304;drt;drt;NaN;76457;707956.6757412129;5377879.608688209;null;NaN;NaN;48606.0;NaN;NaN;0.0
96835;drt;drt;NaN;38686;685283.2283577401;5392095.29461469;null;NaN;NaN;48624.0;NaN;NaN;0.0
92432;drt;drt;NaN;13165;703731.2143451901;5365505.693513783;null;NaN;NaN;48687.0;NaN;NaN;0.0
39556;drt;drt;NaN;26386;697579.7932609741;5354602.443087153;null;NaN;NaN;48803.0;NaN;NaN;0.0
149900;drt;drt;NaN;19185;712467.0947189544;5356223.7733145645;null;NaN;NaN;48843.0;NaN;NaN;0.0
144657;drt;drt;NaN;77592;716703.1709861432;5356398.325318585;null;NaN;NaN;48843.0;NaN;NaN;0.0
290442;drt;drt;NaN;10159;684497.8800637461;5377899.392191755;null;NaN;NaN;49020.0;NaN;NaN;0.0
344456;drt;drt;NaN;66659;720160.8173958113;5368016.191183782;null;NaN;NaN;49086.0;NaN;NaN;0.0
125138;drt;drt;NaN;5340;704002.10626795;5364694.653835079;null;NaN;NaN;49099.0;NaN;NaN;0.0
414680;drt;drt;NaN;37541;715530.3845292917;5354764.145390946;null;NaN;NaN;49124.0;NaN;NaN;0.0
195493;drt;drt;NaN;10219;705101.9544554143;5370112.505908029;null;NaN;NaN;49126.0;NaN;NaN;0.0
125785;drt;drt;NaN;55861;702411.3857911285;5365197.097207842;null;NaN;NaN;49140.0;NaN;NaN;0.0
268322;drt;drt;NaN;11676;714893.2107536119;5354253.780989889;null;NaN;NaN;49174.0;NaN;NaN;0.0
212600;drt;drt;NaN;23158;720428.6104454226;5349860.138454473;null;NaN;NaN;49204.0;NaN;NaN;0.0
412259;drt;drt;NaN;66466;732699.8756273645;5354447.644395075;null;NaN;NaN;49211.0;NaN;NaN;0.0
371740;drt;drt;NaN;68267;714861.4743935901;5353805.273644067;null;NaN;NaN;49288.0;NaN;NaN;0.0
332116;drt;drt;NaN;7153;690430.3779923928;5391858.415481134;null;NaN;NaN;49302.0;NaN;NaN;0.0
60862;drt;drt;NaN;32630;709765.1175163127;5370672.076683756;null;NaN;NaN;49308.0;NaN;NaN;0.0
341862;drt;drt;NaN;32684;722137.6209740832;5351058.100183737;null;NaN;NaN;49316.0;NaN;NaN;0.0
298283;drt;drt;NaN;27436;714554.2110025577;5354550.2792519275;null;NaN;NaN;49427.0;NaN;NaN;0.0
97349;drt;drt;NaN;44166;737129.4455484139;5350390.187913233;null;NaN;NaN;49511.0;NaN;NaN;0.0
439010;drt;drt;NaN;63498;678666.0795208126;5367943.315244552;null;NaN;NaN;49549.0;NaN;NaN;0.0
163439;drt;drt;NaN;32580;703434.1300926753;5376368.657919011;null;NaN;NaN;49598.0;NaN;NaN;0.0
101485;drt;drt;NaN;38772;711880.2144383837;5359027.66553274;null;NaN;NaN;49682.0;NaN;NaN;0.0
157213;drt;drt;NaN;77282;704586.0109324327;5354741.555074753;null;NaN;NaN;49707.0;NaN;NaN;0.0
6445;drt;drt;NaN;77282;704586.0109324327;5354741.555074753;null;NaN;NaN;49709.0;NaN;NaN;0.0
442268;drt;drt;NaN;14025;681578.5038267467;5381708.204503792;null;NaN;NaN;49732.0;NaN;NaN;0.0
167386;drt;drt;NaN;42169;685200.8592939825;5377766.928438765;null;NaN;NaN;49776.0;NaN;NaN;0.0
292559;drt;drt;NaN;59722;692081.420387211;5405996.9946813295;null;NaN;NaN;49794.0;NaN;NaN;0.0
80569;drt;drt;NaN;76078;737081.1828435238;5354128.724638412;null;NaN;NaN;49810.0;NaN;NaN;0.0
105143;drt;drt;NaN;50488;702543.5531955519;5364728.88861361;null;NaN;NaN;49811.0;NaN;NaN;0.0
118025;drt;drt;NaN;17445;715753.696434774;5354417.718351755;null;NaN;NaN;49854.0;NaN;NaN;0.0
340631;drt;drt;NaN;56078;731938.7359965664;5359647.649325029;null;NaN;NaN;49861.0;NaN;NaN;0.0
402840;drt;drt;NaN;29646;686731.7319151531;5366141.037310102;null;NaN;NaN;49921.0;NaN;NaN;0.0
346332;drt;drt;NaN;20439;692854.3031232632;5355625.852651371;null;NaN;NaN;49960.0;NaN;NaN;0.0
92874;drt;drt;NaN;79514;704726.4790081282;5359509.792695178;null;NaN;NaN;49965.0;NaN;NaN;0.0
9803;drt;drt;NaN;69752;682295.5345418884;5393864.523520222;null;NaN;NaN;49980.0;NaN;NaN;0.0
231929;drt;drt;NaN;2579;685365.9591709937;5377924.863706971;null;NaN;NaN;49982.0;NaN;NaN;0.0
284438;drt;drt;NaN;62497;697815.8760829648;5354141.239495095;null;NaN;NaN;49983.0;NaN;NaN;0.0
422149;drt;drt;NaN;14487;716136.2038620767;5364295.169476743;null;NaN;NaN;50020.0;NaN;NaN;0.0
162536;drt;drt;NaN;81347;691080.7291627391;5367290.281185793;null;NaN;NaN;50031.0;NaN;NaN;0.0
4257;drt;drt;NaN;69702;699995.226049602;5378789.316179214;null;NaN;NaN;50048.0;NaN;NaN;0.0
69242;drt;drt;NaN;24570;721876.8165162088;5341867.148835689;null;NaN;NaN;50196.0;NaN;NaN;0.0
59142;drt;drt;NaN;36065;697235.3584159252;5354183.030725459;null;NaN;NaN;50281.0;NaN;NaN;0.0
362942;drt;drt;NaN;32488;683183.8786918838;5376738.660630994;null;NaN;NaN;50288.0;NaN;NaN;0.0
322299;drt;drt;NaN;65031;697954.9665445666;5375923.038547;null;NaN;NaN;50311.0;NaN;NaN;0.0
384157;drt;drt;NaN;13738;706785.3924233343;5379983.427852388;null;NaN;NaN;50328.0;NaN;NaN;0.0
421110;drt;drt;NaN;48830;711129.0208444768;5354269.820586706;null;NaN;NaN;50345.0;NaN;NaN;0.0
199368;drt;drt;NaN;42402;693287.4823162176;5391353.352222143;null;NaN;NaN;50431.0;NaN;NaN;0.0
250808;drt;drt;NaN;67193;702933.1485856168;5364423.846980987;null;NaN;NaN;50438.0;NaN;NaN;0.0
305037;drt;drt;NaN;38310;714034.4372707277;5360722.350071723;null;NaN;NaN;50454.0;NaN;NaN;0.0
30910;drt;drt;NaN;8713;726749.1880876455;5342697.394490768;null;NaN;NaN;50457.0;NaN;NaN;0.0
364093;drt;drt;NaN;76550;682307.277927987;5368157.118066248;null;NaN;NaN;50492.0;NaN;NaN;0.0
418850;drt;drt;NaN;9189;732270.8148675165;5359523.282749223;null;NaN;NaN;50520.0;NaN;NaN;0.0
305147;drt;drt;NaN;38584;710097.9417323703;5357817.662605138;null;NaN;NaN;50537.0;NaN;NaN;0.0
352697;drt;drt;NaN;80652;708492.4375437852;5367927.4457243085;null;NaN;NaN;50625.0;NaN;NaN;0.0
448441;drt;drt;NaN;18597;682193.9951231093;5392014.440014884;null;NaN;NaN;50640.0;NaN;NaN;0.0
442462;drt;drt;NaN;58456;684147.0217159118;5382786.924684079;null;NaN;NaN;50731.0;NaN;NaN;0.0
307531;drt;drt;NaN;35205;721647.1275592053;5364516.047116648;null;NaN;NaN;50774.0;NaN;NaN;0.0
113185;drt;drt;NaN;16257;692890.0978806794;5404588.244261587;null;NaN;NaN;50833.0;NaN;NaN;0.0
260066;drt;drt;NaN;16069;684154.9784632325;5378423.358585773;null;NaN;NaN;50906.0;NaN;NaN;0.0
68237;drt;drt;NaN;16738;715719.2091101299;5354995.680301771;null;NaN;NaN;50965.0;NaN;NaN;0.0
120962;drt;drt;NaN;8305;718578.1362278389;5347971.507729055;null;NaN;NaN;50984.0;NaN;NaN;0.0
260112;drt;drt;NaN;60791;679398.6478557468;5382085.62449659;null;NaN;NaN;51033.0;NaN;NaN;0.0
207967;drt;drt;NaN;20974;717576.7123767396;5354480.334296635;null;NaN;NaN;51075.0;NaN;NaN;0.0
330672;drt;drt;NaN;81087;693751.4252916524;5386074.115871819;null;NaN;NaN;51198.0;NaN;NaN;0.0
299402;drt;drt;NaN;51878;716519.4935136562;5358712.369296641;null;NaN;NaN;51215.0;NaN;NaN;0.0
176382;drt;drt;NaN;9489;713635.7468599849;5354324.897709595;null;NaN;NaN;51222.0;NaN;NaN;0.0
216473;drt;drt;NaN;67785;698650.8350761895;5351034.762290109;null;NaN;NaN;51267.0;NaN;NaN;0.0
183102;drt;drt;NaN;47359;693827.778474059;5353083.659341543;null;NaN;NaN;51284.0;NaN;NaN;0.0
401516;drt;drt;NaN;30177;703824.72078204;5362985.036415024;null;NaN;NaN;51328.0;NaN;NaN;0.0
150960;drt;drt;NaN;36441;716328.8491520025;5364667.050287327;null;NaN;NaN;51329.0;NaN;NaN;0.0
435011;drt;drt;NaN;64643;697184.2590555972;5355591.308057912;null;NaN;NaN;51380.0;NaN;NaN;0.0
243464;drt;drt;NaN;924;711348.6219301786;5350487.530354407;null;NaN;NaN;51389.0;NaN;NaN;0.0
352546;drt;drt;NaN;62584;711175.1525554112;5368794.861566002;null;NaN;NaN;51456.0;NaN;NaN;0.0
366882;drt;drt;NaN;1311;694062.1726708625;5386860.699691949;null;NaN;NaN;51521.0;NaN;NaN;0.0
216148;drt;drt;NaN;49774;698390.6263688052;5350925.360897812;null;NaN;NaN;51543.0;NaN;NaN;0.0
130145;drt;drt;NaN;62624;693135.9455771622;5364745.729637068;null;NaN;NaN;51556.0;NaN;NaN;0.0
210171;drt;drt;NaN;59793;727612.3840885225;5344971.718119607;null;NaN;NaN;51584.0;NaN;NaN;0.0
441235;drt;drt;NaN;10461;685421.971537992;5379339.252301604;null;NaN;NaN;51611.0;NaN;NaN;0.0
389828;drt;drt;NaN;37301;684859.5056365485;5378435.381214469;null;NaN;NaN;51672.0;NaN;NaN;0.0
260071;drt;drt;NaN;22979;685236.7174765368;5378505.728570862;null;NaN;NaN;51751.0;NaN;NaN;0.0
315732;drt;drt;NaN;71584;693797.0502966393;5364552.367671629;null;NaN;NaN;51974.0;NaN;NaN;0.0
180144;drt;drt;NaN;39669;714528.5399921637;5359837.422758046;null;NaN;NaN;52062.0;NaN;NaN;0.0
231075;drt;drt;NaN;70116;682196.2963739166;5398851.845015401;null;NaN;NaN;52069.0;NaN;NaN;0.0
169018;drt;drt;NaN;15061;681256.2951500495;5372313.772074444;null;NaN;NaN;52076.0;NaN;NaN;0.0
242131;drt;drt;NaN;2214;708225.0594852807;5344811.304148354;null;NaN;NaN;52170.0;NaN;NaN;0.0
316906;drt;drt;NaN;5441;717356.4281099883;5371694.868700918;null;NaN;NaN;52171.0;NaN;NaN;0.0
441759;drt;drt;NaN;51363;686871.0310717884;5382292.889183708;null;NaN;NaN;52198.0;NaN;NaN;0.0
349298;drt;drt;NaN;23507;705103.5943523482;5365649.042571783;null;NaN;NaN;52267.0;NaN;NaN;0.0
97518;drt;drt;NaN;2541;730346.0759796458;5349076.236939734;null;NaN;NaN;52268.0;NaN;NaN;0.0
14836;drt;drt;NaN;45182;716176.2777833806;5351366.340972133;null;NaN;NaN;52290.0;NaN;NaN;0.0
397558;drt;drt;NaN;49744;728347.4560048196;5344188.389350543;null;NaN;NaN;52303.0;NaN;NaN;0.0
364096;drt;drt;NaN;76804;684882.6033762407;5370141.344349083;null;NaN;NaN;52316.0;NaN;NaN;0.0
194928;drt;drt;NaN;34024;711823.9905369396;5371656.832849691;null;NaN;NaN;52364.0;NaN;NaN;0.0
281383;drt;drt;NaN;77440;691628.4124023577;5362677.454576394;null;NaN;NaN;52474.0;NaN;NaN;0.0
27829;drt;drt;NaN;55684;681913.1192773839;5392367.466756342;null;NaN;NaN;52571.0;NaN;NaN;0.0
357749;drt;drt;NaN;11706;721828.4688967844;5375126.636761554;null;NaN;NaN;52590.0;NaN;NaN;0.0
238581;drt;drt;NaN;67226;680919.1332499331;5392013.676448792;null;NaN;NaN;52625.0;NaN;NaN;0.0
333484;drt;drt;NaN;2137;721845.0962210399;5351910.915902106;null;NaN;NaN;52854.0;NaN;NaN;0.0
285658;drt;drt;NaN;65930;716504.0123990711;5373618.381317075;null;NaN;NaN;53052.0;NaN;NaN;0.0
269229;drt;drt;NaN;21404;715347.2873927567;5352475.0788372345;null;NaN;NaN;53065.0;NaN;NaN;0.0
156509;drt;drt;NaN;80507;700790.413523424;5363861.134077674;null;NaN;NaN;53083.0;NaN;NaN;0.0
186559;drt;drt;NaN;1187;704000.1747675043;5363998.496863518;null;NaN;NaN;53107.0;NaN;NaN;0.0
201351;drt;drt;NaN;52869;690361.2689187217;5376108.037832422;null;NaN;NaN;53159.0;NaN;NaN;0.0
437437;drt;drt;NaN;10217;704874.3466842799;5370055.330881162;null;NaN;NaN;53187.0;NaN;NaN;0.0
96104;drt;drt;NaN;17829;689940.9180327784;5386949.867471695;null;NaN;NaN;53234.0;NaN;NaN;0.0
37871;drt;drt;NaN;29910;714798.9549827783;5370581.779366065;null;NaN;NaN;53250.0;NaN;NaN;0.0
430667;drt;drt;NaN;15676;694141.2299180711;5365127.952376228;null;NaN;NaN;53438.0;NaN;NaN;0.0
210277;drt;drt;NaN;27506;726009.4818319695;5344044.936036875;null;NaN;NaN;53454.0;NaN;NaN;0.0
305587;drt;drt;NaN;31355;707454.4257341533;5354728.143816669;null;NaN;NaN;53463.0;NaN;NaN;0.0
307292;drt;drt;NaN;14901;720969.3127665907;5366179.986019897;null;NaN;NaN;53480.0;NaN;NaN;0.0
367680;drt;drt;NaN;673;691518.1485668842;5401408.393177321;null;NaN;NaN;53487.0;NaN;NaN;0.0
218404;drt;drt;NaN;70687;702752.3450130022;5364136.067694619;null;NaN;NaN;53537.0;NaN;NaN;0.0
339295;drt;drt;NaN;55002;726595.4982635342;5342216.896141257;null;NaN;NaN;53542.0;NaN;NaN;0.0
288072;drt;drt;NaN;62932;671107.5661715798;5372140.370692192;null;NaN;NaN;53576.0;NaN;NaN;0.0
364302;drt;drt;NaN;49069;691801.6722782089;5387122.466219825;null;NaN;NaN;53732.0;NaN;NaN;0.0
254080;drt;drt;NaN;35011;701993.163879937;5382050.78894702;null;NaN;NaN;53815.0;NaN;NaN;0.0
408037;drt;drt;NaN;14023;681796.7699237487;5382124.940106896;null;NaN;NaN;53855.0;NaN;NaN;0.0
13737;drt;drt;NaN;26388;686194.0031688472;5390622.42530558;null;NaN;NaN;53944.0;NaN;NaN;0.0
416065;drt;drt;NaN;11676;714893.2107536119;5354253.780989889;null;NaN;NaN;53985.0;NaN;NaN;0.0
346975;drt;drt;NaN;59888;691412.0275344598;5360091.5593196545;null;NaN;NaN;53989.0;NaN;NaN;0.0
131283;drt;drt;NaN;57782;716181.1662716917;5364723.841148814;null;NaN;NaN;54013.0;NaN;NaN;0.0
97969;drt;drt;NaN;72504;715556.7578498103;5352969.911266362;null;NaN;NaN;54042.0;NaN;NaN;0.0
70350;drt;drt;NaN;58249;734710.590950954;5359060.357013473;null;NaN;NaN;54099.0;NaN;NaN;0.0
410302;drt;drt;NaN;32844;693772.80399614;5396748.472538705;null;NaN;NaN;54100.0;NaN;NaN;0.0
139549;drt;drt;NaN;81058;682030.0642603356;5376502.8168830825;null;NaN;NaN;54122.0;NaN;NaN;0.0
339081;drt;drt;NaN;7771;729567.1562798873;5343515.953412289;null;NaN;NaN;54193.0;NaN;NaN;0.0
341504;drt;drt;NaN;48450;718794.9689283817;5342701.6978098415;null;NaN;NaN;54290.0;NaN;NaN;0.0
278749;drt;drt;NaN;50159;704695.2261635881;5364505.377364468;null;NaN;NaN;54314.0;NaN;NaN;0.0
344411;drt;drt;NaN;55934;720399.7044477714;5365717.4327185955;null;NaN;NaN;54326.0;NaN;NaN;0.0
443204;drt;drt;NaN;33523;684608.1591041328;5371185.700877274;null;NaN;NaN;54338.0;NaN;NaN;0.0
130710;drt;drt;NaN;4810;718993.2327511755;5372496.852190008;null;NaN;NaN;54344.0;NaN;NaN;0.0
413530;drt;drt;NaN;49719;715205.5497520927;5351888.936690293;null;NaN;NaN;54378.0;NaN;NaN;0.0
126666;drt;drt;NaN;2397;703473.6029453266;5367538.937613163;null;NaN;NaN;54397.0;NaN;NaN;0.0
385701;drt;drt;NaN;62664;711039.8080944521;5381221.762402523;null;NaN;NaN;54506.0;NaN;NaN;0.0
72739;drt;drt;NaN;66143;705415.3351503887;5363952.290710395;null;NaN;NaN;54591.0;NaN;NaN;0.0
376116;drt;drt;NaN;55752;704706.6117096487;5358932.049752938;null;NaN;NaN;54611.0;NaN;NaN;0.0
346333;drt;drt;NaN;30719;694158.5713403834;5352797.480228241;null;NaN;NaN;54617.0;NaN;NaN;0.0
271978;drt;drt;NaN;35928;737017.699778731;5358920.355682428;null;NaN;NaN;54621.0;NaN;NaN;0.0
34155;drt;drt;NaN;43677;695082.3575379321;5352567.594499183;null;NaN;NaN;54639.0;NaN;NaN;0.0
257522;drt;drt;NaN;22798;708947.0916689055;5371168.965948315;null;NaN;NaN;54734.0;NaN;NaN;0.0
281223;drt;drt;NaN;23791;698612.4595054802;5373124.0124247;null;NaN;NaN;54748.0;NaN;NaN;0.0
165023;drt;drt;NaN;16081;679151.1205179167;5388858.610198026;null;NaN;NaN;54788.0;NaN;NaN;0.0
406290;drt;drt;NaN;69772;681543.5356101654;5394846.797638809;null;NaN;NaN;54841.0;NaN;NaN;0.0
59254;drt;drt;NaN;10749;698985.5394618559;5355452.57336486;null;NaN;NaN;54885.0;NaN;NaN;0.0
328903;drt;drt;NaN;50515;678611.3200497493;5373295.953628012;null;NaN;NaN;54911.0;NaN;NaN;0.0
177562;drt;drt;NaN;42637;727018.3168795147;5343661.004961899;null;NaN;NaN;54943.0;NaN;NaN;0.0
332986;drt;drt;NaN;22640;682067.0045524319;5392281.318288202;null;NaN;NaN;54958.0;NaN;NaN;0.0
345997;drt;drt;NaN;47253;693844.5958838691;5353534.332999846;null;NaN;NaN;54997.0;NaN;NaN;0.0
7878;drt;drt;NaN;8353;718390.3386911867;5372316.075255948;null;NaN;NaN;55068.0;NaN;NaN;0.0
99897;drt;drt;NaN;22543;722581.64436792;5344576.623266185;null;NaN;NaN;55069.0;NaN;NaN;0.0
197817;drt;drt;NaN;15642;691351.5791924589;5402288.52200559;null;NaN;NaN;55076.0;NaN;NaN;0.0
41142;drt;drt;NaN;5467;672949.7707368799;5373157.591609146;null;NaN;NaN;55119.0;NaN;NaN;0.0
139049;drt;drt;NaN;66202;681764.6579524197;5367611.583001036;null;NaN;NaN;55128.0;NaN;NaN;0.0
71620;drt;drt;NaN;53551;705762.4974762287;5382268.814833861;null;NaN;NaN;55181.0;NaN;NaN;0.0
411530;drt;drt;NaN;39755;732852.0905183023;5351609.077173345;null;NaN;NaN;55232.0;NaN;NaN;0.0
120103;drt;drt;NaN;35678;726710.2315025311;5354228.541893267;null;NaN;NaN;55312.0;NaN;NaN;0.0
364556;drt;drt;NaN;846;685848.4582480898;5388050.317394776;null;NaN;NaN;55365.0;NaN;NaN;0.0
407467;drt;drt;NaN;27418;696429.0014711531;5403702.454459912;null;NaN;NaN;55561.0;NaN;NaN;0.0
48188;drt;drt;NaN;77622;716979.6100974444;5357139.501039933;null;NaN;NaN;55618.0;NaN;NaN;0.0
279207;drt;drt;NaN;36389;703047.6140576655;5364073.382953787;null;NaN;NaN;55657.0;NaN;NaN;0.0
106609;drt;drt;NaN;72340;700575.175985996;5363738.111236877;null;NaN;NaN;55658.0;NaN;NaN;0.0
418434;drt;drt;NaN;15112;711961.3207174744;5352353.6694447445;null;NaN;NaN;55696.0;NaN;NaN;0.0
1920;drt;drt;NaN;37943;720624.2249388276;5360063.290748415;null;NaN;NaN;55761.0;NaN;NaN;0.0
142312;drt;drt;NaN;78511;686684.934945011;5391781.441361528;null;NaN;NaN;55833.0;NaN;NaN;0.0
288915;drt;drt;NaN;49601;686651.0736220286;5400122.960170519;null;NaN;NaN;55871.0;NaN;NaN;0.0
271792;drt;drt;NaN;60219;737576.8793140184;5360813.641140932;null;NaN;NaN;55894.0;NaN;NaN;0.0
100735;drt;drt;NaN;37543;735890.3148173357;5360014.414891087;null;NaN;NaN;55971.0;NaN;NaN;0.0
369823;drt;drt;NaN;4961;738645.7690458605;5352562.828900063;null;NaN;NaN;56086.0;NaN;NaN;0.0
353557;drt;drt;NaN;57278;720633.2589536583;5371797.9714582525;null;NaN;NaN;56088.0;NaN;NaN;0.0
363700;drt;drt;NaN;22079;685778.8792022343;5371230.739456113;null;NaN;NaN;56105.0;NaN;NaN;0.0
115887;drt;drt;NaN;72042;736705.5130921877;5354155.222354947;null;NaN;NaN;56126.0;NaN;NaN;0.0
184837;drt;drt;NaN;5577;701299.194149443;5364603.258463265;null;NaN;NaN;56156.0;NaN;NaN;0.0
90787;drt;drt;NaN;32666;732030.7761174713;5341656.293958962;null;NaN;NaN;56256.0;NaN;NaN;0.0
323086;drt;drt;NaN;69437;681668.5211851866;5393559.037322128;null;NaN;NaN;56352.0;NaN;NaN;0.0
36126;drt;drt;NaN;30587;703790.0005094665;5365197.341419338;null;NaN;NaN;56545.0;NaN;NaN;0.0
217294;drt;drt;NaN;29605;702526.1884917968;5364401.542027907;null;NaN;NaN;56553.0;NaN;NaN;0.0
358881;drt;drt;NaN;26118;700636.0599216197;5370814.315855823;null;NaN;NaN;56703.0;NaN;NaN;0.0
251531;drt;drt;NaN;55164;702821.4606627196;5364023.68777037;null;NaN;NaN;56739.0;NaN;NaN;0.0
190459;drt;drt;NaN;80357;721220.9353736693;5369791.305892816;null;NaN;NaN;56792.0;NaN;NaN;0.0
37279;drt;drt;NaN;70636;696337.7608313764;5370630.661940763;null;NaN;NaN;56837.0;NaN;NaN;0.0
9500;drt;drt;NaN;59529;696386.3653403299;5370747.524397976;null;NaN;NaN;56892.0;NaN;NaN;0.0
376483;drt;drt;NaN;20144;717372.8229726745;5373794.63402089;null;NaN;NaN;56894.0;NaN;NaN;0.0
423326;drt;drt;NaN;80209;697781.8866029673;5382006.381586678;null;NaN;NaN;57067.0;NaN;NaN;0.0
367976;drt;drt;NaN;33474;694313.2709000516;5396758.474740883;null;NaN;NaN;57121.0;NaN;NaN;0.0
36561;drt;drt;NaN;60;702328.9009251796;5364452.810739698;null;NaN;NaN;57166.0;NaN;NaN;0.0
423560;drt;drt;NaN;20004;687643.4415197003;5361694.012802331;null;NaN;NaN;57199.0;NaN;NaN;0.0
147223;drt;drt;NaN;47773;727473.0016387695;5344323.675962269;null;NaN;NaN;57296.0;NaN;NaN;0.0
294800;drt;drt;NaN;45316;681550.5476917457;5387354.6711491905;null;NaN;NaN;57362.0;NaN;NaN;0.0
445383;drt;drt;NaN;56006;689308.7421351663;5404135.994975524;null;NaN;NaN;57415.0;NaN;NaN;0.0
446771;drt;drt;NaN;31963;689239.6308070514;5400552.376375182;null;NaN;NaN;57486.0;NaN;NaN;0.0
425333;drt;drt;NaN;78674;690798.034676713;5357825.245557276;null;NaN;NaN;57588.0;NaN;NaN;0.0
63121;drt;drt;NaN;17934;684094.5700772211;5378660.187676629;null;NaN;NaN;57636.0;NaN;NaN;0.0
349722;drt;drt;NaN;49046;703051.4432757234;5364064.133578593;null;NaN;NaN;57641.0;NaN;NaN;0.0
163962;drt;drt;NaN;10316;704615.436996886;5369922.683702914;null;NaN;NaN;57652.0;NaN;NaN;0.0
163571;drt;drt;NaN;77685;694303.7765610679;5370532.021935951;null;NaN;NaN;57686.0;NaN;NaN;0.0
440281;drt;drt;NaN;17625;697294.5606101098;5404427.38437422;null;NaN;NaN;57699.0;NaN;NaN;0.0
356050;drt;drt;NaN;15621;697353.7675401502;5354985.167298629;null;NaN;NaN;57905.0;NaN;NaN;0.0
47723;drt;drt;NaN;45696;715487.3204474611;5352117.606066003;null;NaN;NaN;57931.0;NaN;NaN;0.0
351552;drt;drt;NaN;11885;704206.8924367577;5356136.988177058;null;NaN;NaN;57948.0;NaN;NaN;0.0
364546;drt;drt;NaN;41797;687722.8465214432;5386210.397427158;null;NaN;NaN;57989.0;NaN;NaN;0.0
373680;drt;drt;NaN;3545;727162.0254620559;5344169.055797141;null;NaN;NaN;58047.0;NaN;NaN;0.0
61517;drt;drt;NaN;69762;681706.7984303918;5394914.499881873;null;NaN;NaN;58049.0;NaN;NaN;0.0
317754;drt;drt;NaN;53741;720753.3944040239;5371807.576560516;null;NaN;NaN;58055.0;NaN;NaN;0.0
278611;drt;drt;NaN;14977;704237.6636392626;5365556.442359984;null;NaN;NaN;58083.0;NaN;NaN;0.0
342111;drt;drt;NaN;30916;714393.4851107777;5346333.222790521;null;NaN;NaN;58194.0;NaN;NaN;0.0
379550;drt;drt;NaN;40362;704741.5136377763;5363122.261717213;null;NaN;NaN;58219.0;NaN;NaN;0.0
173402;drt;drt;NaN;27002;732728.5668901857;5351541.068452986;null;NaN;NaN;58259.0;NaN;NaN;0.0
66034;drt;drt;NaN;70614;693321.55476972;5387465.327763129;null;NaN;NaN;58281.0;NaN;NaN;0.0
381919;drt;drt;NaN;37941;688723.5368458338;5369373.76548166;null;NaN;NaN;58309.0;NaN;NaN;0.0
150764;drt;drt;NaN;39583;728321.9893619553;5364307.366599724;null;NaN;NaN;58324.0;NaN;NaN;0.0
226541;drt;drt;NaN;65201;696306.0906279514;5354197.62668669;null;NaN;NaN;58330.0;NaN;NaN;0.0
336609;drt;drt;NaN;48265;717680.0474957174;5349702.326147131;null;NaN;NaN;58415.0;NaN;NaN;0.0
234416;drt;drt;NaN;2055;681701.4531718136;5377489.430780822;null;NaN;NaN;58498.0;NaN;NaN;0.0
361998;drt;drt;NaN;54875;679044.5329017367;5382790.1428862875;null;NaN;NaN;58503.0;NaN;NaN;0.0
251018;drt;drt;NaN;1352;702358.5661998;5363248.0533857;null;NaN;NaN;58537.0;NaN;NaN;0.0
6905;drt;drt;NaN;47680;697371.8630192562;5372241.417529479;null;NaN;NaN;58580.0;NaN;NaN;0.0
114996;drt;drt;NaN;10528;718345.0997526085;5354863.271239465;null;NaN;NaN;58681.0;NaN;NaN;0.0
53703;drt;drt;NaN;47359;693827.778474059;5353083.659341543;null;NaN;NaN;58760.0;NaN;NaN;0.0
118629;drt;drt;NaN;69613;714290.9296646111;5344451.377609074;null;NaN;NaN;58764.0;NaN;NaN;0.0
2444;drt;drt;NaN;37653;732639.6176409249;5345484.733703345;null;NaN;NaN;58807.0;NaN;NaN;0.0
15819;drt;drt;NaN;59392;724529.0923434098;5361453.758028407;null;NaN;NaN;58817.0;NaN;NaN;0.0
32451;drt;drt;NaN;77574;715431.0344330029;5347400.537543278;null;NaN;NaN;58819.0;NaN;NaN;0.0
149908;drt;drt;NaN;1948;690865.9434595642;5388393.1033583665;null;NaN;NaN;58919.0;NaN;NaN;0.0
173421;drt;drt;NaN;5577;701299.194149443;5364603.258463265;null;NaN;NaN;58954.0;NaN;NaN;0.0
36182;drt;drt;NaN;60934;704647.195524704;5363651.59062093;null;NaN;NaN;59030.0;NaN;NaN;0.0
127014;drt;drt;NaN;287;703868.5628871415;5362792.336929705;null;NaN;NaN;59134.0;NaN;NaN;0.0
199800;drt;drt;NaN;17762;685994.8436566582;5379529.419127531;null;NaN;NaN;59277.0;NaN;NaN;0.0
41325;drt;drt;NaN;65266;675733.5190116328;5385576.96132545;null;NaN;NaN;59280.0;NaN;NaN;0.0
397044;drt;drt;NaN;37877;705593.2786299672;5346013.6843433585;null;NaN;NaN;59318.0;NaN;NaN;0.0
225183;drt;drt;NaN;20784;708578.6134825279;5378845.7095417585;null;NaN;NaN;59440.0;NaN;NaN;0.0
63225;drt;drt;NaN;10159;684497.8800637461;5377899.392191755;null;NaN;NaN;59443.0;NaN;NaN;0.0
176800;drt;drt;NaN;8485;704698.943759639;5349435.51844386;null;NaN;NaN;59458.0;NaN;NaN;0.0
120247;drt;drt;NaN;39003;731506.5491168911;5358880.932640072;null;NaN;NaN;59540.0;NaN;NaN;0.0
281839;drt;drt;NaN;48766;717714.9068566154;5371625.246378731;null;NaN;NaN;59573.0;NaN;NaN;0.0
268911;drt;drt;NaN;51806;715312.9839039815;5354358.077304857;null;NaN;NaN;59716.0;NaN;NaN;0.0
252374;drt;drt;NaN;47058;687406.3938582842;5365743.011649478;null;NaN;NaN;59750.0;NaN;NaN;0.0
282592;drt;drt;NaN;56222;716582.0692047302;5372982.316772944;null;NaN;NaN;59751.0;NaN;NaN;0.0
208087;drt;drt;NaN;45138;716103.4789947153;5351007.948699979;null;NaN;NaN;59888.0;NaN;NaN;0.0
401816;drt;drt;NaN;56253;703101.6256981982;5363874.47238067;null;NaN;NaN;59913.0;NaN;NaN;0.0
208047;drt;drt;NaN;20266;716301.8787357761;5354654.721174981;null;NaN;NaN;59983.0;NaN;NaN;0.0
360369;drt;drt;NaN;28827;683173.5611322523;5399170.467186017;null;NaN;NaN;60012.0;NaN;NaN;0.0
212883;drt;drt;NaN;58105;717712.0943405558;5345889.28441976;null;NaN;NaN;60040.0;NaN;NaN;0.0
262083;drt;drt;NaN;81172;688991.7113014879;5387601.1836414365;null;NaN;NaN;60063.0;NaN;NaN;0.0
246148;drt;drt;NaN;64199;726877.6748554521;5362476.351719117;null;NaN;NaN;60068.0;NaN;NaN;0.0
65053;drt;drt;NaN;15193;692149.441620087;5375768.350253068;null;NaN;NaN;60095.0;NaN;NaN;0.0
386136;drt;drt;NaN;65301;718780.0791661897;5374718.285175374;null;NaN;NaN;60097.0;NaN;NaN;0.0
264225;drt;drt;NaN;9416;695805.4281392752;5393772.583141632;null;NaN;NaN;60116.0;NaN;NaN;0.0
176057;drt;drt;NaN;37969;714461.2631343852;5355360.992127926;null;NaN;NaN;60126.0;NaN;NaN;0.0
111623;drt;drt;NaN;65970;688827.6271888616;5382492.852075379;null;NaN;NaN;60128.0;NaN;NaN;0.0
39297;drt;drt;NaN;31225;697036.1097100432;5354813.4132527;null;NaN;NaN;60271.0;NaN;NaN;0.0
69491;drt;drt;NaN;47672;727308.4687484216;5344340.941051317;null;NaN;NaN;60343.0;NaN;NaN;0.0
62250;drt;drt;NaN;69153;681701.5358007157;5398874.93706985;null;NaN;NaN;60366.0;NaN;NaN;0.0
242572;drt;drt;NaN;60498;721327.5258460249;5359422.130423823;null;NaN;NaN;60410.0;NaN;NaN;0.0
270260;drt;drt;NaN;17489;727163.7169441924;5345244.6105854465;null;NaN;NaN;60465.0;NaN;NaN;0.0
206170;drt;drt;NaN;39659;737278.5789494927;5349309.354340315;null;NaN;NaN;60867.0;NaN;NaN;0.0
42772;drt;drt;NaN;75455;685310.6063451552;5379644.5199645255;null;NaN;NaN;60872.0;NaN;NaN;0.0
4159;drt;drt;NaN;34701;721182.165378062;5365456.21167914;null;NaN;NaN;60968.0;NaN;NaN;0.0
287847;drt;drt;NaN;35249;678191.1663413562;5384639.981883553;null;NaN;NaN;60991.0;NaN;NaN;0.0
360000;drt;drt;NaN;14860;675755.991912579;5384745.64651607;null;NaN;NaN;61024.0;NaN;NaN;0.0
185983;drt;drt;NaN;8761;705117.014457865;5364154.154860573;null;NaN;NaN;61073.0;NaN;NaN;0.0
222628;drt;drt;NaN;66567;686350.5194364002;5380240.32110667;null;NaN;NaN;61119.0;NaN;NaN;0.0
36636;drt;drt;NaN;55865;702770.1309988764;5354306.510026071;null;NaN;NaN;61170.0;NaN;NaN;0.0
20472;drt;drt;NaN;74975;703003.3951316527;5364601.04168318;null;NaN;NaN;61247.0;NaN;NaN;0.0
148419;drt;drt;NaN;18639;731796.2923988985;5359121.982977381;null;NaN;NaN;61253.0;NaN;NaN;0.0
331877;drt;drt;NaN;31702;692374.1804781256;5395272.912649476;null;NaN;NaN;61270.0;NaN;NaN;0.0
277571;drt;drt;NaN;73647;704139.1790458634;5365425.8572498765;null;NaN;NaN;61519.0;NaN;NaN;0.0
39548;drt;drt;NaN;51826;699222.0832461709;5355350.988777134;null;NaN;NaN;61589.0;NaN;NaN;0.0
55217;drt;drt;NaN;55139;702428.6792707203;5365107.805605955;null;NaN;NaN;61640.0;NaN;NaN;0.0
166864;drt;drt;NaN;33674;683760.9039599206;5377288.332988824;null;NaN;NaN;61674.0;NaN;NaN;0.0
306054;drt;drt;NaN;30587;703790.0005094665;5365197.341419338;null;NaN;NaN;61679.0;NaN;NaN;0.0
259193;drt;drt;NaN;58111;684871.5417502071;5398199.507671697;null;NaN;NaN;61700.0;NaN;NaN;0.0
63248;drt;drt;NaN;33203;684151.5891559471;5378008.681071393;null;NaN;NaN;61716.0;NaN;NaN;0.0
13761;drt;drt;NaN;48356;681061.3951978463;5392289.781798407;null;NaN;NaN;61857.0;NaN;NaN;0.0
46444;drt;drt;NaN;33346;739201.4751259893;5349369.30663804;null;NaN;NaN;61867.0;NaN;NaN;0.0
151722;drt;drt;NaN;25687;702681.3810353016;5382154.340811163;null;NaN;NaN;62009.0;NaN;NaN;0.0
253368;drt;drt;NaN;17158;709600.9390337423;5365808.982422024;null;NaN;NaN;62058.0;NaN;NaN;0.0
51473;drt;drt;NaN;44979;712054.6760170201;5365478.792380808;null;NaN;NaN;62169.0;NaN;NaN;0.0
150688;drt;drt;NaN;78793;730531.8452504224;5365774.608594237;null;NaN;NaN;62224.0;NaN;NaN;0.0
266091;drt;drt;NaN;16891;733214.5015174478;5353505.295908803;null;NaN;NaN;62305.0;NaN;NaN;0.0
319424;drt;drt;NaN;66912;697735.3903684147;5355086.804904986;null;NaN;NaN;62329.0;NaN;NaN;0.0
367600;drt;drt;NaN;72272;693198.435102301;5401859.334066091;null;NaN;NaN;62448.0;NaN;NaN;0.0
226022;drt;drt;NaN;53710;694628.1610555039;5352955.259783111;null;NaN;NaN;62499.0;NaN;NaN;0.0
329402;drt;drt;NaN;70862;691506.9669370365;5381157.8481912725;null;NaN;NaN;62531.0;NaN;NaN;0.0
74883;drt;drt;NaN;7975;716990.1927029288;5373261.344586403;null;NaN;NaN;62600.0;NaN;NaN;0.0
127481;drt;drt;NaN;79514;704726.4790081282;5359509.792695178;null;NaN;NaN;62761.0;NaN;NaN;0.0
250765;drt;drt;NaN;47077;696952.7284923729;5363089.43495149;null;NaN;NaN;62801.0;NaN;NaN;0.0
49339;drt;drt;NaN;15401;724187.4389340027;5354175.850975685;null;NaN;NaN;62952.0;NaN;NaN;0.0
440853;drt;drt;NaN;60460;685380.6420610906;5371135.334490711;null;NaN;NaN;62969.0;NaN;NaN;0.0
183525;drt;drt;NaN;15345;693719.9003001868;5352788.023185302;null;NaN;NaN;62988.0;NaN;NaN;0.0
406756;drt;drt;NaN;69692;679133.7467173066;5367037.756245317;null;NaN;NaN;63072.0;NaN;NaN;0.0
442494;drt;drt;NaN;74853;684960.3177596454;5374423.788888687;null;NaN;NaN;63189.0;NaN;NaN;0.0
63234;drt;drt;NaN;33613;684822.1107415704;5378518.838061193;null;NaN;NaN;63308.0;NaN;NaN;0.0
212757;drt;drt;NaN;74251;718046.9343178449;5347522.319530543;null;NaN;NaN;63407.0;NaN;NaN;0.0
141803;drt;drt;NaN;18954;685936.7273088323;5398843.862026907;null;NaN;NaN;63447.0;NaN;NaN;0.0
414902;drt;drt;NaN;59161;721952.2179093782;5362999.019353985;null;NaN;NaN;63473.0;NaN;NaN;0.0
46683;drt;drt;NaN;37978;733922.7929608584;5357321.7047324665;null;NaN;NaN;63490.0;NaN;NaN;0.0
124183;drt;drt;NaN;72340;700575.175985996;5363738.111236877;null;NaN;NaN;63527.0;NaN;NaN;0.0
121755;drt;drt;NaN;8719;715736.0078029141;5355111.820472715;null;NaN;NaN;63530.0;NaN;NaN;0.0
213073;drt;drt;NaN;30412;694042.6070420321;5353652.578842977;null;NaN;NaN;63580.0;NaN;NaN;0.0
45675;drt;drt;NaN;66645;692601.9873603038;5375787.374976544;null;NaN;NaN;63641.0;NaN;NaN;0.0
263512;drt;drt;NaN;30838;694060.7580326635;5386120.204310482;null;NaN;NaN;63673.0;NaN;NaN;0.0
92374;drt;drt;NaN;80291;700822.6278768406;5357998.9534343295;null;NaN;NaN;64226.0;NaN;NaN;0.0
363079;drt;drt;NaN;13993;683552.4935742995;5378822.6539643025;null;NaN;NaN;64308.0;NaN;NaN;0.0
18225;drt;drt;NaN;14267;701109.43629728;5384334.1064047795;null;NaN;NaN;64343.0;NaN;NaN;0.0
143045;drt;drt;NaN;66866;733922.0630039484;5355011.391938217;null;NaN;NaN;64462.0;NaN;NaN;0.0
26149;drt;drt;NaN;33674;683760.9039599206;5377288.332988824;null;NaN;NaN;64540.0;NaN;NaN;0.0
294672;drt;drt;NaN;16983;684009.674981608;5372249.637903976;null;NaN;NaN;64553.0;NaN;NaN;0.0
291567;drt;drt;NaN;28517;690078.4528695539;5387231.537312984;null;NaN;NaN;64599.0;NaN;NaN;0.0
255954;drt;drt;NaN;34886;697216.3377504351;5355299.274980744;null;NaN;NaN;64665.0;NaN;NaN;0.0
91019;drt;drt;NaN;50401;719873.8922039662;5343591.895381838;null;NaN;NaN;64735.0;NaN;NaN;0.0
11935;drt;drt;NaN;71531;689092.1368000014;5386910.772112269;null;NaN;NaN;64759.0;NaN;NaN;0.0
139391;drt;drt;NaN;53083;685792.510109241;5386298.73438194;null;NaN;NaN;64824.0;NaN;NaN;0.0
104645;drt;drt;NaN;55370;703983.7531793369;5359397.7069217805;null;NaN;NaN;64873.0;NaN;NaN;0.0
344401;drt;drt;NaN;34127;717510.3276000282;5366597.051412664;null;NaN;NaN;64883.0;NaN;NaN;0.0
423832;drt;drt;NaN;30938;691233.3288734113;5354159.960540544;null;NaN;NaN;65000.0;NaN;NaN;0.0
241196;drt;drt;NaN;14602;717870.5770744267;5351130.60365586;null;NaN;NaN;65053.0;NaN;NaN;0.0
303120;drt;drt;NaN;35928;737017.699778731;5358920.355682428;null;NaN;NaN;65166.0;NaN;NaN;0.0
101366;drt;drt;NaN;44242;702397.1811250489;5364009.637631878;null;NaN;NaN;65344.0;NaN;NaN;0.0
226525;drt;drt;NaN;32620;697601.6702791589;5354906.565801168;null;NaN;NaN;65417.0;NaN;NaN;0.0
250510;drt;drt;NaN;58844;702277.9312187319;5363176.331536908;null;NaN;NaN;65489.0;NaN;NaN;0.0
399441;drt;drt;NaN;64249;730638.3259056747;5367936.184783189;null;NaN;NaN;65498.0;NaN;NaN;0.0
154309;drt;drt;NaN;48255;701263.794417754;5364630.165803229;null;NaN;NaN;65583.0;NaN;NaN;0.0
197479;drt;drt;NaN;18954;685936.7273088323;5398843.862026907;null;NaN;NaN;65618.0;NaN;NaN;0.0
13477;drt;drt;NaN;58189;682025.0547675618;5389296.007823259;null;NaN;NaN;65653.0;NaN;NaN;0.0
382651;drt;drt;NaN;58627;707225.7989962124;5365519.002346863;null;NaN;NaN;65667.0;NaN;NaN;0.0
90359;drt;drt;NaN;48959;709240.8070584987;5345464.000124428;null;NaN;NaN;65867.0;NaN;NaN;0.0
247687;drt;drt;NaN;41174;694088.4496827333;5352049.336653503;null;NaN;NaN;65917.0;NaN;NaN;0.0
191923;drt;drt;NaN;38626;708846.76923563;5378684.7150128065;null;NaN;NaN;66018.0;NaN;NaN;0.0
17785;drt;drt;NaN;12570;729411.5919925794;5362811.971710545;null;NaN;NaN;66038.0;NaN;NaN;0.0
239035;drt;drt;NaN;28519;703282.3153315678;5353247.742386389;null;NaN;NaN;66103.0;NaN;NaN;0.0
303246;drt;drt;NaN;55827;731966.0651892717;5360468.135859009;null;NaN;NaN;66145.0;NaN;NaN;0.0
74608;drt;drt;NaN;14433;716681.0322327821;5372041.311222911;null;NaN;NaN;66292.0;NaN;NaN;0.0
72514;drt;drt;NaN;16105;704203.8719976251;5363438.308300303;null;NaN;NaN;66314.0;NaN;NaN;0.0
418429;drt;drt;NaN;55920;711316.2086292228;5350537.71992446;null;NaN;NaN;66531.0;NaN;NaN;0.0
132121;drt;drt;NaN;58939;706632.1513333428;5380139.657503158;null;NaN;NaN;66842.0;NaN;NaN;0.0
21561;drt;drt;NaN;77759;722287.7574370739;5369363.789865525;null;NaN;NaN;66846.0;NaN;NaN;0.0
236253;drt;drt;NaN;48438;691941.9040606052;5387067.785178289;null;NaN;NaN;67092.0;NaN;NaN;0.0
204250;drt;drt;NaN;54795;681454.9953132924;5387511.497333186;null;NaN;NaN;67092.0;NaN;NaN;0.0
175903;drt;drt;NaN;57892;700698.6802332704;5353074.804909414;null;NaN;NaN;67170.0;NaN;NaN;0.0
159308;drt;drt;NaN;5577;701299.194149443;5364603.258463265;null;NaN;NaN;67219.0;NaN;NaN;0.0
248781;drt;drt;NaN;14752;694736.5062462223;5365759.89278923;null;NaN;NaN;67264.0;NaN;NaN;0.0
100771;drt;drt;NaN;2800;722186.364294534;5345273.664092747;null;NaN;NaN;67426.0;NaN;NaN;0.0
361602;drt;drt;NaN;46078;689655.0441994104;5377924.924002908;null;NaN;NaN;68083.0;NaN;NaN;0.0
82384;drt;drt;NaN;926;711408.9576365396;5350386.083272427;null;NaN;NaN;68141.0;NaN;NaN;0.0
336000;drt;drt;NaN;1988;718549.7565357827;5352831.024265811;null;NaN;NaN;68148.0;NaN;NaN;0.0
322246;drt;drt;NaN;5577;701299.194149443;5364603.258463265;null;NaN;NaN;68207.0;NaN;NaN;0.0
102604;drt;drt;NaN;75453;685283.0202761281;5379732.301576441;null;NaN;NaN;68400.0;NaN;NaN;0.0
319513;drt;drt;NaN;39470;697678.3041119449;5355367.551777567;null;NaN;NaN;68402.0;NaN;NaN;0.0
139896;drt;drt;NaN;63150;690890.385631049;5376042.480290301;null;NaN;NaN;68467.0;NaN;NaN;0.0
158568;drt;drt;NaN;62311;692548.5139571019;5364546.331505872;null;NaN;NaN;68543.0;NaN;NaN;0.0
248009;drt;drt;NaN;1250;694247.445448349;5352257.93335229;null;NaN;NaN;68636.0;NaN;NaN;0.0
273076;drt;drt;NaN;35119;714023.386714777;5360316.581231039;null;NaN;NaN;68853.0;NaN;NaN;0.0
288589;drt;drt;NaN;62243;682072.759924828;5398727.949474157;null;NaN;NaN;69212.0;NaN;NaN;0.0
192108;drt;drt;NaN;64836;696987.2898336982;5353864.721182436;null;NaN;NaN;69572.0;NaN;NaN;0.0
314784;drt;drt;NaN;4694;702772.6017460749;5356378.857902638;null;NaN;NaN;70009.0;NaN;NaN;0.0
231800;drt;drt;NaN;42994;685031.7289629588;5378274.061217548;null;NaN;NaN;70327.0;NaN;NaN;0.0
190335;drt;drt;NaN;18310;717221.0457785362;5372302.257379515;null;NaN;NaN;70401.0;NaN;NaN;0.0
228067;drt;drt;NaN;4942;718788.8344248922;5374434.108757106;null;NaN;NaN;70515.0;NaN;NaN;0.0
434714;drt;drt;NaN;38424;696968.367949617;5355360.792509416;null;NaN;NaN;70661.0;NaN;NaN;0.0
253414;drt;drt;NaN;70027;712624.7973045368;5367476.87898157;null;NaN;NaN;70727.0;NaN;NaN;0.0
43072;drt;drt;NaN;23903;684510.4553833649;5377651.900516134;null;NaN;NaN;70917.0;NaN;NaN;0.0
123998;drt;drt;NaN;28638;698475.0648457487;5350834.229904783;null;NaN;NaN;71191.0;NaN;NaN;0.0
260074;drt;drt;NaN;45239;684910.4824140095;5377684.449843468;null;NaN;NaN;71280.0;NaN;NaN;0.0
299075;drt;drt;NaN;36494;714776.5957682031;5352202.378562345;null;NaN;NaN;71355.0;NaN;NaN;0.0
199302;drt;drt;NaN;61267;684319.7119438153;5379213.959121823;null;NaN;NaN;71725.0;NaN;NaN;0.0
357996;drt;drt;NaN;11298;702167.1425732018;5376115.369569432;null;NaN;NaN;71874.0;NaN;NaN;0.0
113166;drt;drt;NaN;16251;692804.7034710797;5404518.901469759;null;NaN;NaN;71966.0;NaN;NaN;0.0
218462;drt;drt;NaN;12033;701584.4407410787;5364460.100606892;null;NaN;NaN;72598.0;NaN;NaN;0.0
270007;drt;drt;NaN;56385;723857.3062265019;5360606.873696449;null;NaN;NaN;73124.0;NaN;NaN;0.0
57053;drt;drt;NaN;59521;696130.8152010096;5372289.770479879;null;NaN;NaN;73348.0;NaN;NaN;0.0
169474;drt;drt;NaN;34441;690643.5048621121;5376502.724664597;null;NaN;NaN;73497.0;NaN;NaN;0.0
246538;drt;drt;NaN;67035;716690.9284963738;5363046.345432816;null;NaN;NaN;73640.0;NaN;NaN;0.0
398646;drt;drt;NaN;50737;718228.8346586705;5344037.096393432;null;NaN;NaN;74256.0;NaN;NaN;0.0
70094;drt;drt;NaN;37978;733922.7929608584;5357321.7047324665;null;NaN;NaN;74792.0;NaN;NaN;0.0
249515;drt;drt;NaN;59934;700920.0757107143;5364040.297178948;null;NaN;NaN;74872.0;NaN;NaN;0.0
139701;drt;drt;NaN;16441;694551.9815410881;5378894.030627246;null;NaN;NaN;74992.0;NaN;NaN;0.0
129944;drt;drt;NaN;51380;697569.50910088;5370356.774008978;null;NaN;NaN;75114.0;NaN;NaN;0.0
91620;drt;drt;NaN;13401;720185.2653332197;5363006.373795848;null;NaN;NaN;76468.0;NaN;NaN;0.0
359475;drt;drt;NaN;61173;674216.4128598827;5373999.810639832;null;NaN;NaN;77234.0;NaN;NaN;0.0
83151;drt;drt;NaN;32688;708058.8790795376;5385323.886031957;null;NaN;NaN;78968.0;NaN;NaN;0.0
201627;drt;drt;NaN;16149;692906.5141336;5404724.986264278;null;NaN;NaN;82522.0;NaN;NaN;0.0
294171;drt;drt;NaN;78956;691855.9419381688;5395339.103301075;null;NaN;NaN;82824.0;NaN;NaN;0.0
130126;drt;drt;NaN;62626;693009.3801106769;5364811.788636126;null;NaN;NaN;85469.0;NaN;NaN;0.0
