person_id;person_trip_id;leg_index;access_stop_id;egress_stop_id;transit_line_id;transit_route_id;departure_id;access_area_id;egress_area_id;transit_mode
277499;0;1;418670.link:6208;526251.link:42051;5409;40740;1122036_04:33:00;602778.0;41520.0;bus
334077;0;1;343995.link:30011;365108.link:58351;22858;1293182;178477_04:51:00;189869.0;400312.0;rail
185795;0;1;162037.link:66392;575778.link:69591;22934;1605429;1605429_05:00:00;538556.0;96062.0;bus
70379;0;1;540479.link:22554;596298.link:32124;12701;1243301;1313947_04:55:00;324836.0;456204.0;bus
305195;0;1;555055.link:48411;322056.link:77270;23106;666145;226341_05:13:00;222519.0;582085.0;bus
280325;0;1;113458.link:29895;89375.link:18799;5773;1557431;179102_05:12:00;532129.0;41137.0;bus
309356;0;1;257700.link:6228;29494.link:36104;12526;1157289;934626_05:36:00;457764.0;154159.0;bus
322189;0;1;631588.link:8298;367598.link:56070;15151;279880;279880_04:54:00;312105.0;26842.0;bus
289562;0;1;28010.link:41037;505687.link:16009;8390;891278;725517_05:36:00;323305.0;420643.0;bus
153582;0;1;53851.link:61582;604741.link:39762;3794;1432724;264843_05:36:00;96974.0;617326.0;bus
70379;0;3;458952.link:72371;364949.link:57138;20612;125244;1116264_05:12:00;456204.0;84551.0;bus
190720;0;1;83015.link:20757;626591.link:60893;22560;890601;491986_05:05:00;503138.0;384423.0;bus
247480;0;1;39456.link:73606;557401.link:54015;12743;1180575;747504_05:29:00;582818.0;6570.0;bus
185795;0;3;53851.link:61582;593729.link:46549;3794;1432724;264843_05:36:00;96974.0;93016.0;bus
289361;0;1;674159.link:33406;197854.link:15078;8390;98964;1616361_05:35:00;385007.0;655169.0;bus
67889;0;1;261769.link:10526;280110.link:58223;14820;148135;148135_05:36:00;433678.0;189869.0;bus
278113;0;1;418670.link:6208;526251.link:42051;5409;40740;86016_05:35:00;602778.0;41520.0;bus
322885;0;1;247690.link:24111;271856.link:42363;24400;1246556;664309_05:37:00;110406.0;326505.0;bus
255267;0;1;275445.link:39198;160212.link:41776;12526;341182;1080635_05:37:00;337282.0;378316.0;bus
267230;0;1;530260.link:63067;427669.link:53446;24871;1265272;1265272_05:51:00;125808.0;544870.0;bus
198695;0;1;51494.link:34113;110472.link:41026;8390;98964;1616361_05:35:00;402482.0;300257.0;bus
267671;0;1;120060.link:45285;34214.link:27152;13598;331817;331817_05:49:00;125808.0;125439.0;bus
129391;0;1;202865.link:60662;443516.link:52788;7725;534384;852526_05:45:00;146476.0;185600.0;bus
244796;0;1;283994.link:55177;477080.link:42859;7195;774173;760145_05:50:00;589889.0;240045.0;rail
190720;0;3;159131.link:26976;662009.link:37849;11523;1641431;1641431_05:52:00;384423.0;96974.0;rail
302216;0;1;1645.link:15311;23798.link:64514;7989;1112936;922921_05:44:00;121642.0;125808.0;bus
284347;0;1;174588.link:39795;557401.link:54015;18874;838869;619785_05:22:00;327757.0;6570.0;bus
325478;0;1;160283.link:55404;652669.link:2579;13676;934178;934178_06:02:00;183818.0;576344.0;bus
289361;0;3;52441.link:15082;216798.link:36257;5185;357449;357449_05:54:00;655169.0;308684.0;bus
174278;0;1;392073.link:25883;46295.link:76459;24492;1372716;1372716_05:52:00;411613.0;612531.0;bus
260262;0;1;448956.link:54741;35730.link:5130;24134;876515;876515_05:54:00;182874.0;193210.0;bus
207029;0;1;607682.link:73018;338123.link:57380;13598;331817;331817_05:49:00;473203.0;240045.0;bus
271565;0;1;230840.link:71130;56361.link:56858;7883;1584730;1584730_05:34:00;368764.0;240045.0;bus
163093;0;1;404582.link:17981;148862.link:48741;18695;1358369;1085791_05:58:00;62301.0;384423.0;bus
129391;0;3;136398.link:28292;168132.link:22316;21991;1288999;1267008_06:08:00;185600.0;417625.0;rail
294487;0;1;281844.link:41010;318517.link:36258;24134;205152;205152_05:50:00;30824.0;193210.0;bus
325533;0;1;404880.link:15084;52441.link:15082;21446;1158378;1158378_06:05:00;624003.0;655169.0;bus
72707;0;1;383361.link:77252;360448.link:34513;5503;204545;945454_06:01:00;666522.0;96974.0;bus
153837;0;1;53851.link:61582;593729.link:46549;3794;1432724;1277463_06:10:00;96974.0;93016.0;bus
334077;0;3;49607.link:47544;169975.link:20900;20612;330889;1237108_06:02:00;400312.0;651472.0;bus
257556;0;1;190693.link:71958;435836.link:13589;7839;372860;1619162_05:27:00;416475.0;96974.0;bus
123253;0;1;650649.link:53698;7750.link:41757;12526;889712;1564084_06:05:00;294168.0;378316.0;bus
283878;0;1;275445.link:39198;585269.link:9535;12526;1157289;27779_05:56:00;337282.0;309005.0;bus
83770;0;1;493058.link:55974;575778.link:69591;22934;1605429;1549770_06:07:00;549576.0;96062.0;bus
284347;0;3;557401.link:54015;459595.link:55514;12526;889712;1564084_06:05:00;6570.0;514562.0;bus
280330;0;1;251532.link:19502;44474.link:71232;3654;295338;4108_06:05:00;526672.0;463964.0;bus
114709;0;1;69692.link:39870;74636.link:22433;24400;910485;910485_06:06:00;607814.0;296807.0;bus
280325;0;3;157324.link:15495;465100.link:44997;19170;1622255;310499_06:03:00;41137.0;36373.0;bus
174278;0;3;69229.link:78978;149951.link:20355;23304;296562;251159_06:14:00;612531.0;355485.0;bus
207029;0;3;147812.link:56813;397053.link:28890;14820;881814;881814_06:25:00;240045.0;320286.0;bus
163093;0;3;159131.link:26976;662009.link:37849;10939;294701;209509_06:19:00;384423.0;96974.0;rail
225857;0;1;431060.link:16905;240701.link:60793;19170;233783;345286_06:20:00;601422.0;610144.0;bus
105122;0;1;418670.link:6208;526251.link:42051;5409;40740;1069193_06:11:00;602778.0;41520.0;bus
147614;0;1;205669.link:74749;431060.link:16906;3654;788878;788878_05:43:00;252486.0;601422.0;bus
76607;0;1;9641.link:49135;4350.link:69084;9289;1137759;224040_05:59:00;226748.0;135122.0;bus
326053;0;1;353106.link:76881;371822.link:58020;21446;1158378;1158378_06:05:00;318802.0;364587.0;bus
172824;0;1;226211.link:46239;319929.link:37325;14820;148135;148135_05:36:00;435987.0;240045.0;bus
190801;0;1;168343.link:11400;456323.link:64148;15259;240682;1053136_06:26:00;568853.0;334701.0;bus
257556;0;3;136857.link:51223;226796.link:47867;14415;219202;219202_06:31:00;96974.0;50190.0;bus
85751;0;1;142899.link:9600;9641.link:49135;7839;1463034;1463034_06:10:00;578786.0;226748.0;bus
120519;0;1;450302.link:72370;650692.link:81557;20612;92588;237746_05:56:00;456204.0;240045.0;bus
74650;0;1;168343.link:11400;258716.link:pt_258716;15259;240682;1053136_06:26:00;568853.0;422816.0;bus
73401;0;1;115586.link:5768;410688.link:34513;5468;356371;137488_06:15:00;418354.0;96974.0;bus
136226;0;1;560972.link:10925;254705.link:22606;13245;460649;1351126_06:26:00;431096.0;262138.0;bus
325533;0;3;52441.link:15082;216798.link:36257;5185;1163584;1163584_06:31:00;655169.0;308684.0;bus
172824;0;3;272376.link:56818;241030.link:64056;16784;348850;1523704_06:36:00;240045.0;496605.0;bus
297419;0;1;410636.link:8131;241030.link:64056;16784;348850;1523704_06:36:00;224192.0;496605.0;bus
305195;0;3;322056.link:77270;367598.link:56070;373;775664;775664_06:00:00;582085.0;26842.0;bus
272613;0;1;244640.link:20907;602275.link:53030;3299;268693;268693_05:39:00;103883.0;240045.0;bus
234831;0;1;70055.link:22483;547781.link:43871;11812;176209;176209_06:10:00;67848.0;520666.0;bus
292069;0;1;29290.link:73327;547781.link:43871;11812;176209;176209_06:10:00;486511.0;520666.0;bus
391883;0;1;367511.link:23299;547781.link:43871;11812;176209;176209_06:10:00;351022.0;520666.0;bus
144552;0;1;606173.link:53409;602275.link:53030;3299;268693;268693_05:39:00;557425.0;240045.0;bus
322882;0;1;74636.link:22432;405816.link:42364;24400;40825;1599730_06:34:00;296807.0;326505.0;bus
245507;0;1;349065.link:30543;635139.link:25290;23106;57185;1002292_06:13:00;504931.0;609285.0;bus
334077;0;5;197070.link:60651;602275.link:53030;3299;268693;268693_05:39:00;651472.0;240045.0;bus
272977;0;1;283994.link:55177;477080.link:42859;7195;774173;77934_06:30:00;589889.0;240045.0;rail
83770;0;3;360448.link:67145;307730.link:27984;5503;1117701;972371_06:32:00;96974.0;417625.0;bus
122313;0;1;575104.link:34689;97826.link:40862;17075;172490;172490_06:21:00;165718.0;411474.0;bus
306733;0;1;460064.link:36734;97826.link:40862;17075;172490;172490_06:21:00;336100.0;411474.0;bus
123674;0;1;537242.link:41120;557401.link:54015;18874;838869;838869_06:02:00;357296.0;6570.0;bus
72707;0;3;572948.link:59411;382205.link:62146;21108;149335;1246846_06:30:00;96974.0;40950.0;bus
163093;0;5;410688.link:10330;595865.link:69580;5468;698978;698978_06:44:00;96974.0;578598.0;bus
181180;0;1;478729.link:61345;56361.link:56858;7883;1653819;1653819_06:12:00;260688.0;240045.0;bus
156629;0;1;410688.link:10330;1339.link:42050;5468;698978;698978_06:44:00;96974.0;41520.0;bus
274193;0;1;196387.link:61355;56361.link:56858;7883;1653819;1653819_06:12:00;598422.0;240045.0;bus
271592;0;1;597281.link:2434;147812.link:59273;20417;1508136;1508136_06:19:00;125049.0;240045.0;bus
179095;0;1;667947.link:71140;56361.link:56858;7883;1653819;1653819_06:12:00;565436.0;240045.0;bus
146896;0;1;69468.link:76354;626591.link:60894;10278;673108;673108_06:12:00;284116.0;384423.0;bus
267953;0;1;468301.link:26547;31045.link:56814;10278;1014075;871096_06:05:00;502007.0;240045.0;bus
159105;0;1;365736.link:67510;626591.link:60894;10278;673108;673108_06:12:00;593923.0;384423.0;bus
209640;0;1;492685.link:47479;626591.link:60894;10278;673108;673108_06:12:00;243285.0;384423.0;bus
224974;0;1;468534.link:76153;435836.link:13589;7839;1463034;1463034_06:10:00;464161.0;96974.0;bus
329693;0;1;397237.link:75640;648929.link:42716;13373;935127;163095_06:49:00;640310.0;477437.0;bus
277143;0;1;667751.link:5769;526251.link:42051;5409;1451762;305650_06:34:00;418354.0;41520.0;bus
54687;0;1;523789.link:69083;272065.link:70652;5409;1451762;305650_06:34:00;135122.0;578598.0;bus
76520;0;1;331135.link:61107;3079.link:20260;24325;1701259;1701259_06:14:00;92503.0;239072.0;bus
244796;0;3;627970.link:79468;89375.link:18799;5773;1557431;274177_06:32:00;240045.0;41137.0;bus
268722;0;1;522611.link:64287;155742.link:49193;14914;618201;992420_06:33:00;313612.0;93008.0;bus
273260;0;1;415892.link:54208;89375.link:18799;5773;1557431;274177_06:32:00;496190.0;41137.0;bus
88220;0;1;507710.link:59125;72018.link:58788;22781;1077002;1077002_06:12:00;36305.0;208691.0;bus
267953;0;3;477080.link:42860;399963.link:37927;7195;554463;92236_06:57:00;240045.0;42579.0;rail
91155;0;1;49607.link:47545;9607.link:38505;20612;705237;1470459_06:26:00;400312.0;321224.0;bus
349307;0;1;73842.link:36758;367598.link:56070;9289;1137759;385198_06:19:00;508585.0;26842.0;bus
267826;0;1;427299.link:64054;565376.link:63056;23304;296562;251159_06:14:00;480503.0;496096.0;bus
73401;0;3;53851.link:61582;26883.link:37515;966;1482539;1482539_06:52:00;96974.0;411153.0;bus
144552;0;3;147812.link:56813;347116.link:11544;373;226990;226990_06:53:00;240045.0;106287.0;bus
232375;0;1;640414.link:67589;104996.link:25799;24101;325654;325654_06:30:00;179684.0;59541.0;bus
273193;0;1;415892.link:54208;443516.link:52788;5773;1557431;274177_06:32:00;496190.0;185600.0;bus
302216;0;3;120060.link:15713;443516.link:52788;5773;1557431;274177_06:32:00;125808.0;185600.0;bus
327581;0;1;406280.link:54742;110472.link:41026;8390;98964;377278_06:35:00;493871.0;300257.0;bus
123638;0;1;12224.link:29870;545209.link:15585;12743;1180575;1590048_06:29:00;464291.0;88225.0;bus
76206;0;1;566464.link:47074;404582.link:17981;18695;238513;238513_06:42:00;487641.0;62301.0;bus
118145;0;1;338123.link:56812;452220.link:14574;13598;1422485;182258_06:53:00;240045.0;301018.0;bus
305847;0;1;126593.link:9365;175917.link:43827;24871;328856;328856_06:40:00;572234.0;124343.0;bus
245507;0;3;635139.link:25290;383361.link:77252;5503;204545;340295_06:51:00;609285.0;666522.0;bus
150254;0;1;126593.link:9365;175917.link:43827;24871;328856;328856_06:40:00;572234.0;124343.0;bus
305772;0;1;131259.link:51278;175917.link:43827;24871;328856;328856_06:40:00;61333.0;124343.0;bus
331398;0;1;380186.link:47559;484637.link:68812;13668;1030855;355103_06:44:00;476973.0;626868.0;bus
123674;0;3;557401.link:54015;7750.link:41757;12526;889712;889712_06:45:00;6570.0;378316.0;bus
186800;0;1;142575.link:14866;609932.link:13589;21480;915170;458329_06:44:00;451556.0;96974.0;bus
172228;0;1;233132.link:33390;197854.link:15078;24101;325654;325654_06:30:00;440091.0;655169.0;bus
123658;0;1;7750.link:41757;585269.link:9535;12526;889712;1537139_06:25:00;378316.0;309005.0;bus
311550;0;1;199199.link:46517;277214.link:69591;18092;841381;841381_06:50:00;664177.0;96062.0;bus
155475;0;1;590143.link:22892;277214.link:69591;18092;841381;841381_06:50:00;38250.0;96062.0;bus
272613;0;3;170659.link:56815;231131.link:81139;17075;574539;490500_06:54:00;240045.0;36038.0;bus
93173;0;1;590143.link:22892;277214.link:69591;18092;841381;841381_06:50:00;38250.0;96062.0;bus
92445;0;1;590143.link:22892;277214.link:69591;18092;841381;841381_06:50:00;38250.0;96062.0;bus
126286;0;1;462215.link:pt_462215;662009.link:37849;16059;258178;1202969_06:52:00;480693.0;96974.0;rail
181180;0;3;147812.link:56813;610783.link:11538;373;226990;226990_06:53:00;240045.0;79241.0;bus
147614;0;3;431060.link:16905;344571.link:6227;12526;341182;1223971_06:37:00;601422.0;457764.0;bus
132800;0;1;49478.link:9292;662009.link:37849;16059;258178;1202969_06:52:00;601422.0;96974.0;rail
70564;0;1;572907.link:44315;46295.link:76459;20612;705237;1470459_06:26:00;352212.0;612531.0;bus
236015;0;1;222500.link:9796;299970.link:68366;22781;1362296;1362296_06:58:00;270354.0;94257.0;bus
288471;0;1;205692.link:24298;41162.link:49389;21536;1536122;1536122_06:50:00;377344.0;671895.0;bus
259193;0;1;339592.link:17224;41162.link:49389;21536;1536122;1536122_06:50:00;176484.0;671895.0;bus
233036;0;1;644681.link:3283;104996.link:64428;11812;176209;176209_06:10:00;511517.0;59541.0;bus
273260;0;3;89375.link:18799;581508.link:54324;19170;593598;185229_06:49:00;41137.0;51975.0;bus
208433;0;1;69229.link:78978;660488.link:45656;24492;105650;105650_06:33:00;612531.0;590495.0;bus
280482;0;1;50743.link:38930;396470.link:18797;3654;295338;295338_06:45:00;594422.0;33445.0;bus
272910;0;1;572907.link:44315;650692.link:81557;20612;705237;1470459_06:26:00;352212.0;240045.0;bus
256364;0;1;202267.link:54238;594887.link:29428;18874;779435;779435_06:58:00;249144.0;586561.0;bus
224974;0;3;609932.link:13589;514565.link:14296;21480;915170;458329_06:44:00;96974.0;485025.0;bus
160250;0;1;87272.link:67511;537498.link:743;15259;386101;222207_06:56:00;593923.0;36685.0;bus
84512;0;1;142575.link:14866;674010.link:69003;21480;915170;458329_06:44:00;451556.0;91217.0;bus
159105;0;3;159131.link:26976;662009.link:37849;10939;294701;247864_07:00:00;384423.0;96974.0;rail
146896;0;3;159131.link:26976;662009.link:37849;10939;294701;247864_07:00:00;384423.0;96974.0;rail
94541;0;1;431060.link:16905;240701.link:60793;19170;233783;1637047_07:00:00;601422.0;610144.0;bus
62152;0;1;15481.link:68793;403848.link:48995;11724;628905;257583_07:08:00;194530.0;24730.0;bus
110885;0;1;560699.link:17191;654031.link:78688;21536;1536122;1536122_06:50:00;130860.0;306183.0;bus
4657;0;1;650649.link:53698;557401.link:54015;12526;889712;1596751_07:05:00;294168.0;6570.0;bus
142187;0;1;477499.link:55118;82652.link:69252;5185;843437;843437_06:49:00;473673.0;187260.0;bus
223219;0;1;423756.link:73583;259129.link:63639;18309;1604018;1604018_07:00:00;430066.0;200976.0;bus
318157;0;1;142899.link:9600;83.link:76141;7839;372860;1642757_07:01:00;578786.0;220682.0;bus
75265;0;1;292016.link:11389;83.link:76141;7839;372860;1642757_07:01:00;648867.0;220682.0;bus
302216;0;5;136398.link:28292;168132.link:22316;21991;1288999;278815_07:08:00;185600.0;417625.0;rail
273193;0;3;136398.link:28292;168132.link:22316;21991;1288999;278815_07:08:00;185600.0;417625.0;rail
157627;0;1;136398.link:28292;168132.link:22316;21991;1288999;278815_07:08:00;185600.0;417625.0;rail
256364;0;3;594887.link:52633;210722.link:22413;18874;1450073;689377_07:11:00;586561.0;533743.0;bus
108179;0;1;292016.link:11389;83.link:76141;7839;372860;1642757_07:01:00;648867.0;220682.0;bus
195245;0;1;90054.link:61109;302634.link:31269;24325;1701259;1701259_06:14:00;273531.0;109112.0;bus
294757;0;1;477499.link:55118;448821.link:46347;5185;843437;843437_06:49:00;473673.0;169957.0;bus
243082;0;1;314372.link:53231;4141.link:79489;3299;1374432;3234_06:53:00;98039.0;393496.0;bus
249869;0;1;623855.link:52612;575778.link:69591;2984;375536;267584_06:55:00;297737.0;96062.0;bus
155147;0;1;49590.link:67568;425730.link:71417;9289;1137759;965546_06:39:00;190940.0;666332.0;bus
39990;0;1;555266.link:45855;663278.link:57349;18695;1246412;1246412_07:01:00;177342.0;611135.0;bus
73583;0;1;128174.link:67827;181675.link:16909;10350;694285;694285_06:47:00;177156.0;168613.0;bus
332578;0;1;382281.link:5379;203929.link:5129;5185;843437;843437_06:49:00;238847.0;308684.0;bus
163586;0;1;193313.link:71959;398674.link:14405;7839;29708;637031_06:55:00;416475.0;395083.0;bus
211550;0;1;667947.link:71140;56361.link:56858;7883;1653819;1563625_06:37:00;565436.0;240045.0;bus
20864;0;1;358836.link:7463;651491.link:7447;7725;534384;67499_07:05:00;594422.0;155273.0;bus
126269;0;1;382205.link:67829;170724.link:69001;10350;694285;694285_06:47:00;40950.0;88902.0;bus
93173;0;3;53851.link:61582;280940.link:12479;3794;1432724;695782_07:12:00;96974.0;91217.0;bus
29775;0;1;154469.link:48311;483211.link:37927;7195;1179833;1179833_07:17:00;240045.0;42579.0;rail
48628;0;1;406696.link:64288;461781.link:47955;13598;1422485;182258_06:53:00;313612.0;354177.0;bus
82945;0;1;253389.link:43941;474259.link:60507;17075;574539;490500_06:54:00;338841.0;266462.0;bus
122294;0;1;647143.link:36733;474259.link:60507;17075;574539;490500_06:54:00;336100.0;266462.0;bus
8048;0;1;296256.link:20784;38049.link:76458;7839;372860;1642757_07:01:00;19704.0;95392.0;bus
255207;0;1;340612.link:24587;504532.link:16906;19170;593598;185229_06:49:00;171387.0;601422.0;bus
72897;0;1;378879.link:pt_378879;539881.link:61627;13951;298549;298549_07:09:00;1721.0;140551.0;bus
159105;0;5;410688.link:10330;595865.link:69580;5468;698978;191495_07:14:00;96974.0;578598.0;bus
146896;0;5;410688.link:10330;595865.link:69580;5468;698978;191495_07:14:00;96974.0;578598.0;bus
41605;0;1;560972.link:10925;73730.link:14206;13245;460649;657724_07:05:00;431096.0;61954.0;bus
136226;0;3;607875.link:55885;197854.link:15079;5185;843437;843437_06:49:00;262138.0;655169.0;bus
308624;0;1;63085.link:15521;100488.link:41786;12526;341182;1271597_06:57:00;404599.0;80511.0;bus
239472;0;1;250023.link:40223;299938.link:41078;15260;63457;63457_07:13:00;669646.0;242987.0;bus
315324;0;1;563094.link:73084;246877.link:70637;1573;279118;279118_07:08:00;231803.0;648439.0;bus
25525;0;1;446040.link:48624;8422.link:65540;22781;277292;174288_07:06:00;484211.0;371725.0;bus
155475;0;3;410688.link:10330;1339.link:42050;5468;698978;191495_07:14:00;96974.0;41520.0;bus
276048;0;1;650649.link:53698;281348.link:41783;12526;889712;1596751_07:05:00;294168.0;80511.0;bus
20197;0;1;600692.link:33104;502285.link:28749;3583;824716;824716_07:07:00;554130.0;423090.0;bus
186800;0;3;271923.link:12230;492912.link:71416;9289;1673844;608361_07:15:00;96974.0;666332.0;bus
195250;0;1;522437.link:21612;609932.link:13589;24325;1701259;1701259_06:14:00;239072.0;96974.0;bus
40131;0;1;566464.link:47074;404582.link:17981;18695;1246412;1246412_07:01:00;487641.0;62301.0;bus
249869;0;3;53851.link:61582;674010.link:69003;966;9465;1090067_07:17:00;96974.0;91217.0;bus
143254;0;1;287216.link:27977;258128.link:74021;10159;444410;444410_07:13:00;548276.0;597954.0;bus
67787;0;1;636097.link:40223;258128.link:74021;10159;444410;444410_07:13:00;255572.0;597954.0;bus
318260;0;1;8923.link:63937;435836.link:13589;7839;372860;1634953_06:27:00;94447.0;96974.0;bus
14907;0;1;223969.link:75749;111708.link:72838;16784;348850;1523704_06:36:00;405626.0;220715.0;bus
195245;0;3;302634.link:31269;243521.link:10330;10977;1382063;65936_07:01:00;109112.0;96974.0;bus
104805;0;1;484547.link:72867;243521.link:10330;10977;1382063;65936_07:01:00;506935.0;96974.0;bus
60860;0;1;664317.link:53123;302945.link:14404;22560;890601;878693_07:07:00;190023.0;395083.0;bus
257430;0;1;398674.link:14404;435836.link:13589;7839;372860;1634953_06:27:00;395083.0;96974.0;bus
103212;0;1;629769.link:12501;662009.link:37849;16059;258178;3237_07:12:00;649912.0;96974.0;rail
102927;0;1;629769.link:12501;662009.link:37849;16059;258178;3237_07:12:00;649912.0;96974.0;rail
271592;0;3;108621.link:56817;635139.link:25290;23106;57185;1509127_06:53:00;240045.0;609285.0;bus
133662;0;1;179418.link:39116;281776.link:13586;10221;1120786;1120786_06:30:00;22170.0;96974.0;bus
224974;0;5;514565.link:14296;593729.link:46549;3794;1432724;695782_07:12:00;485025.0;93016.0;bus
123638;0;3;629769.link:12501;662009.link:37849;16059;258178;3237_07:12:00;649912.0;96974.0;rail
29196;0;1;149488.link:7334;483646.link:73017;14914;618201;708003_07:13:00;519629.0;473203.0;bus
267218;0;1;479467.link:70733;477080.link:42859;7195;1396924;1396924_07:10:00;486154.0;240045.0;rail
174998;0;1;458446.link:37928;477080.link:42859;7195;1396924;1396924_07:10:00;42579.0;240045.0;rail
273882;0;1;276861.link:49024;477080.link:42859;7195;1396924;1396924_07:10:00;195798.0;240045.0;rail
72815;0;1;162037.link:66392;190376.link:81240;22934;948975;1380967_07:09:00;538556.0;303334.0;bus
77362;0;1;339592.link:17224;589121.link:76919;21536;933989;933989_07:20:00;176484.0;576695.0;bus
67793;0;1;258128.link:74021;646642.link:77205;10159;444410;444410_07:13:00;597954.0;404134.0;bus
145424;0;1;458446.link:37928;477080.link:42859;7195;1396924;1396924_07:10:00;42579.0;240045.0;rail
200102;0;1;552868.link:60454;406280.link:54742;24134;894861;669318_06:49:00;539086.0;493871.0;bus
13664;0;1;77588.link:55679;588652.link:55411;24400;910485;1083555_07:11:00;450847.0;219604.0;bus
240820;0;1;9607.link:38505;99351.link:20612;23304;296562;251159_06:14:00;321224.0;331238.0;bus
131397;0;1;159131.link:26976;662009.link:37849;2556;1718517;1718517_07:15:00;384423.0;96974.0;rail
35874;0;1;199199.link:46517;481231.link:50015;373;226990;226990_06:53:00;664177.0;566620.0;bus
253242;0;1;69473.link:79402;367598.link:56070;13951;298549;298549_07:09:00;279185.0;26842.0;bus
81408;0;1;38097.link:56448;108621.link:56818;23106;996655;1571049_06:53:00;532962.0;240045.0;bus
67780;0;1;284693.link:58222;536295.link:74022;9292;1154943;1154943_07:25:00;189869.0;597954.0;bus
83545;0;1;263484.link:9534;514565.link:14296;21480;915170;1125429_07:04:00;309005.0;485025.0;bus
207142;0;1;531722.link:56414;108621.link:56818;23106;996655;1571049_06:53:00;181821.0;240045.0;bus
225813;0;1;670907.link:9293;657926.link:12503;16059;662596;622881_07:14:00;601422.0;649912.0;rail
162275;0;1;435758.link:27709;87198.link:26379;19170;1268747;278857_07:09:00;483239.0;298776.0;bus
68507;0;1;161052.link:27151;558612.link:81260;14914;618201;708003_07:13:00;125439.0;477969.0;bus
294451;0;1;499961.link:58056;291778.link:78939;21536;1536122;1536122_06:50:00;437353.0;316481.0;bus
273260;0;5;581508.link:54324;674010.link:69003;21480;915170;1125429_07:04:00;51975.0;91217.0;bus
133684;0;1;581508.link:54324;674010.link:69003;21480;915170;1125429_07:04:00;51975.0;91217.0;bus
129454;0;1;251532.link:19502;586600.link:13589;3654;295338;295338_06:45:00;526672.0;96974.0;bus
126867;0;1;130567.link:70639;575778.link:69591;22934;948975;1380967_07:09:00;667295.0;96062.0;bus
94763;0;1;521412.link:45898;148862.link:48741;18695;1246412;1246412_07:01:00;25153.0;384423.0;bus
41056;0;1;247690.link:24111;271856.link:42363;24400;910485;1083555_07:11:00;110406.0;326505.0;bus
151935;0;1;440234.link:3443;537962.link:81758;9289;1137759;49338_07:19:00;639853.0;294771.0;bus
129385;0;1;131670.link:67791;586600.link:13589;3654;295338;295338_06:45:00;252486.0;96974.0;bus
39162;0;1;7750.link:41757;319084.link:39197;12526;889712;1596751_07:05:00;378316.0;337282.0;bus
244796;0;5;89375.link:18799;130572.link:14643;19170;1268747;278857_07:09:00;41137.0;539706.0;bus
225834;0;1;4302.link:1479;130572.link:14643;19170;1268747;278857_07:09:00;193450.0;539706.0;bus
126599;0;1;53851.link:61582;458433.link:24695;966;9465;1090067_07:17:00;96974.0;413913.0;bus
128091;0;1;130726.link:32988;526251.link:42051;5409;1451762;1447000_07:10:00;552946.0;41520.0;bus
92445;0;3;53851.link:61582;458433.link:24695;966;9465;1090067_07:17:00;96974.0;413913.0;bus
311550;0;3;53851.link:61582;458433.link:24695;966;9465;1090067_07:17:00;96974.0;413913.0;bus
84654;0;1;410295.link:55715;526251.link:42051;5409;1451762;1447000_07:10:00;402724.0;41520.0;bus
359918;0;1;148147.link:37344;612297.link:14860;12533;1059320;1059320_07:18:00;272239.0;510106.0;bus
187460;0;1;550946.link:6124;526251.link:42051;5409;1451762;1447000_07:10:00;323161.0;41520.0;bus
313123;0;1;116271.link:5331;526251.link:42051;5409;1451762;1447000_07:10:00;203737.0;41520.0;bus
77796;0;1;406280.link:54742;208901.link:53992;8390;98964;1094899_07:05:00;493871.0;503678.0;bus
250688;0;1;607389.link:54776;526251.link:42051;5409;1451762;1447000_07:10:00;640541.0;41520.0;bus
93138;0;1;418670.link:6208;526251.link:42051;5409;1451762;1447000_07:10:00;602778.0;41520.0;bus
126149;0;1;53851.link:61582;458433.link:24695;966;9465;1090067_07:17:00;96974.0;413913.0;bus
126256;0;1;511025.link:69065;526251.link:42051;5409;1451762;1447000_07:10:00;211576.0;41520.0;bus
44875;0;1;95046.link:81714;196016.link:56529;22781;277292;174288_07:06:00;38137.0;188440.0;bus
272985;0;1;529716.link:22031;227726.link:55839;18309;1604018;1604018_07:00:00;176002.0;79241.0;bus
251757;0;1;529716.link:22031;227726.link:55839;18309;1604018;1604018_07:00:00;176002.0;79241.0;bus
75278;0;1;117201.link:76457;559224.link:76140;7839;29708;637031_06:55:00;95392.0;220682.0;bus
130628;0;1;69473.link:79402;604219.link:59410;13951;298549;298549_07:09:00;279185.0;96974.0;bus
213073;0;1;529716.link:22031;227726.link:55839;18309;1604018;1604018_07:00:00;176002.0;79241.0;bus
84492;0;1;130726.link:32988;6776.link:11508;5409;1451762;1447000_07:10:00;552946.0;138454.0;bus
55329;0;1;332338.link:47612;568217.link:68768;18092;236536;1139986_07:26:00;202857.0;619329.0;bus
84216;0;1;258602.link:37842;383361.link:77252;5503;204545;1018364_07:21:00;646696.0;666522.0;bus
131397;0;3;410688.link:10330;552441.link:11507;5468;466755;1296358_07:29:00;96974.0;138454.0;bus
34471;0;1;395777.link:1585;357979.link:56351;18874;1272645;1272645_07:25:00;100649.0;506856.0;bus
282290;0;1;510267.link:69533;168343.link:11400;18695;1246412;1246412_07:01:00;160244.0;568853.0;bus
305847;0;3;441804.link:43830;322056.link:77270;23106;666145;610420_07:13:00;124343.0;582085.0;bus
77760;0;1;452412.link:22713;585935.link:55116;22781;1362296;1362296_06:58:00;575433.0;253317.0;bus
8048;0;3;117201.link:76457;197025.link:9599;7839;29708;637031_06:55:00;95392.0;578786.0;bus
18798;0;1;395777.link:1585;545209.link:15585;18874;1272645;1272645_07:25:00;100649.0;88225.0;bus
132912;0;1;606936.link:48550;310111.link:12285;23536;586760;967245_07:20:00;22170.0;560248.0;bus
94561;0;1;629179.link:77159;310111.link:12285;23536;586760;967245_07:20:00;564417.0;560248.0;bus
326687;0;1;108085.link:27457;108734.link:33426;20910;1478232;1478232_07:18:00;342582.0;34271.0;bus
74045;0;1;181758.link:38921;651491.link:7447;7725;534384;843981_07:25:00;309803.0;155273.0;bus
213829;0;1;131259.link:51278;175917.link:43827;24871;1622686;1622686_07:14:00;61333.0;124343.0;bus
11481;0;1;408803.link:67886;108734.link:33426;20910;1478232;1478232_07:18:00;379006.0;34271.0;bus
180843;0;1;126593.link:9365;175917.link:43827;24871;1622686;1622686_07:14:00;572234.0;124343.0;bus
71125;0;1;502603.link:13108;142101.link:61358;7883;1134964;731186_07:16:00;599727.0;598422.0;bus
15878;0;1;469740.link:32517;400083.link:26943;10278;855252;855252_07:12:00;120778.0;36053.0;bus
68974;0;1;120060.link:63078;452220.link:14575;14914;618201;708003_07:13:00;125808.0;301018.0;bus
206230;0;1;522611.link:64287;452220.link:14575;14914;618201;708003_07:13:00;313612.0;301018.0;bus
121836;0;1;126593.link:9365;175917.link:43827;24871;1622686;1622686_07:14:00;572234.0;124343.0;bus
272063;0;1;263407.link:45590;346745.link:7882;9292;236054;236054_07:06:00;156271.0;353008.0;bus
146871;0;1;180427.link:56504;87005.link:76353;10278;1014075;1311641_07:05:00;648007.0;284116.0;bus
44331;0;1;545887.link:66971;648929.link:42716;13373;62026;62026_07:30:00;587447.0;477437.0;bus
225834;0;3;406752.link:14642;160212.link:41776;12526;341182;845376_07:17:00;539706.0;378316.0;bus
25293;1;4;674159.link:33406;91877.link:29786;8390;98964;1488495_07:35:00;385007.0;221208.0;bus
223219;0;3;259129.link:21761;451458.link:67867;373;226990;226990_06:53:00;200976.0;115044.0;bus
273193;0;5;342114.link:27987;360448.link:34513;5503;204545;1018364_07:21:00;417625.0;96974.0;bus
274193;0;3;147812.link:56813;451458.link:67867;373;226990;226990_06:53:00;240045.0;115044.0;bus
79031;0;1;642972.link:19689;648929.link:42716;13373;62026;62026_07:30:00;470866.0;477437.0;bus
260589;0;1;160283.link:55404;505687.link:16009;13676;934178;96607_07:32:00;183818.0;420643.0;bus
255207;0;3;431060.link:16905;160212.link:41776;12526;341182;845376_07:17:00;601422.0;378316.0;bus
15290;0;1;506814.link:56413;284886.link:8717;23106;57185;195188_07:33:00;181821.0;19488.0;bus
70592;0;1;575489.link:74249;572907.link:44317;20612;92588;741777_07:16:00;523239.0;352212.0;bus
40357;0;1;279879.link:66702;53130.link:34435;9289;1673844;608361_07:15:00;311119.0;514801.0;bus
219016;0;1;179445.link:76674;53851.link:72263;3794;1343297;712820_07:24:00;111873.0;96974.0;bus
126269;0;3;170724.link:69001;106632.link:77253;21480;987021;875843_07:26:00;88902.0;666522.0;bus
271592;0;5;444375.link:9221;670907.link:29732;16059;1035645;1602979_07:31:00;520392.0;601422.0;rail
315760;0;1;674676.link:53743;280940.link:12479;18688;1638238;1638238_07:25:00;234841.0;91217.0;bus
209640;0;3;159131.link:26976;168132.link:22316;2556;1718517;1718517_07:15:00;384423.0;417625.0;rail
80922;0;1;618014.link:56449;367598.link:56070;373;226990;226990_06:53:00;584454.0;26842.0;bus
253766;0;1;275650.link:43723;168343.link:11400;13129;1714682;1714682_07:11:00;354504.0;568853.0;bus
122313;0;3;497590.link:40861;367598.link:56070;373;226990;226990_06:53:00;411474.0;26842.0;bus
290825;0;1;56558.link:12517;357088.link:41025;8390;891278;805896_07:36:00;377348.0;300257.0;bus
29607;0;1;338123.link:56812;441772.link:49192;13598;1422485;141506_07:33:00;240045.0;93008.0;bus
116905;0;1;284886.link:8717;367598.link:56070;373;226990;226990_06:53:00;19488.0;26842.0;bus
313220;0;1;199199.link:46517;367598.link:56070;373;226990;226990_06:53:00;664177.0;26842.0;bus
172228;0;3;605244.link:38904;507710.link:67422;7922;420390;1661726_07:32:00;655169.0;36305.0;rail
97963;0;1;497590.link:40861;367598.link:56070;373;226990;226990_06:53:00;411474.0;26842.0;bus
121637;0;1;347346.link:70878;367598.link:56070;373;226990;226990_06:53:00;329366.0;26842.0;bus
316924;0;1;275650.link:43723;168343.link:11400;13129;1714682;1714682_07:11:00;354504.0;568853.0;bus
79361;0;1;17805.link:33815;507710.link:59125;13668;749590;1295816_07:15:00;165879.0;36305.0;bus
267218;0;3;272376.link:56818;671499.link:74546;16784;348850;1359257_07:36:00;240045.0;593530.0;bus
233857;0;1;548386.link:22425;507710.link:59125;13668;749590;1295816_07:15:00;134700.0;36305.0;bus
69021;0;1;668428.link:81138;437042.link:35396;17075;172490;749552_07:21:00;36038.0;248401.0;bus
108181;0;1;245645.link:43398;9641.link:49135;7839;372860;1642757_07:01:00;99682.0;226748.0;bus
308587;0;1;270219.link:51861;292161.link:30412;18874;1450073;689377_07:11:00;10361.0;11977.0;bus
47284;0;1;410636.link:8131;671499.link:74546;16784;348850;1359257_07:36:00;224192.0;593530.0;bus
177742;0;1;280658.link:55226;280110.link:58223;20417;943853;199502_07:07:00;81231.0;189869.0;bus
101881;0;1;266131.link:55999;400083.link:26943;14604;1404386;1500383_06:54:00;407854.0;36053.0;bus
207142;0;3;477080.link:42860;479467.link:70734;7195;81719;1165377_07:38:00;240045.0;486154.0;rail
278376;0;1;569906.link:17281;277214.link:69591;18092;236536;1139986_07:26:00;549576.0;96062.0;bus
105980;0;1;590143.link:22892;277214.link:69591;18092;236536;1139986_07:26:00;38250.0;96062.0;bus
308364;0;1;395777.link:1585;473885.link:41760;18874;1272645;1272645_07:25:00;100649.0;43204.0;bus
218812;0;1;154878.link:1916;277214.link:69591;18092;236536;1139986_07:26:00;295305.0;96062.0;bus
155365;0;1;154878.link:1916;277214.link:69591;18092;236536;1139986_07:26:00;295305.0;96062.0;bus
86636;0;1;279879.link:66703;271923.link:13589;9289;1450231;1450231_07:14:00;311119.0;96974.0;bus
156578;0;1;154878.link:1916;277214.link:69591;18092;236536;1139986_07:26:00;295305.0;96062.0;bus
277639;0;1;49590.link:67568;271923.link:13589;9289;1450231;1450231_07:14:00;190940.0;96974.0;bus
328094;0;1;322467.link:71277;171481.link:31444;22781;277292;174288_07:06:00;831.0;560205.0;bus
75628;0;1;174588.link:39795;311917.link:39091;18874;1450073;689377_07:11:00;327757.0;590295.0;bus
104805;0;3;360448.link:67145;301262.link:61683;5503;1117701;945090_07:32:00;96974.0;263804.0;bus
302540;0;1;508789.link:75269;23798.link:64514;7989;1112936;1112936_07:21:00;370790.0;125808.0;bus
92121;0;1;582577.link:42721;661879.link:71517;12907;1051904;690534_07:29:00;337066.0;169742.0;bus
234418;0;1;404439.link:61994;505687.link:16009;8390;891278;805896_07:36:00;542439.0;420643.0;bus
290501;0;1;404439.link:61994;505687.link:16009;8390;891278;805896_07:36:00;542439.0;420643.0;bus
32662;0;1;624488.link:48404;533047.link:69586;24871;1622686;1622686_07:14:00;222519.0;534574.0;bus
267789;0;1;272376.link:56818;241030.link:64056;16784;348850;1359257_07:36:00;240045.0;496605.0;bus
92140;0;1;240065.link:19100;661879.link:71517;12907;1051904;690534_07:29:00;525746.0;169742.0;bus
39203;0;1;174588.link:39795;311917.link:39091;18874;1450073;689377_07:11:00;327757.0;590295.0;bus
241739;0;1;272376.link:56818;241030.link:64056;16784;348850;1359257_07:36:00;240045.0;496605.0;bus
71875;0;1;537242.link:41120;311917.link:39091;18874;1450073;689377_07:11:00;357296.0;590295.0;bus
103510;0;1;240065.link:19100;661879.link:71517;12907;1051904;690534_07:29:00;525746.0;169742.0;bus
305801;0;1;394673.link:40150;205912.link:49031;24871;659054;659054_07:14:00;616222.0;195798.0;bus
83432;0;1;629769.link:12501;662009.link:37849;16059;258178;369622_07:32:00;649912.0;96974.0;rail
124101;0;1;629769.link:12501;187458.link:51185;16059;262437;1072254_07:32:00;649912.0;417625.0;rail
28903;0;1;671499.link:74546;164416.link:29215;18309;1604018;1604018_07:00:00;593530.0;642971.0;bus
248367;0;1;114008.link:78407;321852.link:11396;7839;29708;637031_06:55:00;108286.0;543244.0;bus
92665;0;1;462215.link:pt_462215;662009.link:37849;16059;258178;369622_07:32:00;480693.0;96974.0;rail
132907;0;1;427482.link:49781;585269.link:9535;12526;889712;1596751_07:05:00;375043.0;309005.0;bus
289732;0;1;72504.link:66201;35730.link:5130;24134;1049961;1369740_07:28:00;493871.0;193210.0;bus
278229;0;1;49478.link:9292;662009.link:37849;16059;258178;369622_07:32:00;601422.0;96974.0;rail
334077;0;7;147812.link:56813;586600.link:13589;373;226990;226990_06:53:00;240045.0;96974.0;bus
38482;0;1;510267.link:69533;450501.link:43540;10278;200315;200315_07:22:00;160244.0;577786.0;bus
306733;0;3;497590.link:40861;586600.link:13589;373;226990;226990_06:53:00;411474.0;96974.0;bus
271565;0;3;147812.link:56813;586600.link:13589;373;226990;226990_06:53:00;240045.0;96974.0;bus
72182;0;1;79333.link:78175;321852.link:11396;7839;29708;637031_06:55:00;128946.0;543244.0;bus
85986;0;1;49478.link:9292;662009.link:37849;16059;258178;369622_07:32:00;601422.0;96974.0;rail
195245;0;5;360448.link:67145;307730.link:27984;5503;1117701;945090_07:32:00;96974.0;417625.0;bus
5253;0;1;640223.link:69066;298478.link:73390;5468;466755;1296358_07:29:00;211576.0;322793.0;bus
70564;0;3;69229.link:78978;226229.link:41479;16784;348850;1359257_07:36:00;612531.0;634585.0;bus
44558;0;1;117202.link:3185;164581.link:7540;18409;375227;801546_07:37:00;180112.0;151381.0;rail
70629;0;1;575489.link:74249;667976.link:10427;20612;92588;741777_07:16:00;523239.0;486154.0;bus
241365;0;1;270878.link:41494;226229.link:41479;16784;348850;1359257_07:36:00;598113.0;634585.0;bus
273193;0;7;243521.link:34508;595865.link:69580;22704;1295008;776150_07:40:00;96974.0;578598.0;bus
85751;0;3;615752.link:49168;667609.link:3442;9289;1673844;608361_07:15:00;226748.0;639853.0;bus
240626;0;1;425071.link:52566;97826.link:40862;17075;172490;749552_07:21:00;47388.0;411474.0;bus
162286;0;1;174588.link:39795;557401.link:54015;18874;1450073;689377_07:11:00;327757.0;6570.0;bus
118153;0;1;437042.link:35396;97826.link:40862;17075;172490;749552_07:21:00;248401.0;411474.0;bus
80993;0;1;411384.link:27533;97826.link:40862;17075;172490;749552_07:21:00;288417.0;411474.0;bus
36904;0;1;296717.link:4473;75902.link:63560;19170;1622255;115399_07:23:00;274413.0;447989.0;bus
22472;0;1;247714.link:49782;130572.link:14643;12526;341182;1326782_07:37:00;375043.0;539706.0;bus
122379;0;1;513061.link:43952;97826.link:40862;17075;172490;749552_07:21:00;254915.0;411474.0;bus
122298;0;1;198457.link:6833;97826.link:40862;17075;172490;749552_07:21:00;338841.0;411474.0;bus
93403;0;1;292123.link:2767;581508.link:54324;19170;593598;950737_07:29:00;282972.0;51975.0;bus
216047;0;1;270219.link:51861;557401.link:54015;18874;1450073;689377_07:11:00;10361.0;6570.0;bus
101919;0;1;597159.link:6878;97826.link:40862;17075;172490;749552_07:21:00;323659.0;411474.0;bus
58900;0;1;452012.link:28701;319084.link:39197;12526;341182;1326782_07:37:00;283477.0;337282.0;bus
91791;0;1;612734.link:15503;514565.link:14296;21480;915170;1599966_07:24:00;552925.0;485025.0;bus
85464;0;1;365736.link:67510;148862.link:48740;15259;1018570;1619258_07:34:00;593923.0;384423.0;bus
51745;0;1;241331.link:28093;592919.link:57648;23106;996655;474264_07:33:00;86363.0;21217.0;bus
22750;0;1;431060.link:16905;205779.link:64871;23536;137506;577167_07:38:00;601422.0;574412.0;bus
150254;0;3;441804.link:43830;635139.link:25290;23106;666145;610420_07:13:00;124343.0;609285.0;bus
305677;0;1;571590.link:54113;635139.link:25290;23106;666145;610420_07:13:00;320996.0;609285.0;bus
32866;0;1;124200.link:29556;349065.link:30543;23106;57185;195188_07:33:00;177990.0;504931.0;bus
116906;0;1;226229.link:44009;635139.link:25290;23106;666145;610420_07:13:00;634585.0;609285.0;bus
305772;0;3;441804.link:43830;635139.link:25290;23106;666145;610420_07:13:00;124343.0;609285.0;bus
10877;0;1;353106.link:57790;197854.link:15078;8390;98964;1488495_07:35:00;318802.0;655169.0;bus
106946;0;1;577543.link:49924;626591.link:60893;22560;890601;878693_07:07:00;21775.0;384423.0;bus
142772;0;1;582236.link:68442;56361.link:56858;7883;1422728;1422728_07:05:00;247897.0;240045.0;bus
84216;0;3;383361.link:77252;674010.link:69003;21480;915170;1599966_07:24:00;666522.0;91217.0;bus
93976;0;1;573498.link:14431;626591.link:60893;22560;890601;878693_07:07:00;225816.0;384423.0;bus
183428;0;1;270219.link:51861;182741.link:1584;18874;1450073;689377_07:11:00;10361.0;100649.0;bus
123658;0;3;263484.link:9534;674010.link:69003;21480;915170;1599966_07:24:00;309005.0;91217.0;bus
34068;0;1;7750.link:41757;319084.link:39197;12526;889712;1407879_07:25:00;378316.0;337282.0;bus
265864;0;1;283719.link:2035;56361.link:56858;7883;1422728;1422728_07:05:00;227097.0;240045.0;bus
129238;0;1;292095.link:40285;627970.link:14964;5773;1701556;2079_07:19:00;74433.0;240045.0;bus
117506;0;1;163231.link:28889;147812.link:56814;14820;67308;67308_06:50:00;320286.0;240045.0;bus
178694;0;1;556320.link:57190;147812.link:56814;14820;67308;67308_06:50:00;322361.0;240045.0;bus
8263;0;1;431060.link:16905;25396.link:67197;23536;137506;577167_07:38:00;601422.0;146752.0;bus
205320;0;1;536295.link:74022;147812.link:56814;14820;67308;67308_06:50:00;597954.0;240045.0;bus
97528;0;1;217848.link:8743;147812.link:56814;14820;67308;67308_06:50:00;322469.0;240045.0;bus
173141;0;1;480144.link:71674;147812.link:56814;14820;67308;67308_06:50:00;59713.0;240045.0;bus
243739;0;1;597281.link:2434;147812.link:56814;14820;67308;67308_06:50:00;125049.0;240045.0;bus
48386;0;1;163231.link:28889;147812.link:56814;14820;67308;67308_06:50:00;320286.0;240045.0;bus
156578;0;3;410688.link:10330;1339.link:42050;5468;698978;1523519_07:44:00;96974.0;41520.0;bus
105136;0;1;174380.link:56057;1339.link:42050;5468;698978;1523519_07:44:00;26842.0;41520.0;bus
246208;0;1;608103.link:6888;170659.link:56816;17075;172490;749552_07:21:00;326494.0;240045.0;bus
208383;0;1;668428.link:81138;170659.link:56816;17075;172490;749552_07:21:00;36038.0;240045.0;bus
317082;0;1;573498.link:14431;450501.link:12280;22560;890601;878693_07:07:00;225816.0;577786.0;bus
316663;0;1;573498.link:14431;450501.link:12280;22560;890601;878693_07:07:00;225816.0;577786.0;bus
209640;0;5;168132.link:22317;93976.link:28291;21991;1707385;1439994_07:44:00;417625.0;185600.0;rail
124101;0;3;168132.link:22317;93976.link:28291;21991;1707385;1439994_07:44:00;417625.0;185600.0;rail
17418;0;1;175917.link:43827;624488.link:48404;23106;996655;474264_07:33:00;124343.0;222519.0;bus
123638;0;5;410688.link:10330;600692.link:33104;22934;948975;712817_07:42:00;96974.0;554130.0;bus
150254;0;5;427545.link:1197;410671.link:31846;13644;199392;486990_07:45:00;466408.0;286063.0;bus
132125;0;1;454730.link:47076;4350.link:69084;9289;1137759;49338_07:19:00;234165.0;135122.0;bus
118283;0;1;164482.link:7328;577087.link:61137;10853;452468;452468_07:23:00;189237.0;496096.0;bus
34582;0;1;200037.link:29352;85026.link:11436;9289;1673844;608361_07:15:00;510956.0;144775.0;bus
19635;1;4;390861.link:26160;69916.link:45428;7839;372860;1642757_07:01:00;348366.0;141548.0;bus
126269;0;5;106632.link:77253;301262.link:61683;5503;1117701;1714311_07:42:00;666522.0;263804.0;bus
94561;0;3;369013.link:14825;263861.link:54325;19170;233783;1709082_07:40:00;560248.0;51975.0;bus
132912;0;3;369013.link:14825;263861.link:54325;19170;233783;1709082_07:40:00;560248.0;51975.0;bus
146565;0;1;257575.link:30379;577087.link:61137;10853;452468;452468_07:23:00;172645.0;496096.0;bus
54665;0;1;220865.link:33131;525923.link:31305;3583;138538;1169428_07:49:00;549576.0;652547.0;bus
120705;0;1;244640.link:20907;602275.link:53030;3299;483115;483115_06:58:00;103883.0;240045.0;bus
129385;0;3;609932.link:22133;1339.link:42050;1573;629509;629509_07:49:00;96974.0;41520.0;bus
266297;0;1;32871.link:45628;261002.link:31608;9292;236054;236054_07:06:00;78933.0;189869.0;bus
120719;0;1;244640.link:20907;602275.link:53030;3299;483115;483115_06:58:00;103883.0;240045.0;bus
73263;0;1;431476.link:8762;162037.link:66392;22934;948975;712817_07:42:00;494189.0;538556.0;bus
72500;0;1;575778.link:69591;525923.link:31305;3583;138538;1169428_07:49:00;96062.0;652547.0;bus
98880;0;1;90683.link:5059;602275.link:53030;3299;483115;483115_06:58:00;550394.0;240045.0;bus
243009;0;1;146301.link:44993;602275.link:53030;3299;483115;483115_06:58:00;611505.0;240045.0;bus
263512;0;1;384542.link:26594;72018.link:58788;22781;277292;174288_07:06:00;453079.0;208691.0;bus
56399;0;1;438297.link:7184;654069.link:7460;19170;593598;950737_07:29:00;185600.0;77599.0;bus
5430;1;4;623855.link:52612;493058.link:55974;22934;948975;712817_07:42:00;297737.0;549576.0;bus
65758;0;1;300892.link:78915;72018.link:58788;22781;277292;174288_07:06:00;300843.0;208691.0;bus
39203;0;3;629769.link:12501;49478.link:9292;16059;258178;1355565_07:52:00;649912.0;601422.0;rail
35381;1;4;394254.link:68698;595833.link:22861;3583;138538;1169428_07:49:00;455158.0;429552.0;bus
72976;0;1;32776.link:28570;274959.link:57777;3654;1426959;1426959_07:36:00;668987.0;196004.0;bus
36884;0;1;487853.link:74533;274959.link:57777;3654;1426959;1426959_07:36:00;98126.0;196004.0;bus
93237;0;1;410295.link:55715;526251.link:42051;5409;1451762;1451762_07:36:00;402724.0;41520.0;bus
35245;0;1;410295.link:55715;526251.link:42051;5409;1451762;1451762_07:36:00;402724.0;41520.0;bus
284790;0;1;275445.link:39198;486011.link:55512;12526;341182;1326782_07:37:00;337282.0;379758.0;bus
236172;0;1;300892.link:78915;611413.link:72769;22781;277292;174288_07:06:00;300843.0;210166.0;bus
248950;0;1;550946.link:6124;526251.link:42051;5409;1451762;1451762_07:36:00;323161.0;41520.0;bus
197276;0;1;41162.link:64840;227716.link:24297;21536;412987;498393_07:45:00;671895.0;377344.0;bus
246925;0;1;400083.link:26943;626591.link:60893;10278;855252;855252_07:12:00;36053.0;384423.0;bus
246877;0;1;400083.link:26943;626591.link:60893;10278;855252;855252_07:12:00;36053.0;384423.0;bus
89863;0;1;635458.link:52595;626591.link:60893;10278;855252;855252_07:12:00;55150.0;384423.0;bus
386894;0;1;434885.link:11740;435836.link:13589;7839;372860;1642757_07:01:00;536641.0;96974.0;bus
62383;0;1;615331.link:912;227716.link:24297;21536;412987;498393_07:45:00;590788.0;377344.0;bus
29476;0;1;488041.link:38504;311527.link:76935;23304;296562;670183_07:34:00;319123.0;42579.0;bus
62503;0;1;374122.link:71238;227716.link:24297;21536;412987;498393_07:45:00;180584.0;377344.0;bus
223378;0;1;365736.link:67510;626591.link:60893;10278;855252;855252_07:12:00;593923.0;384423.0;bus
218812;0;3;53851.link:61582;674010.link:69003;966;1482539;1646960_07:52:00;96974.0;91217.0;bus
274947;0;1;5303.link:14902;626591.link:60893;10278;855252;855252_07:12:00;481560.0;384423.0;bus
301195;0;1;609002.link:56505;626591.link:60893;10278;855252;855252_07:12:00;648007.0;384423.0;bus
77280;0;1;461813.link:6576;227716.link:24297;21536;412987;498393_07:45:00;482918.0;377344.0;bus
214997;0;1;400083.link:26943;626591.link:60893;10278;855252;855252_07:12:00;36053.0;384423.0;bus
29905;0;1;514721.link:4056;164416.link:29215;5773;1557431;1557431_07:52:00;68938.0;642971.0;bus
279383;0;1;53851.link:61582;674010.link:69003;966;1482539;1646960_07:52:00;96974.0;91217.0;bus
179095;0;3;31045.link:56813;626591.link:60893;10278;855252;855252_07:12:00;240045.0;384423.0;bus
82945;0;3;272212.link:72474;626591.link:60893;10278;855252;855252_07:12:00;266462.0;384423.0;bus
122294;0;3;272212.link:72474;626591.link:60893;10278;855252;855252_07:12:00;266462.0;384423.0;bus
117938;0;1;61917.link:35395;626591.link:60893;10278;855252;855252_07:12:00;248401.0;384423.0;bus
212142;0;1;551376.link:57137;650692.link:81557;20612;92588;741777_07:16:00;84551.0;240045.0;bus
307376;0;1;400083.link:26943;626591.link:60893;10278;855252;855252_07:12:00;36053.0;384423.0;bus
145461;0;1;230654.link:14036;626591.link:60893;10278;855252;855252_07:12:00;288417.0;384423.0;bus
233857;0;3;68703.link:67416;52441.link:38909;16604;1370580;1370580_07:43:00;36305.0;655169.0;rail
71779;0;1;465921.link:41184;172479.link:7444;12743;1180575;1180575_07:29:00;229384.0;491520.0;bus
128371;0;1;607389.link:54776;6776.link:11508;5409;1451762;1451762_07:36:00;640541.0;138454.0;bus
72024;0;1;182741.link:1584;172479.link:7444;12743;1180575;1180575_07:29:00;100649.0;491520.0;bus
4382;0;1;182741.link:1584;172479.link:7444;12743;1180575;1180575_07:29:00;100649.0;491520.0;bus
54416;0;1;552441.link:11507;667510.link:7573;5468;698978;1523519_07:44:00;138454.0;602778.0;bus
155365;0;3;53851.link:61582;385812.link:69583;966;1482539;1646960_07:52:00;96974.0;88902.0;bus
42671;0;1;652669.link:2580;51494.link:34113;13676;183404;1238829_07:31:00;576344.0;402482.0;bus
34459;0;1;274768.link:1255;172479.link:7444;12743;1180575;1180575_07:29:00;57489.0;491520.0;bus
299003;0;1;607682.link:73018;461781.link:47955;13598;1422485;141506_07:33:00;473203.0;354177.0;bus
318260;0;3;136857.link:51223;226796.link:47867;18688;400200;400200_07:53:00;96974.0;50190.0;bus
257430;0;3;136857.link:51223;226796.link:47867;18688;400200;400200_07:53:00;96974.0;50190.0;bus
306733;0;5;136857.link:51223;226796.link:47867;18688;400200;400200_07:53:00;96974.0;50190.0;bus
54129;0;1;247198.link:51995;517744.link:75574;18874;1272645;1272645_07:25:00;367059.0;453230.0;bus
277639;0;3;136857.link:51223;226796.link:47867;18688;400200;400200_07:53:00;96974.0;50190.0;bus
129454;0;3;136857.link:51223;226796.link:47867;18688;400200;400200_07:53:00;96974.0;50190.0;bus
334077;0;9;136857.link:51223;226796.link:47867;18688;400200;400200_07:53:00;96974.0;50190.0;bus
271565;0;5;136857.link:51223;226796.link:47867;18688;400200;400200_07:53:00;96974.0;50190.0;bus
68767;0;1;255506.link:57675;666536.link:16739;16784;348850;1359257_07:36:00;369954.0;588121.0;bus
38918;0;1;431060.link:16905;235859.link:28700;12526;889712;1407879_07:25:00;601422.0;283477.0;bus
86636;0;3;136857.link:51223;226796.link:47867;18688;400200;400200_07:53:00;96974.0;50190.0;bus
35116;0;1;514565.link:14296;26883.link:37515;966;1482539;1646960_07:52:00;485025.0;411153.0;bus
19214;0;1;16572.link:50141;502285.link:28749;3583;138538;1169428_07:49:00;307175.0;423090.0;bus
55359;0;1;514565.link:14296;26883.link:37515;966;1482539;1646960_07:52:00;485025.0;411153.0;bus
73960;0;1;131670.link:67791;432020.link:7446;3654;315610;315610_07:45:00;252486.0;155273.0;bus
72876;0;1;674010.link:69003;26883.link:37515;966;1482539;1646960_07:52:00;91217.0;411153.0;bus
42315;0;1;51494.link:34113;208901.link:53992;8390;98964;1488495_07:35:00;402482.0;503678.0;bus
248014;0;1;650649.link:53698;281348.link:41783;12526;889712;358666_07:45:00;294168.0;80511.0;bus
271592;0;7;49478.link:9292;462215.link:pt_462215;16059;258178;1355565_07:52:00;601422.0;480693.0;rail
255342;0;1;439004.link:79831;431060.link:16905;23536;137506;577167_07:38:00;379321.0;601422.0;bus
48710;0;1;514721.link:4056;199641.link:63095;5773;1557431;1557431_07:52:00;68938.0;534574.0;bus
126867;0;3;53851.link:61582;458433.link:24695;966;1482539;1646960_07:52:00;96974.0;413913.0;bus
251812;0;1;576717.link:70037;358836.link:7463;3654;1426959;1426959_07:36:00;25095.0;594422.0;bus
125513;0;1;514565.link:14296;458433.link:24695;966;1482539;1646960_07:52:00;485025.0;413913.0;bus
130628;0;3;53851.link:61582;458433.link:24695;966;1482539;1646960_07:52:00;96974.0;413913.0;bus
310939;1;4;385812.link:69583;458433.link:24695;966;1482539;1646960_07:52:00;88902.0;413913.0;bus
85986;0;3;572948.link:59411;174380.link:56057;13653;353804;424718_08:00:00;96974.0;26842.0;bus
181180;0;5;227726.link:55840;365105.link:22032;18309;1562263;1562263_07:47:00;79241.0;176002.0;bus
105445;0;1;53851.link:61582;458433.link:24695;966;1482539;1646960_07:52:00;96974.0;413913.0;bus
68674;0;1;627970.link:79468;199641.link:63095;5773;1557431;1557431_07:52:00;240045.0;534574.0;bus
32522;0;1;32477.link:75166;365105.link:22032;18309;1562263;1562263_07:47:00;364372.0;176002.0;bus
92905;0;1;53851.link:61582;458433.link:24695;966;1482539;1646960_07:52:00;96974.0;413913.0;bus
105980;0;3;53851.link:61582;458433.link:24695;966;1482539;1646960_07:52:00;96974.0;413913.0;bus
216732;0;1;257700.link:6228;92514.link:10101;12526;889712;358666_07:45:00;457764.0;157124.0;bus
92665;0;3;572948.link:59411;174380.link:56057;13653;353804;424718_08:00:00;96974.0;26842.0;bus
152578;0;1;257700.link:6228;92514.link:10101;12526;889712;358666_07:45:00;457764.0;157124.0;bus
278376;0;3;53851.link:61582;458433.link:24695;966;1482539;1646960_07:52:00;96974.0;413913.0;bus
15708;0;1;593737.link:35908;401928.link:80813;20612;705237;931744_07:56:00;168043.0;191428.0;bus
104371;0;1;514565.link:14296;458433.link:24695;966;1482539;1646960_07:52:00;485025.0;413913.0;bus
84245;0;1;26883.link:37515;458433.link:24695;966;1482539;1646960_07:52:00;411153.0;413913.0;bus
278229;0;3;572948.link:59411;174380.link:56057;13653;353804;424718_08:00:00;96974.0;26842.0;bus
250999;0;1;502285.link:28749;575778.link:69591;22934;948975;712817_07:42:00;423090.0;96062.0;bus
126219;0;1;502285.link:28749;575778.link:69591;22934;948975;712817_07:42:00;423090.0;96062.0;bus
83836;0;1;162037.link:66392;575778.link:69591;22934;948975;712817_07:42:00;538556.0;96062.0;bus
293221;0;1;611413.link:72769;649430.link:72758;22781;1484165;1484165_07:57:00;210166.0;257468.0;bus
222030;0;1;662199.link:4474;438297.link:7184;19170;1268747;1577409_07:49:00;274413.0;185600.0;bus
104601;0;1;502285.link:28749;575778.link:69591;22934;948975;712817_07:42:00;423090.0;96062.0;bus
221878;0;1;181758.link:38921;443516.link:52788;7725;534384;541372_07:45:00;309803.0;185600.0;bus
157770;0;1;662199.link:4474;438297.link:7184;19170;1268747;1577409_07:49:00;274413.0;185600.0;bus
221434;0;1;292095.link:40285;440295.link:38920;3654;315610;315610_07:45:00;74433.0;309803.0;bus
233171;0;1;652669.link:2580;103937.link:42910;8390;891278;805896_07:36:00;576344.0;292365.0;bus
69005;0;1;174849.link:41467;509895.link:4057;16784;348850;1359257_07:36:00;660767.0;68938.0;bus
251811;0;1;487853.link:74533;181758.link:38921;3654;1426959;1426959_07:36:00;98126.0;309803.0;bus
202382;0;1;611413.link:72769;299970.link:68366;22781;1484165;1484165_07:57:00;210166.0;94257.0;bus
279443;0;1;26883.link:37515;56602.link:16914;966;1482539;1646960_07:52:00;411153.0;571950.0;bus
79858;0;1;443701.link:55158;484637.link:68812;13668;1030855;1619015_07:44:00;266881.0;626868.0;bus
102975;0;1;19193.link:56352;7750.link:41757;12526;889712;358666_07:45:00;506856.0;378316.0;bus
71815;0;1;172479.link:7444;556527.link:54014;12743;1180575;1180575_07:29:00;491520.0;6570.0;bus
124101;0;5;438297.link:7184;50743.link:38930;3654;315610;315610_07:45:00;185600.0;594422.0;bus
236172;0;3;611413.link:72769;299970.link:68366;22781;1484165;1484165_07:57:00;210166.0;94257.0;bus
64187;0;1;642221.link:65911;308348.link:75993;24134;894861;982541_07:49:00;417150.0;614144.0;bus
42692;0;1;353106.link:76881;303852.link:43362;21446;1158378;1304000_07:35:00;318802.0;575578.0;bus
151914;0;1;14642.link:10128;271923.link:13589;9289;1137759;49338_07:19:00;30674.0;96974.0;bus
106946;0;3;159131.link:26976;662009.link:37849;11523;268929;268929_07:52:00;384423.0;96974.0;rail
272985;0;3;610783.link:11538;635139.link:25290;23106;57185;195188_07:33:00;79241.0;609285.0;bus
251757;0;3;610783.link:11538;635139.link:25290;23106;57185;195188_07:33:00;79241.0;609285.0;bus
213073;0;3;610783.link:11538;635139.link:25290;23106;57185;195188_07:33:00;79241.0;609285.0;bus
130709;0;1;159131.link:26976;662009.link:37849;11523;268929;268929_07:52:00;384423.0;96974.0;rail
251057;0;1;462215.link:pt_462215;662009.link:37849;16059;258178;1355565_07:52:00;480693.0;96974.0;rail
152520;0;1;63085.link:15521;344571.link:6227;12526;341182;1326782_07:37:00;404599.0;457764.0;bus
240440;0;1;164416.link:29215;427669.link:53446;5773;1557431;1557431_07:52:00;642971.0;544870.0;bus
52001;0;1;494384.link:41189;672350.link:45796;18626;1519494;324102_07:42:00;170529.0;150263.0;bus
73665;0;1;170724.link:69001;341623.link:6558;21480;987021;303324_07:46:00;88902.0;451556.0;bus
156539;0;1;462215.link:pt_462215;662009.link:37849;16059;258178;1355565_07:52:00;480693.0;96974.0;rail
283841;0;1;205779.link:64871;451977.link:30705;23536;137506;577167_07:38:00;574412.0;615173.0;bus
211683;0;1;70783.link:57224;672350.link:45796;18626;1519494;324102_07:42:00;300013.0;150263.0;bus
130363;0;1;612078.link:72051;662009.link:37849;11523;268929;268929_07:52:00;618524.0;96974.0;rail
245471;0;1;610783.link:11538;635139.link:25290;23106;57185;195188_07:33:00;79241.0;609285.0;bus
85464;0;3;159131.link:26976;662009.link:37849;11523;268929;268929_07:52:00;384423.0;96974.0;rail
93976;0;3;159131.link:26976;662009.link:37849;11523;268929;268929_07:52:00;384423.0;96974.0;rail
209640;0;7;443516.link:52789;593711.link:pt_593711;7725;1292611;1114847_07:55:00;185600.0;208143.0;bus
83582;0;1;612078.link:72051;662009.link:37849;11523;268929;268929_07:52:00;618524.0;96974.0;rail
187773;0;1;462215.link:pt_462215;662009.link:37849;16059;258178;1355565_07:52:00;480693.0;96974.0;rail
179221;0;1;70783.link:57224;672350.link:45796;18626;1519494;324102_07:42:00;300013.0;150263.0;bus
214103;0;1;450879.link:25946;672350.link:45796;18626;1519494;324102_07:42:00;639590.0;150263.0;bus
94763;0;3;159131.link:26976;662009.link:37849;11523;268929;268929_07:52:00;384423.0;96974.0;rail
8142;0;1;296256.link:20784;38049.link:76458;7839;372860;372860_07:47:00;19704.0;95392.0;bus
305801;0;3;276861.link:49024;477080.link:42859;7195;1396924;994044_07:50:00;195798.0;240045.0;rail
65138;0;1;117202.link:3185;164581.link:7540;18409;375227;823890_07:57:00;180112.0;151381.0;rail
209072;0;1;265920.link:52396;650692.link:81558;10853;452468;452468_07:23:00;384180.0;240045.0;bus
13148;0;1;117202.link:3185;164581.link:7540;18409;375227;823890_07:57:00;180112.0;151381.0;rail
116094;0;1;357877.link:56445;374497.link:56811;16784;348850;1359257_07:36:00;532962.0;240045.0;bus
40383;0;1;189718.link:36338;9641.link:49135;9289;1137759;1167695_07:39:00;514801.0;226748.0;bus
272832;0;1;283994.link:55177;477080.link:42859;7195;1396924;994044_07:50:00;589889.0;240045.0;rail
306054;0;1;276861.link:49024;477080.link:42859;7195;1396924;994044_07:50:00;195798.0;240045.0;rail
208504;0;1;291631.link:69649;427669.link:53446;23106;666145;666145_07:53:00;127783.0;544870.0;bus
172228;0;5;507710.link:59124;380787.link:33356;13668;1030855;1619015_07:44:00;36305.0;237786.0;bus
69075;0;1;33133.link:47954;120060.link:63078;14914;618201;314057_07:53:00;354177.0;125808.0;bus
324759;0;1;205692.link:24298;41162.link:49389;21536;933989;667816_07:50:00;377344.0;671895.0;bus
259820;0;1;374122.link:71238;41162.link:49389;21536;933989;667816_07:50:00;180584.0;671895.0;bus
327953;0;1;245802.link:76727;419750.link:28873;5185;843437;4820_07:49:00;341069.0;463521.0;bus
208383;0;3;650692.link:81558;416289.link:33806;20612;125244;472891_08:02:00;240045.0;441005.0;bus
128730;0;1;53851.link:61582;280940.link:12479;3794;1432724;1432724_08:00:00;96974.0;91217.0;bus
89330;0;1;462945.link:17668;342114.link:50463;3280;870654;1267080_07:35:00;467128.0;417625.0;bus
53536;0;1;63085.link:15521;319084.link:39197;12526;341182;341182_07:57:00;404599.0;337282.0;bus
38967;0;1;452012.link:28701;319084.link:39197;12526;341182;341182_07:57:00;283477.0;337282.0;bus
324949;0;1;560699.link:17191;180543.link:77801;21536;933989;667816_07:50:00;130860.0;646015.0;bus
305677;0;3;635139.link:25290;360448.link:34513;5503;204545;1257119_07:51:00;609285.0;96974.0;bus
230501;0;1;589121.link:76919;180543.link:77801;21536;933989;667816_07:50:00;576695.0;646015.0;bus
8295;0;1;181015.link:29842;319084.link:39197;12526;341182;341182_07:57:00;562977.0;337282.0;bus
305772;0;5;444375.link:9221;657926.link:12503;16059;1025840;1025840_07:51:00;520392.0;649912.0;rail
53622;0;1;63085.link:15521;319084.link:39197;12526;341182;341182_07:57:00;404599.0;337282.0;bus
101801;0;1;425511.link:32333;478729.link:61345;14604;1185324;1185324_07:45:00;204740.0;260688.0;bus
77748;0;1;428905.link:57693;371822.link:58019;21446;1000069;832424_08:06:00;105314.0;364587.0;bus
104491;0;1;143123.link:53399;575778.link:69591;3583;138538;1169428_07:49:00;48879.0;96062.0;bus
47408;0;1;290009.link:58679;199641.link:63095;23304;296562;670183_07:34:00;664587.0;534574.0;bus
128714;0;1;502285.link:28749;575778.link:69591;3583;138538;1169428_07:49:00;423090.0;96062.0;bus
19338;0;1;3829.link:71452;170724.link:69001;21480;987021;982786_08:06:00;440011.0;88902.0;bus
258544;0;1;319285.link:42689;254705.link:22606;13245;460649;1704538_07:54:00;253948.0;262138.0;bus
84189;0;1;199199.link:46517;277214.link:69591;18092;841381;1176063_07:55:00;664177.0;96062.0;bus
315760;0;3;280940.link:12479;604741.link:39762;3794;1432724;1432724_08:00:00;91217.0;617326.0;bus
10945;0;1;505687.link:16009;652669.link:2579;13676;1154013;1418930_08:02:00;420643.0;576344.0;bus
311310;0;1;590143.link:22892;277214.link:69591;18092;841381;1176063_07:55:00;38250.0;96062.0;bus
251374;0;1;332338.link:47612;277214.link:69591;18092;841381;1176063_07:55:00;202857.0;96062.0;bus
236339;0;1;611413.link:72769;507710.link:59125;22781;1484165;1484165_07:57:00;210166.0;36305.0;bus
120315;0;1;70783.link:57224;503466.link:56231;18626;1519494;324102_07:42:00;300013.0;547657.0;bus
131809;0;1;450501.link:43537;148862.link:48741;22560;1621047;231255_08:08:00;577786.0;384423.0;bus
223219;0;5;451458.link:67867;266755.link:44503;13653;353804;424718_08:00:00;115044.0;164179.0;bus
121982;0;1;604019.link:26168;503466.link:56231;18626;1519494;324102_07:42:00;198859.0;547657.0;bus
176165;0;1;69229.link:78978;334745.link:68385;24492;1183977;1183977_07:33:00;612531.0;369954.0;bus
107457;0;1;450501.link:43537;148862.link:48741;22560;1621047;231255_08:08:00;577786.0;384423.0;bus
38279;0;1;450501.link:43537;148862.link:48741;22560;1621047;231255_08:08:00;577786.0;384423.0;bus
63006;0;1;56558.link:12517;199449.link:45209;8390;1211691;1510577_08:06:00;377348.0;503678.0;bus
162275;0;3;87198.link:26379;568865.link:59661;23536;137506;577167_07:38:00;298776.0;206381.0;bus
84633;0;1;650646.link:71581;53851.link:72263;966;1482539;1646960_07:52:00;304763.0;96974.0;bus
162286;0;3;557401.link:54015;431060.link:16905;12526;889712;358666_07:45:00;6570.0;601422.0;bus
53459;0;1;421041.link:64823;557401.link:54015;12526;889712;1642427_08:05:00;541373.0;6570.0;bus
232348;0;1;674159.link:33406;420480.link:79707;8390;98964;1535550_08:05:00;385007.0;570415.0;bus
83545;0;3;514565.link:14296;593729.link:46549;3794;1432724;1432724_08:00:00;485025.0;93016.0;bus
284973;0;1;37852.link:26378;348244.link:54330;19170;1622255;1286636_08:03:00;298776.0;483239.0;bus
91791;0;3;514565.link:14296;593729.link:46549;3794;1432724;1432724_08:00:00;485025.0;93016.0;bus
213829;0;3;441804.link:43830;322056.link:77270;23106;666145;666145_07:53:00;124343.0;582085.0;bus
56181;0;1;593729.link:46548;168368.link:59825;3794;1343297;1231730_08:12:00;93016.0;367862.0;bus
222030;0;3;136398.link:28292;168132.link:22316;21991;1288999;114484_08:08:00;185600.0;417625.0;rail
101527;0;1;441804.link:43830;322056.link:77270;23106;666145;666145_07:53:00;124343.0;582085.0;bus
157770;0;3;136398.link:28292;168132.link:22316;21991;1288999;114484_08:08:00;185600.0;417625.0;rail
180843;0;3;441804.link:43830;322056.link:77270;23106;666145;666145_07:53:00;124343.0;582085.0;bus
98533;0;1;669574.link:63088;565376.link:63056;13598;188735;1402547_08:05:00;648074.0;496096.0;bus
112166;0;1;559287.link:18767;72504.link:66201;13676;183404;244343_08:01:00;581830.0;493871.0;bus
156595;0;1;204745.link:51547;628441.link:5324;13951;911207;1460532_08:01:00;80173.0;486173.0;bus
221878;0;3;136398.link:28292;168132.link:22316;21991;1288999;114484_08:08:00;185600.0;417625.0;rail
121836;0;3;441804.link:43830;322056.link:77270;23106;666145;666145_07:53:00;124343.0;582085.0;bus
117238;0;1;514721.link:4056;113458.link:29895;5773;1557431;1557431_07:52:00;68938.0;532129.0;bus
190720;0;5;572948.link:59411;252066.link:39437;13653;353804;424718_08:00:00;96974.0;437654.0;bus
133557;0;1;37852.link:26378;438297.link:7184;19170;1622255;1286636_08:03:00;298776.0;185600.0;bus
76442;0;1;193313.link:71959;398674.link:14405;7839;29708;29708_07:55:00;416475.0;395083.0;bus
84952;0;1;440295.link:38920;577636.link:30175;3654;315610;315610_07:45:00;309803.0;339906.0;bus
106496;0;1;50743.link:38930;577636.link:30175;3654;315610;315610_07:45:00;594422.0;339906.0;bus
79361;0;3;507710.link:59125;416817.link:59658;22781;1484165;1484165_07:57:00;36305.0;532736.0;bus
233857;0;5;363777.link:15060;381402.link:55116;22781;277292;965369_08:06:00;655169.0;253317.0;bus
219082;0;1;449030.link:27574;451458.link:67867;3578;627819;258438_08:10:00;315773.0;115044.0;bus
174998;0;3;31045.link:56813;17865.link:52583;10278;546534;152151_08:10:00;240045.0;581234.0;bus
68320;0;1;215378.link:52507;452220.link:14575;14914;618201;314057_07:53:00;201276.0;301018.0;bus
72796;0;1;539881.link:61627;451458.link:67867;3578;627819;258438_08:10:00;140551.0;115044.0;bus
284920;0;1;406752.link:14642;486011.link:55512;12526;341182;341182_07:57:00;539706.0;379758.0;bus
148201;0;1;154373.link:59317;95048.link:15804;9292;1476362;1581388_08:10:00;547347.0;320850.0;bus
68321;0;1;365848.link:56450;531564.link:74549;23106;1288234;1323996_07:53:00;584454.0;19488.0;bus
145424;0;3;31045.link:56813;61917.link:35395;10278;546534;152151_08:10:00;240045.0;248401.0;bus
244228;0;1;569984.link:45954;346745.link:7882;9292;1476362;1581388_08:10:00;239517.0;353008.0;bus
118283;0;3;120060.link:15713;89375.link:18799;5773;1557431;1557431_07:52:00;125808.0;41137.0;bus
70182;0;1;503466.link:56231;346745.link:44226;7883;563541;793661_08:13:00;547657.0;353008.0;bus
295331;0;1;600059.link:80717;286529.link:22628;24400;910485;933102_08:11:00;37980.0;675018.0;bus
243739;0;3;627970.link:79468;89375.link:18799;5773;1557431;1557431_07:52:00;240045.0;41137.0;bus
117966;0;1;199641.link:63095;89375.link:18799;5773;1557431;1557431_07:52:00;534574.0;41137.0;bus
302540;0;3;120060.link:15713;89375.link:18799;5773;1557431;1557431_07:52:00;125808.0;41137.0;bus
272977;0;3;627970.link:79468;89375.link:18799;5773;1557431;1557431_07:52:00;240045.0;41137.0;bus
271553;0;1;263407.link:45591;346745.link:7882;9292;1476362;1581388_08:10:00;156271.0;353008.0;bus
121465;0;1;113458.link:29895;89375.link:18799;5773;1557431;1557431_07:52:00;532129.0;41137.0;bus
244066;0;1;263407.link:45591;346745.link:7882;9292;1476362;1581388_08:10:00;156271.0;353008.0;bus
90905;0;1;263407.link:45591;346745.link:7882;9292;1476362;1581388_08:10:00;156271.0;353008.0;bus
41785;0;1;41162.link:64840;651563.link:10115;2645;244708;244708_08:05:00;671895.0;210209.0;bus
106946;0;5;662009.link:37848;451543.link:pt_451543;16059;11302;11302_08:14:00;96974.0;480693.0;rail
175687;0;1;147812.link:56813;347116.link:11544;373;1182068;1536045_08:10:00;240045.0;106287.0;bus
290668;0;1;404880.link:15084;52441.link:15082;21446;1158378;800033_08:05:00;624003.0;655169.0;bus
212142;0;3;147812.link:56813;347116.link:11544;373;1182068;1536045_08:10:00;240045.0;106287.0;bus
29624;0;1;416289.link:33806;538928.link:50625;13598;1422485;1120225_08:13:00;441005.0;539377.0;bus
81298;0;1;86921.link:67313;89375.link:18799;5773;1557431;1557431_07:52:00;589200.0;41137.0;bus
108212;0;1;435758.link:27709;654069.link:7460;3654;1426959;1426959_07:36:00;483239.0;77599.0;bus
85544;0;1;160607.link:48741;474259.link:60507;10278;1014075;323566_08:05:00;384423.0;266462.0;bus
133662;0;3;586600.link:13573;220865.link:33131;373;1114137;1326985_08:10:00;96974.0;549576.0;bus
116056;0;1;31045.link:56813;22861.link:26546;10278;546534;152151_08:10:00;240045.0;502007.0;bus
130363;0;3;410688.link:10330;552441.link:11507;5468;698978;545872_08:14:00;96974.0;138454.0;bus
253241;0;1;69473.link:79402;367598.link:56070;13951;911207;1460532_08:01:00;279185.0;26842.0;bus
104411;0;1;484547.link:72867;181806.link:73428;10977;836938;1023171_08:01:00;506935.0;619060.0;bus
93976;0;5;410688.link:10330;552441.link:11507;5468;698978;545872_08:14:00;96974.0;138454.0;bus
85464;0;5;410688.link:10330;552441.link:11507;5468;698978;545872_08:14:00;96974.0;138454.0;bus
156717;0;1;359245.link:33650;367598.link:56070;10977;836938;1023171_08:01:00;541588.0;26842.0;bus
129430;0;1;358836.link:7463;205669.link:74749;7725;534384;890186_08:05:00;594422.0;252486.0;bus
177742;0;3;343995.link:30011;212567.link:53659;22858;1686597;1686597_08:07:00;189869.0;41128.0;rail
135269;0;1;9641.link:49135;367598.link:56070;9289;1137759;1167695_07:39:00;226748.0;26842.0;bus
76440;0;1;486730.link:7214;398674.link:14404;7839;372860;372860_07:47:00;412538.0;395083.0;bus
43591;0;1;300109.link:31447;672378.link:56528;22781;1484165;1484165_07:57:00;560205.0;188440.0;bus
367786;0;1;258844.link:65947;19720.link:78956;13668;749590;981172_08:15:00;287685.0;626868.0;bus
92277;0;1;87070.link:39761;217917.link:12476;3794;1343297;1231730_08:12:00;617326.0;91217.0;bus
45339;0;1;499961.link:58056;19720.link:78956;13668;749590;981172_08:15:00;437353.0;626868.0;bus
66417;0;1;499961.link:58056;19720.link:78956;13668;749590;981172_08:15:00;437353.0;626868.0;bus
276137;0;1;275922.link:15332;545209.link:15585;18874;446460;1310430_08:14:00;637634.0;88225.0;bus
94763;0;5;410688.link:10330;1339.link:42050;5468;698978;545872_08:14:00;96974.0;41520.0;bus
184973;0;1;539881.link:61627;572948.link:1329;3578;627819;258438_08:10:00;140551.0;96974.0;bus
195250;0;3;586600.link:13573;434968.link:22860;373;1114137;1326985_08:10:00;96974.0;429552.0;bus
73751;0;1;13410.link:40286;431060.link:16906;3654;1426959;1426959_07:36:00;74433.0;601422.0;bus
96534;0;1;611413.link:72769;421369.link:16375;22781;1484165;1484165_07:57:00;210166.0;107089.0;bus
120519;0;3;627970.link:79468;443516.link:52788;5773;1557431;1557431_07:52:00;240045.0;185600.0;bus
178694;0;3;627970.link:79468;443516.link:52788;5773;1557431;1557431_07:52:00;240045.0;185600.0;bus
47342;0;1;69229.link:78978;452220.link:14574;13598;1422485;1120225_08:13:00;612531.0;301018.0;bus
129355;0;1;181758.link:38921;431060.link:16906;3654;1426959;1426959_07:36:00;309803.0;601422.0;bus
93299;0;1;364639.link:29891;443516.link:52788;5773;1557431;1557431_07:52:00;362509.0;185600.0;bus
246208;0;3;627970.link:79468;443516.link:52788;5773;1557431;1557431_07:52:00;240045.0;185600.0;bus
179927;0;1;564788.link:44312;419256.link:11422;20612;125244;472891_08:02:00;589889.0;84755.0;bus
319583;0;1;435758.link:27709;431060.link:16906;3654;1426959;1426959_07:36:00;483239.0;601422.0;bus
655;0;1;416289.link:33806;452220.link:14574;13598;1422485;1120225_08:13:00;441005.0;301018.0;bus
106405;0;1;364639.link:29891;443516.link:52788;5773;1557431;1557431_07:52:00;362509.0;185600.0;bus
284619;0;1;340612.link:24587;431060.link:16906;3654;1426959;1426959_07:36:00;171387.0;601422.0;bus
81103;0;1;164416.link:29215;443516.link:52788;5773;1557431;1557431_07:52:00;642971.0;185600.0;bus
146565;0;3;120060.link:15713;443516.link:52788;5773;1557431;1557431_07:52:00;125808.0;185600.0;bus
179095;0;5;148862.link:48741;476650.link:72614;22560;1621047;231255_08:08:00;384423.0;668146.0;bus
13844;0;1;543074.link:78446;69692.link:39870;24400;910485;933102_08:11:00;624391.0;607814.0;bus
154959;0;1;271923.link:12230;523789.link:69083;9289;1673844;251082_08:15:00;96974.0;135122.0;bus
204564;0;1;543074.link:78446;69692.link:39870;24400;910485;933102_08:11:00;624391.0;607814.0;bus
126219;0;3;53851.link:61582;674010.link:69003;966;9465;626257_08:17:00;96974.0;91217.0;bus
130709;0;3;662009.link:37848;240548.link:9293;16059;11302;11302_08:14:00;96974.0;601422.0;rail
145129;0;1;477080.link:42860;479467.link:70734;7195;81719;1678957_08:18:00;240045.0;486154.0;rail
35133;0;1;185197.link:8939;523789.link:69083;9289;1673844;251082_08:15:00;603484.0;135122.0;bus
77605;0;1;352534.link:10211;275347.link:15987;20412;1345957;1345957_08:15:00;671973.0;193.0;bus
253754;0;1;101206.link:4812;626591.link:60894;15259;1220406;1161112_07:55:00;186346.0;384423.0;bus
2262;0;1;415431.link:13254;578490.link:43429;7989;1724492;480377_08:10:00;121642.0;328202.0;bus
130820;0;1;365736.link:67510;626591.link:60894;15259;1220406;1161112_07:55:00;593923.0;384423.0;bus
35077;0;1;558111.link:42627;604336.link:1152;3583;138538;933879_08:18:00;303334.0;206977.0;bus
16313;0;1;415431.link:13254;578490.link:43429;7989;1724492;480377_08:10:00;121642.0;328202.0;bus
32769;0;1;610783.link:11538;349065.link:30543;373;1182068;1536045_08:10:00;79241.0;504931.0;bus
103076;0;1;7750.link:41757;585269.link:9535;12526;889712;358666_07:45:00;378316.0;309005.0;bus
101696;0;1;276861.link:49024;477080.link:42859;7195;774173;224418_08:10:00;195798.0;240045.0;rail
145838;0;1;155742.link:49193;143091.link:56819;14914;618201;314057_07:53:00;93008.0;240045.0;bus
108231;0;1;235859.link:28700;585269.link:9535;12526;889712;358666_07:45:00;283477.0;309005.0;bus
10700;0;1;132189.link:17140;339592.link:17224;21536;933989;188725_08:20:00;403484.0;176484.0;bus
185997;0;1;462215.link:pt_462215;662009.link:37849;16059;258178;1038451_08:12:00;480693.0;96974.0;rail
6586;0;1;476038.link:2766;296717.link:4473;19170;1622255;1286636_08:03:00;282972.0;274413.0;bus
10346;0;1;452808.link:46185;615331.link:912;21536;1062401;1062401_07:59:00;485397.0;590788.0;bus
223378;0;3;626591.link:60893;58756.link:58682;18695;1520145;750250_08:23:00;384423.0;1207.0;bus
84633;0;3;360448.link:67145;307730.link:27984;5503;1117701;263689_08:12:00;96974.0;417625.0;bus
14;0;1;118829.link:40792;506998.link:58418;7883;1134964;1038840_08:16:00;223660.0;494077.0;bus
52528;0;1;459090.link:52317;14928.link:70219;10278;1014075;323566_08:05:00;120865.0;36053.0;bus
129586;0;1;292123.link:2767;581508.link:54324;19170;593598;856468_08:09:00;282972.0;51975.0;bus
162286;0;5;431060.link:16905;212447.link:24613;19170;233783;1415532_08:20:00;601422.0;150917.0;bus
81298;0;3;89375.link:18799;581508.link:54324;19170;593598;856468_08:09:00;41137.0;51975.0;bus
121465;0;3;89375.link:18799;581508.link:54324;19170;593598;856468_08:09:00;41137.0;51975.0;bus
117966;0;3;89375.link:18799;581508.link:54324;19170;593598;856468_08:09:00;41137.0;51975.0;bus
118283;0;5;89375.link:18799;581508.link:54324;19170;593598;856468_08:09:00;41137.0;51975.0;bus
157770;0;5;342114.link:27987;258602.link:37842;5503;204545;1632197_08:21:00;417625.0;646696.0;bus
337306;0;1;399963.link:37927;283994.link:55178;7195;81719;1678957_08:18:00;42579.0;589889.0;rail
52409;0;1;459090.link:52317;14928.link:70219;10278;1014075;323566_08:05:00;120865.0;36053.0;bus
106527;0;1;13000.link:59749;581508.link:54324;19170;593598;856468_08:09:00;578286.0;51975.0;bus
92425;0;1;165921.link:54405;451458.link:67867;13653;134833;1422207_08:15:00;243828.0;115044.0;bus
132080;0;1;296256.link:20784;9641.link:49135;7839;372860;372860_07:47:00;19704.0;226748.0;bus
256584;0;1;142503.link:52634;64337.link:66103;18688;400200;400200_07:53:00;586561.0;354561.0;bus
94561;0;5;581508.link:54324;514565.link:14296;21480;915170;339922_08:04:00;51975.0;485025.0;bus
279331;0;1;184782.link:44499;451458.link:67867;13653;134833;1422207_08:15:00;625137.0;115044.0;bus
23676;0;1;326401.link:43135;9641.link:49135;7839;372860;372860_07:47:00;41075.0;226748.0;bus
116906;0;3;444375.link:9221;191619.link:15731;2556;1411644;252958_08:16:00;520392.0;96974.0;rail
83380;0;1;612734.link:15503;514565.link:14296;21480;915170;339922_08:04:00;552925.0;485025.0;bus
8206;0;1;45335.link:17521;629179.link:77159;23536;586760;459879_08:20:00;366131.0;564417.0;bus
251757;0;5;444375.link:9221;657926.link:12503;16059;1025840;1063385_08:11:00;520392.0;649912.0;rail
114242;0;1;499961.link:58057;227716.link:24297;21536;1062401;1062401_07:59:00;437353.0;377344.0;bus
132907;0;3;263484.link:9534;514565.link:14296;21480;915170;339922_08:04:00;309005.0;485025.0;bus
89330;0;3;342114.link:27987;360448.link:34513;5503;204545;1280355_08:11:00;417625.0;96974.0;bus
245471;0;3;444375.link:9221;191619.link:15731;2556;1411644;252958_08:16:00;520392.0;96974.0;rail
213073;0;5;444375.link:9221;657926.link:12503;16059;1025840;1063385_08:11:00;520392.0;649912.0;rail
83582;0;3;662009.link:37848;657926.link:12503;16059;11302;11302_08:14:00;96974.0;649912.0;rail
272985;0;5;444375.link:9221;191619.link:15731;2556;1411644;252958_08:16:00;520392.0;96974.0;rail
162468;0;1;594887.link:52633;64337.link:66103;18688;400200;400200_07:53:00;586561.0;354561.0;bus
83612;0;1;585367.link:32710;9641.link:49135;7839;372860;372860_07:47:00;475179.0;226748.0;bus
268842;0;1;141099.link:1625;167010.link:6994;24492;1183977;1183977_07:33:00;392024.0;428970.0;bus
283432;0;1;245645.link:43398;9641.link:49135;7839;372860;372860_07:47:00;99682.0;226748.0;bus
191766;0;1;292016.link:11389;9641.link:49135;7839;372860;372860_07:47:00;648867.0;226748.0;bus
41702;0;1;461813.link:6576;227716.link:24297;21536;1062401;1062401_07:59:00;482918.0;377344.0;bus
2257;0;1;598486.link:80576;544686.link:75272;7989;1724492;480377_08:10:00;110772.0;370790.0;bus
187349;0;1;126802.link:1620;572948.link:1330;13653;134833;1422207_08:15:00;436335.0;96974.0;bus
80507;0;1;183110.link:45617;346745.link:31670;9292;915395;915395_08:08:00;91713.0;353008.0;bus
120637;0;1;272425.link:32123;249227.link:45359;20612;705237;931744_07:56:00;456204.0;319123.0;bus
104645;0;1;126802.link:1620;572948.link:1330;13653;134833;1422207_08:15:00;436335.0;96974.0;bus
302540;0;5;157324.link:15495;161153.link:pt_161153;19170;1622255;1286636_08:03:00;41137.0;247666.0;bus
186058;0;1;126802.link:1620;367598.link:56070;13653;134833;1422207_08:15:00;436335.0;26842.0;bus
278602;0;1;184782.link:44499;367598.link:56070;13653;134833;1422207_08:15:00;625137.0;26842.0;bus
124932;0;1;165921.link:54405;572948.link:1330;13653;134833;1422207_08:15:00;243828.0;96974.0;bus
106331;0;1;50743.link:38930;586600.link:13589;3654;315610;315610_07:45:00;594422.0;96974.0;bus
246877;0;3;159131.link:26976;662009.link:37849;10939;335776;335776_08:18:00;384423.0;96974.0;rail
285452;0;1;639056.link:59930;441026.link:48180;1573;707552;707552_08:21:00;409990.0;125714.0;bus
287454;0;1;588652.link:55411;271856.link:42363;24400;910485;933102_08:11:00;219604.0;326505.0;bus
227328;0;1;639056.link:59930;441026.link:48180;1573;707552;707552_08:21:00;409990.0;125714.0;bus
145461;0;3;159131.link:26976;662009.link:37849;10939;335776;335776_08:18:00;384423.0;96974.0;rail
274947;0;3;159131.link:26976;662009.link:37849;10939;335776;335776_08:18:00;384423.0;96974.0;rail
246925;0;3;159131.link:26976;662009.link:37849;10939;335776;335776_08:18:00;384423.0;96974.0;rail
279995;0;1;142575.link:14866;674010.link:69003;21480;915170;339922_08:04:00;451556.0;91217.0;bus
94238;0;1;581508.link:54324;674010.link:69003;21480;915170;339922_08:04:00;51975.0;91217.0;bus
307376;0;3;159131.link:26976;662009.link:37849;10939;335776;335776_08:18:00;384423.0;96974.0;rail
301195;0;3;159131.link:26976;662009.link:37849;10939;335776;335776_08:18:00;384423.0;96974.0;rail
93403;0;3;581508.link:54324;674010.link:69003;21480;915170;339922_08:04:00;51975.0;91217.0;bus
82945;0;5;159131.link:26976;662009.link:37849;10939;335776;335776_08:18:00;384423.0;96974.0;rail
89863;0;3;159131.link:26976;662009.link:37849;10939;335776;335776_08:18:00;384423.0;96974.0;rail
74450;0;1;454776.link:48677;46109.link:48727;22560;1621047;231255_08:08:00;410175.0;611303.0;bus
117938;0;3;159131.link:26976;662009.link:37849;10939;335776;335776_08:18:00;384423.0;96974.0;rail
214997;0;3;159131.link:26976;662009.link:37849;10939;335776;335776_08:18:00;384423.0;96974.0;rail
131809;0;3;159131.link:26976;662009.link:37849;10939;335776;335776_08:18:00;384423.0;96974.0;rail
107457;0;3;159131.link:26976;662009.link:37849;10939;335776;335776_08:18:00;384423.0;96974.0;rail
243739;0;5;157324.link:15495;342731.link:11244;19170;1622255;1286636_08:03:00;41137.0;33445.0;bus
40946;0;1;588652.link:55411;271856.link:42363;24400;910485;933102_08:11:00;219604.0;326505.0;bus
157021;0;1;270791.link:6121;410688.link:34513;5468;466755;466755_07:59:00;323161.0;96974.0;bus
85544;0;3;272212.link:72474;522117.link:48296;17075;1674519;1674519_08:25:00;266462.0;419235.0;bus
57525;0;1;80135.link:37499;46109.link:48727;22560;1621047;231255_08:08:00;216781.0;611303.0;bus
132912;0;5;581508.link:54324;674010.link:69003;21480;915170;339922_08:04:00;51975.0;91217.0;bus
122294;0;5;159131.link:26976;662009.link:37849;10939;335776;335776_08:18:00;384423.0;96974.0;rail
128858;0;1;514565.link:14296;458433.link:24695;966;9465;626257_08:17:00;485025.0;413913.0;bus
17013;0;1;164802.link:52341;253925.link:25513;12701;1014337;378298_08:15:00;414485.0;109682.0;bus
255342;0;3;431060.link:16905;240701.link:60793;19170;233783;1415532_08:20:00;601422.0;610144.0;bus
104601;0;3;53851.link:61582;458433.link:24695;966;9465;626257_08:17:00;96974.0;413913.0;bus
250999;0;3;53851.link:61582;458433.link:24695;966;9465;626257_08:17:00;96974.0;413913.0;bus
278066;0;1;53851.link:61582;458433.link:24695;966;9465;626257_08:17:00;96974.0;413913.0;bus
83836;0;3;53851.link:61582;458433.link:24695;966;9465;626257_08:17:00;96974.0;413913.0;bus
156539;0;3;604219.link:59410;71004.link:21477;13951;911207;1460532_08:01:00;96974.0;320472.0;bus
284973;0;3;435758.link:27709;240701.link:60793;19170;593598;856468_08:09:00;483239.0;610144.0;bus
305677;0;5;53851.link:61582;458433.link:24695;966;9465;626257_08:17:00;96974.0;413913.0;bus
426608;0;1;3829.link:76625;458433.link:24695;966;9465;626257_08:17:00;440011.0;413913.0;bus
128714;0;3;53851.link:61582;458433.link:24695;966;9465;626257_08:17:00;96974.0;413913.0;bus
84189;0;3;53851.link:61582;458433.link:24695;966;9465;626257_08:17:00;96974.0;413913.0;bus
311310;0;3;53851.link:61582;458433.link:24695;966;9465;626257_08:17:00;96974.0;413913.0;bus
251374;0;3;53851.link:61582;458433.link:24695;966;9465;626257_08:17:00;96974.0;413913.0;bus
104314;0;1;53851.link:61582;458433.link:24695;966;9465;626257_08:17:00;96974.0;413913.0;bus
105635;0;1;552013.link:71779;71004.link:21477;13951;911207;1460532_08:01:00;58232.0;320472.0;bus
48203;0;1;330433.link:1473;246924.link:42622;13598;1422485;1120225_08:13:00;626712.0;477969.0;bus
19192;0;1;667510.link:7573;298478.link:73390;5468;698978;545872_08:14:00;602778.0;322793.0;bus
40383;0;3;615752.link:49168;559224.link:76140;7839;29708;29708_07:55:00;226748.0;220682.0;bus
17000;0;1;674690.link:77419;663005.link:59548;20612;125244;472891_08:02:00;94514.0;509564.0;bus
98185;0;1;650692.link:81558;663005.link:59548;20612;125244;472891_08:02:00;240045.0;509564.0;bus
61349;0;1;347902.link:61435;559224.link:76140;7839;29708;29708_07:55:00;41075.0;220682.0;bus
298073;0;1;670332.link:58892;120060.link:45285;13598;1422485;1120225_08:13:00;541633.0;125808.0;bus
108181;0;3;615752.link:49168;471952.link:49641;9289;1673844;251082_08:15:00;226748.0;104408.0;bus
258143;0;1;247690.link:24111;74636.link:22433;24400;910485;933102_08:11:00;110406.0;296807.0;bus
249505;0;1;385812.link:69583;56602.link:16914;966;9465;626257_08:17:00;88902.0;571950.0;bus
249794;0;1;26883.link:37515;56602.link:16914;966;9465;626257_08:17:00;411153.0;571950.0;bus
229242;0;1;588652.link:55411;74636.link:22433;24400;910485;933102_08:11:00;219604.0;296807.0;bus
33611;0;1;286679.link:26941;400083.link:26943;10278;546534;152151_08:10:00;138905.0;36053.0;bus
106405;0;3;136398.link:28292;168132.link:22316;21991;1288999;654991_08:28:00;185600.0;417625.0;rail
133557;0;3;136398.link:28292;168132.link:22316;21991;1288999;654991_08:28:00;185600.0;417625.0;rail
146565;0;5;136398.link:28292;168132.link:22316;21991;1288999;654991_08:28:00;185600.0;417625.0;rail
129238;0;3;31045.link:56813;5303.link:14902;10278;546534;152151_08:10:00;240045.0;481560.0;bus
285455;0;1;664113.link:22115;246877.link:70636;1573;707552;707552_08:21:00;535687.0;648439.0;bus
319707;0;1;45335.link:17521;669361.link:30704;23536;586760;459879_08:20:00;366131.0;615173.0;bus
8142;0;3;117201.link:76457;197025.link:9599;7839;29708;29708_07:55:00;95392.0;578786.0;bus
112166;0;3;72504.link:66201;242344.link:20228;21446;1158378;800033_08:05:00;493871.0;630005.0;bus
81103;0;3;443516.link:52789;358836.link:7463;7725;534384;1417838_08:25:00;185600.0;594422.0;bus
63225;0;1;564183.link:18768;72504.link:66201;5185;712844;559578_08:28:00;263624.0;493871.0;bus
246208;0;5;443516.link:52789;358836.link:7463;7725;534384;1417838_08:25:00;185600.0;594422.0;bus
178694;0;5;443516.link:52789;358836.link:7463;7725;534384;1417838_08:25:00;185600.0;594422.0;bus
120519;0;5;443516.link:52789;358836.link:7463;7725;534384;1417838_08:25:00;185600.0;594422.0;bus
100860;0;1;663370.link:11425;46295.link:76459;20612;705237;931744_07:56:00;84755.0;612531.0;bus
93299;0;3;136398.link:28292;148033.link:9383;21991;1288999;654991_08:28:00;185600.0;520392.0;rail
10902;0;1;242344.link:20228;168608.link:20236;21446;1158378;800033_08:05:00;630005.0;503430.0;bus
15903;0;1;134825.link:22041;61318.link:24010;14604;1185324;1185324_07:45:00;593522.0;357644.0;bus
207924;0;1;9607.link:38505;46295.link:76459;20612;705237;931744_07:56:00;321224.0;612531.0;bus
268693;0;1;9607.link:38505;46295.link:76459;20612;705237;931744_07:56:00;321224.0;612531.0;bus
176057;0;1;330433.link:1473;537449.link:52508;13598;1422485;1120225_08:13:00;626712.0;201276.0;bus
93089;0;1;385812.link:69583;181806.link:73428;966;9465;626257_08:17:00;88902.0;619060.0;bus
283101;0;1;168343.link:11400;456323.link:64148;15259;240682;240682_08:26:00;568853.0;334701.0;bus
89330;0;5;410688.link:10330;1339.link:42050;5468;905927;280404_08:29:00;96974.0;41520.0;bus
146096;0;1;117900.link:60770;46295.link:76459;20612;705237;931744_07:56:00;166097.0;612531.0;bus
14;0;3;197574.link:53254;61318.link:24010;14604;1185324;1185324_07:45:00;395385.0;357644.0;bus
334077;1;12;458433.link:24695;181806.link:73428;966;9465;626257_08:17:00;413913.0;619060.0;bus
159783;0;1;168343.link:11400;480832.link:4813;15259;240682;240682_08:26:00;568853.0;186346.0;bus
71093;0;1;502603.link:13108;142101.link:61358;7883;1134964;1038840_08:16:00;599727.0;598422.0;bus
49587;0;1;448344.link:32151;591484.link:32139;24943;153318;153318_08:27:00;556842.0;38935.0;bus
307376;0;5;360448.link:67145;106632.link:77253;5503;1117701;1286780_08:32:00;96974.0;666522.0;bus
208504;1;4;186941.link:53447;313619.link:69650;23106;996655;1656716_08:13:00;544870.0;127783.0;bus
177587;0;1;290036.link:24953;591484.link:32139;24943;153318;153318_08:27:00;352663.0;38935.0;bus
272238;0;1;164802.link:52341;650692.link:81557;20612;705237;931744_07:56:00;414485.0;240045.0;bus
116932;0;1;249227.link:45359;650692.link:81557;20612;705237;931744_07:56:00;319123.0;240045.0;bus
256022;0;1;275445.link:39198;160212.link:41776;12526;341182;507749_08:17:00;337282.0;378316.0;bus
212841;0;1;572907.link:44315;650692.link:81557;20612;705237;931744_07:56:00;352212.0;240045.0;bus
85835;0;1;568865.link:59661;431060.link:16906;23536;586760;459879_08:20:00;206381.0;601422.0;bus
259153;0;1;110514.link:6585;180543.link:77801;21536;933989;188725_08:20:00;590788.0;646015.0;bus
149071;0;1;272400.link:47129;650692.link:81557;20612;705237;931744_07:56:00;461606.0;240045.0;bus
184973;0;3;191619.link:15731;471849.link:28500;2556;1411644;252958_08:16:00;96974.0;384423.0;rail
101029;0;1;572907.link:44315;650692.link:81557;20612;705237;931744_07:56:00;352212.0;240045.0;bus
304623;0;1;575489.link:74249;650692.link:81557;20612;705237;931744_07:56:00;523239.0;240045.0;bus
120818;0;1;572907.link:44315;650692.link:81557;20612;705237;931744_07:56:00;352212.0;240045.0;bus
373789;0;1;422185.link:27490;166572.link:32138;12701;1014337;378298_08:15:00;167635.0;38935.0;bus
125439;0;1;143123.link:53399;575778.link:69591;3583;138538;933879_08:18:00;48879.0;96062.0;bus
127131;0;1;209708.link:72868;243521.link:10330;22704;181783;879012_08:15:00;506935.0;96974.0;bus
284619;0;3;431060.link:16905;160212.link:41776;12526;341182;507749_08:17:00;601422.0;378316.0;bus
129355;0;3;431060.link:16905;160212.link:41776;12526;341182;507749_08:17:00;601422.0;378316.0;bus
244562;0;1;272425.link:32123;650692.link:81557;20612;705237;931744_07:56:00;456204.0;240045.0;bus
191766;0;3;615752.link:49168;88352.link:56938;9289;1673844;251082_08:15:00;226748.0;488812.0;bus
22344;0;1;174588.link:39795;270219.link:51861;18874;1450073;1551471_08:11:00;327757.0;10361.0;bus
224762;0;1;87272.link:67511;258716.link:pt_258716;15259;240682;240682_08:26:00;593923.0;422816.0;bus
273882;0;3;147812.link:56813;199199.link:46517;373;1182068;1536045_08:10:00;240045.0;664177.0;bus
274193;0;5;451458.link:67867;385812.link:69583;21108;149335;630282_08:30:00;115044.0;88902.0;bus
126369;0;1;451458.link:67867;385812.link:69583;21108;149335;630282_08:30:00;115044.0;88902.0;bus
272985;0;7;572948.link:59411;385812.link:69583;21108;149335;630282_08:30:00;96974.0;88902.0;bus
251057;0;3;572948.link:59411;385812.link:69583;21108;149335;630282_08:30:00;96974.0;88902.0;bus
92735;0;1;451458.link:67867;385812.link:69583;21108;149335;630282_08:30:00;115044.0;88902.0;bus
23676;0;3;615752.link:49168;53130.link:34435;9289;1673844;251082_08:15:00;226748.0;514801.0;bus
289736;0;1;400743.link:48623;72504.link:66201;22781;1484165;1484165_07:57:00;484211.0;493871.0;bus
248183;0;1;650649.link:53698;29494.link:36104;12526;889712;1344238_08:25:00;294168.0;154159.0;bus
158636;1;4;404017.link:49925;103047.link:32317;22560;1621047;231255_08:08:00;21775.0;674456.0;bus
68489;0;1;477080.link:42860;399963.link:37927;7195;81719;210373_08:38:00;240045.0;42579.0;rail
95640;0;1;623665.link:14297;72504.link:66201;22781;1484165;1484165_07:57:00;142702.0;493871.0;bus
34772;0;1;609157.link:46987;582577.link:42721;6358;210071;73583_08:35:00;535884.0;337066.0;bus
67787;0;3;536295.link:74022;292306.link:72822;20417;976629;844777_08:12:00;597954.0;16153.0;bus
96827;0;1;69692.link:39870;508147.link:7348;24400;910485;933102_08:11:00;607814.0;403484.0;bus
103212;0;3;572948.link:59411;593729.link:46549;21108;149335;630282_08:30:00;96974.0;93016.0;bus
102927;0;3;572948.link:59411;593729.link:46549;21108;149335;630282_08:30:00;96974.0;93016.0;bus
133968;0;1;308771.link:22248;11016.link:13378;18688;400200;400200_07:53:00;406682.0;169742.0;bus
167644;0;1;371822.link:58019;353106.link:76881;21446;1000069;848302_08:36:00;364587.0;318802.0;bus
132800;0;3;572948.link:59411;593729.link:46549;21108;149335;630282_08:30:00;96974.0;93016.0;bus
126286;0;3;572948.link:59411;593729.link:46549;21108;149335;630282_08:30:00;96974.0;93016.0;bus
195839;0;1;588652.link:55411;508147.link:7348;24400;910485;933102_08:11:00;219604.0;403484.0;bus
245471;0;5;572948.link:59411;593729.link:46549;21108;149335;630282_08:30:00;96974.0;93016.0;bus
219082;0;3;451458.link:67867;593729.link:46549;21108;149335;630282_08:30:00;115044.0;93016.0;bus
187773;0;3;572948.link:59411;593729.link:46549;21108;149335;630282_08:30:00;96974.0;93016.0;bus
30639;0;1;180427.link:56504;468301.link:26547;10278;1014075;323566_08:05:00;648007.0;502007.0;bus
216757;0;1;650649.link:53698;281348.link:41783;12526;889712;1344238_08:25:00;294168.0;80511.0;bus
131848;0;1;159131.link:26976;662009.link:37849;7949;1203666;1203666_08:30:00;384423.0;96974.0;rail
186638;0;1;650646.link:71581;53851.link:72263;966;9465;626257_08:17:00;304763.0;96974.0;bus
314933;0;1;308771.link:22248;11016.link:13378;18688;400200;400200_07:53:00;406682.0;169742.0;bus
130820;0;3;159131.link:26976;662009.link:37849;7949;1203666;1203666_08:30:00;384423.0;96974.0;rail
157021;0;3;572948.link:59411;593729.link:46549;21108;149335;630282_08:30:00;96974.0;93016.0;bus
83432;0;3;572948.link:59411;593729.link:46549;21108;149335;630282_08:30:00;96974.0;93016.0;bus
386894;0;3;586600.link:13573;401763.link:35526;373;1114137;1326985_08:10:00;96974.0;79241.0;bus
116020;0;1;249227.link:45359;106883.link:56857;23304;296562;670183_07:34:00;319123.0;240045.0;bus
44925;0;1;17805.link:33815;507710.link:59125;13668;749590;981172_08:15:00;165879.0;36305.0;bus
200373;0;1;548386.link:22425;507710.link:59125;13668;749590;981172_08:15:00;134700.0;36305.0;bus
54745;0;1;199199.link:46517;595833.link:22861;373;1182068;1536045_08:10:00;664177.0;429552.0;bus
305847;0;5;322056.link:77270;595833.link:22861;373;1182068;1536045_08:10:00;582085.0;429552.0;bus
30185;0;1;272376.link:56818;671499.link:74546;16784;348850;447437_08:36:00;240045.0;593530.0;bus
174940;0;1;249227.link:45359;106883.link:56857;23304;296562;670183_07:34:00;319123.0;240045.0;bus
117506;0;3;147812.link:56813;595833.link:22861;373;1182068;1536045_08:10:00;240045.0;429552.0;bus
209072;0;3;147812.link:56813;595833.link:22861;373;1182068;1536045_08:10:00;240045.0;429552.0;bus
234077;0;1;672378.link:56528;652669.link:2579;22781;1484165;1484165_07:57:00;188440.0;576344.0;bus
236369;0;1;367235.link:25452;507710.link:59125;13668;749590;981172_08:15:00;36385.0;36305.0;bus
117259;0;1;9607.link:38505;106883.link:56857;23304;296562;670183_07:34:00;321224.0;240045.0;bus
68092;0;1;9607.link:38505;106883.link:56857;23304;296562;670183_07:34:00;321224.0;240045.0;bus
104645;0;3;360448.link:67145;629970.link:37843;5503;1117701;1286780_08:32:00;96974.0;646696.0;bus
305113;0;1;527767.link:44295;227726.link:55839;18309;592187;973156_08:23:00;358338.0;79241.0;bus
129127;0;1;292123.link:2767;438297.link:7184;19170;1268747;810165_08:29:00;282972.0;185600.0;bus
311497;0;1;568217.link:68768;277214.link:69591;18092;236536;1374222_08:26:00;619329.0;96062.0;bus
121148;0;1;529716.link:22031;227726.link:55839;18309;592187;973156_08:23:00;176002.0;79241.0;bus
101295;0;1;620583.link:75167;227726.link:55839;18309;592187;973156_08:23:00;364372.0;79241.0;bus
207924;0;3;69229.link:78978;651812.link:1624;16784;348850;447437_08:36:00;612531.0;392024.0;bus
84952;0;3;577636.link:30175;277214.link:69591;18092;236536;1374222_08:26:00;339906.0;96062.0;bus
83380;0;3;514565.link:14296;593729.link:46549;3794;1432724;478765_08:30:00;485025.0;93016.0;bus
106496;0;3;577636.link:30175;277214.link:69591;18092;236536;1374222_08:26:00;339906.0;96062.0;bus
132907;0;5;514565.link:14296;593729.link:46549;3794;1432724;478765_08:30:00;485025.0;93016.0;bus
128153;0;1;199199.link:46517;277214.link:69591;18092;236536;1374222_08:26:00;664177.0;96062.0;bus
100860;0;3;69229.link:78978;651812.link:1624;16784;348850;447437_08:36:00;612531.0;392024.0;bus
176193;0;1;506814.link:56413;291631.link:69649;23106;666145;1066591_08:33:00;181821.0;127783.0;bus
379623;0;1;595833.link:22861;16572.link:50141;373;1182068;1536045_08:10:00;429552.0;307175.0;bus
68238;0;1;668428.link:81138;437042.link:35396;17075;1674519;1674519_08:25:00;36038.0;248401.0;bus
14667;0;1;411384.link:27533;437042.link:35396;17075;1674519;1674519_08:25:00;288417.0;248401.0;bus
213284;0;1;349065.link:30543;481231.link:50015;373;1182068;1536045_08:10:00;504931.0;566620.0;bus
160769;0;1;292016.link:11389;435836.link:13589;7839;372860;372860_07:47:00;648867.0;96974.0;bus
108905;0;1;174588.link:39795;311917.link:39091;18874;1450073;1551471_08:11:00;327757.0;590295.0;bus
247990;0;1;270219.link:51861;311917.link:39091;18874;1450073;1551471_08:11:00;10361.0;590295.0;bus
283394;0;1;83.link:76141;435836.link:13589;7839;372860;372860_07:47:00;220682.0;96974.0;bus
86118;0;1;58160.link:14477;311917.link:39091;18874;1450073;1551471_08:11:00;380925.0;590295.0;bus
268050;0;1;272376.link:56818;241030.link:64056;16784;348850;447437_08:36:00;240045.0;496605.0;bus
83304;0;1;270219.link:51861;311917.link:39091;18874;1450073;1551471_08:11:00;10361.0;590295.0;bus
178187;0;1;507869.link:12913;467594.link:77785;7989;1073960;38806_08:24:00;110772.0;496096.0;bus
290438;0;1;363777.link:15059;35730.link:5130;24134;1425752;182789_08:28:00;655169.0;193210.0;bus
132328;0;1;49478.link:9292;662009.link:37849;16059;258178;284565_08:32:00;601422.0;96974.0;rail
400332;0;1;263484.link:9534;344571.link:6227;12526;341182;507749_08:17:00;309005.0;457764.0;bus
90717;0;1;135890.link:29422;467594.link:77785;7989;1073960;38806_08:24:00;545504.0;496096.0;bus
178180;0;1;127268.link:43426;467594.link:77785;7989;1073960;38806_08:24:00;328202.0;496096.0;bus
81199;0;1;458446.link:37928;477080.link:42859;7195;774173;253896_08:30:00;42579.0;240045.0;rail
276137;0;3;629769.link:12501;662009.link:37849;16059;258178;284565_08:32:00;649912.0;96974.0;rail
3520;0;1;343979.link:4383;126593.link:45476;10853;246347;246347_08:25:00;202943.0;572234.0;bus
147810;0;1;317199.link:59216;467594.link:77785;7989;1073960;38806_08:24:00;201295.0;496096.0;bus
290668;0;3;52441.link:15082;216798.link:36257;5185;712844;559578_08:28:00;655169.0;308684.0;bus
72117;0;1;114008.link:78407;321852.link:11396;7839;29708;29708_07:55:00;108286.0;543244.0;bus
59767;1;2;49478.link:9292;662009.link:37849;16059;258178;284565_08:32:00;601422.0;96974.0;rail
105345;0;1;462215.link:pt_462215;662009.link:37849;16059;258178;284565_08:32:00;480693.0;96974.0;rail
251056;0;1;462215.link:pt_462215;662009.link:37849;16059;258178;284565_08:32:00;480693.0;96974.0;rail
309471;0;1;114008.link:78407;321852.link:11396;7839;29708;29708_07:55:00;108286.0;543244.0;bus
117493;0;1;506814.link:56413;635139.link:25290;23106;57185;1292704_08:13:00;181821.0;609285.0;bus
9618;1;2;561781.link:69891;9641.link:49135;9289;1137759;1510853_08:19:00;582369.0;226748.0;bus
101801;0;3;478729.link:61345;574578.link:40433;7883;563541;793661_08:13:00;260688.0;377654.0;bus
268693;0;3;69229.link:78978;226229.link:41479;16784;348850;447437_08:36:00;612531.0;634585.0;bus
29818;0;1;161052.link:27151;120060.link:63078;14914;618201;1018704_08:33:00;125439.0;125808.0;bus
47378;0;1;522611.link:64287;120060.link:63078;14914;618201;1018704_08:33:00;313612.0;125808.0;bus
118004;0;1;437042.link:35396;671000.link:53250;17075;1674519;1674519_08:25:00;248401.0;71796.0;bus
215690;0;1;355544.link:3454;566843.link:10127;9289;1673844;251082_08:15:00;315054.0;30674.0;bus
210058;0;1;276106.link:32130;475117.link:16866;12701;1014337;378298_08:15:00;541416.0;161413.0;bus
269066;0;1;33133.link:47954;120060.link:63078;14914;618201;1018704_08:33:00;354177.0;125808.0;bus
109669;0;1;452677.link:52316;365736.link:67510;10278;546534;152151_08:10:00;120865.0;593923.0;bus
77133;0;1;400194.link:21833;560972.link:10924;13245;589833;220738_08:40:00;338364.0;431096.0;bus
81298;0;5;581508.link:54324;514565.link:14296;21480;915170;915170_08:24:00;51975.0;485025.0;bus
15701;0;1;451360.link:60180;23559.link:80833;23202;561602;658484_08:40:00;639622.0;445288.0;bus
170152;0;1;442021.link:66972;110514.link:6584;20412;1345957;1345957_08:15:00;587447.0;590788.0;bus
121465;0;5;581508.link:54324;514565.link:14296;21480;915170;915170_08:24:00;51975.0;485025.0;bus
117966;0;5;581508.link:54324;514565.link:14296;21480;915170;915170_08:24:00;51975.0;485025.0;bus
88594;0;1;275347.link:15987;110514.link:6584;20412;1345957;1345957_08:15:00;193.0;590788.0;bus
197463;0;1;291443.link:56199;110514.link:6584;20412;1345957;1345957_08:15:00;529437.0;590788.0;bus
93089;0;3;174380.link:56057;461511.link:68767;3654;380073;380073_08:36:00;26842.0;619329.0;bus
90484;0;1;87005.link:76353;97826.link:40862;10278;1014075;323566_08:05:00;284116.0;411474.0;bus
15699;0;1;401928.link:80813;23559.link:80833;23202;561602;658484_08:40:00;191428.0;445288.0;bus
50984;0;1;450302.link:72370;395254.link:59547;20612;92588;1227527_08:36:00;456204.0;509564.0;bus
130820;0;5;410688.link:10330;174380.link:56057;5468;698978;499751_08:44:00;96974.0;26842.0;bus
59203;0;1;247714.link:49782;319084.link:39197;12526;341182;1596387_08:37:00;375043.0;337282.0;bus
60259;0;1;553103.link:45896;404582.link:17981;18695;1358369;767178_08:40:00;577054.0;62301.0;bus
148201;0;3;391841.link:25005;541639.link:56228;7883;1134964;1038840_08:16:00;320850.0;547657.0;bus
106344;0;1;13000.link:59749;87198.link:26379;19170;1268747;810165_08:29:00;578286.0;298776.0;bus
46544;0;1;596348.link:33789;542241.link:44459;24943;153318;153318_08:27:00;354469.0;467143.0;bus
91486;0;1;597159.link:6878;97826.link:40862;17075;1674519;1674519_08:25:00;323659.0;411474.0;bus
214549;0;1;608103.link:6888;97826.link:40862;17075;1674519;1674519_08:25:00;326494.0;411474.0;bus
107457;0;5;410688.link:10330;552441.link:11507;5468;698978;499751_08:44:00;96974.0;138454.0;bus
246925;0;5;410688.link:10330;552441.link:11507;5468;698978;499751_08:44:00;96974.0;138454.0;bus
422059;0;1;575104.link:34689;97826.link:40862;17075;1674519;1674519_08:25:00;165718.0;411474.0;bus
414150;0;1;668428.link:81138;97826.link:40862;17075;1674519;1674519_08:25:00;36038.0;411474.0;bus
315760;0;5;604741.link:39762;113709.link:33058;21108;149335;630282_08:30:00;617326.0;52967.0;bus
131809;0;5;410688.link:10330;552441.link:11507;5468;698978;499751_08:44:00;96974.0;138454.0;bus
18672;0;1;281348.link:41783;130572.link:14643;12526;889712;1344238_08:25:00;80511.0;539706.0;bus
272977;0;5;89375.link:18799;87198.link:26379;19170;1268747;810165_08:29:00;41137.0;298776.0;bus
131848;0;3;410688.link:10330;552441.link:11507;5468;698978;499751_08:44:00;96974.0;138454.0;bus
129586;0;3;581508.link:54324;674010.link:69003;21480;915170;915170_08:24:00;51975.0;91217.0;bus
106527;0;3;581508.link:54324;674010.link:69003;21480;915170;915170_08:24:00;51975.0;91217.0;bus
240272;0;1;425071.link:52566;531722.link:56414;22293;952366;340712_08:42:00;47388.0;181821.0;bus
205320;0;3;31045.link:56813;370025.link:11403;10278;546534;152151_08:10:00;240045.0;568853.0;bus
283186;0;1;365736.link:67510;370025.link:11403;10278;546534;152151_08:10:00;593923.0;568853.0;bus
106331;0;3;609932.link:13589;674010.link:69003;21480;915170;915170_08:24:00;96974.0;91217.0;bus
254312;0;1;365736.link:67510;370025.link:11403;10278;546534;152151_08:10:00;593923.0;568853.0;bus
72459;0;1;216918.link:73392;195918.link:5332;5468;905927;280404_08:29:00;266285.0;203737.0;bus
286022;0;1;362816.link:45159;297842.link:58685;15259;240682;240682_08:26:00;539093.0;1207.0;bus
179091;0;1;230840.link:71130;56361.link:56858;7883;563541;793661_08:13:00;368764.0;240045.0;bus
181182;0;1;19061.link:71160;56361.link:56858;7883;563541;793661_08:13:00;653405.0;240045.0;bus
82078;0;1;667947.link:71140;56361.link:56858;7883;563541;793661_08:13:00;565436.0;240045.0;bus
143529;0;1;596348.link:33789;30776.link:58221;24943;153318;153318_08:27:00;354469.0;189869.0;bus
372312;0;1;464586.link:56447;457790.link:70685;373;1182068;1536045_08:10:00;532962.0;113539.0;bus
89635;0;1;596348.link:33789;30776.link:58221;24943;153318;153318_08:27:00;354469.0;189869.0;bus
272063;0;3;346745.link:44226;56361.link:56858;7883;563541;793661_08:13:00;353008.0;240045.0;bus
82080;0;1;168729.link:13107;56361.link:56858;7883;563541;793661_08:13:00;599727.0;240045.0;bus
90168;0;1;509997.link:10528;56361.link:56858;7883;563541;793661_08:13:00;666115.0;240045.0;bus
90920;0;1;667947.link:71140;56361.link:56858;7883;563541;793661_08:13:00;565436.0;240045.0;bus
82260;0;1;667947.link:71140;56361.link:56858;7883;563541;793661_08:13:00;565436.0;240045.0;bus
306054;0;3;147812.link:56813;457790.link:70685;373;1182068;1536045_08:10:00;240045.0;113539.0;bus
265864;0;3;147812.link:56813;457790.link:70685;373;1182068;1536045_08:10:00;240045.0;113539.0;bus
148545;0;1;230840.link:71130;56361.link:56858;7883;563541;793661_08:13:00;368764.0;240045.0;bus
115063;0;1;582236.link:68442;56361.link:56858;7883;563541;793661_08:13:00;247897.0;240045.0;bus
219365;0;1;410688.link:10330;1339.link:42050;5468;698978;499751_08:44:00;96974.0;41520.0;bus
121982;0;3;503466.link:56231;56361.link:56858;7883;563541;793661_08:13:00;547657.0;240045.0;bus
120315;0;3;503466.link:56231;56361.link:56858;7883;563541;793661_08:13:00;547657.0;240045.0;bus
211550;0;3;147812.link:56813;457790.link:70685;373;1182068;1536045_08:10:00;240045.0;113539.0;bus
301173;0;1;180427.link:56504;31045.link:56814;10278;1014075;323566_08:05:00;648007.0;240045.0;bus
70361;0;1;504665.link:22544;395254.link:51937;12701;25643;1222183_08:20:00;109682.0;509564.0;bus
142143;0;1;32156.link:34150;373016.link:23897;24134;1425752;182789_08:28:00;104929.0;535115.0;bus
133876;0;1;594887.link:52633;285647.link:20656;18874;1450073;1551471_08:11:00;586561.0;224889.0;bus
118283;0;7;581508.link:54324;3829.link:76625;21480;915170;915170_08:24:00;51975.0;440011.0;bus
207716;0;1;365848.link:56450;147812.link:59273;373;1114137;1326985_08:10:00;584454.0;240045.0;bus
268837;0;1;293721.link:52592;142433.link:56816;22293;952366;340712_08:42:00;55150.0;240045.0;bus
132080;0;3;9641.link:49135;4350.link:69084;9289;1137759;1510853_08:19:00;226748.0;135122.0;bus
60661;0;1;518990.link:5312;9641.link:49135;22560;1621047;231255_08:08:00;281940.0;226748.0;bus
81408;0;3;650692.link:81558;466866.link:57914;20612;330889;330889_08:42:00;240045.0;110265.0;bus
123033;0;1;440234.link:3443;4350.link:69084;9289;1137759;1510853_08:19:00;639853.0;135122.0;bus
51626;1;2;602569.link:61669;453718.link:50949;23106;666145;1066591_08:33:00;21217.0;638176.0;bus
342821;0;1;441804.link:43830;453718.link:50949;23106;666145;1066591_08:33:00;124343.0;638176.0;bus
83612;0;3;9641.link:49135;4350.link:69084;9289;1137759;1510853_08:19:00;226748.0;135122.0;bus
143254;0;3;536295.link:74022;147812.link:59273;20417;976629;844777_08:12:00;597954.0;240045.0;bus
107675;0;1;370025.link:11403;626591.link:60894;10278;546534;152151_08:10:00;568853.0;384423.0;bus
405507;0;1;597281.link:2434;147812.link:59273;20417;976629;844777_08:12:00;125049.0;240045.0;bus
272832;0;3;147812.link:56813;451458.link:67867;373;1182068;1536045_08:10:00;240045.0;115044.0;bus
80331;0;1;292306.link:72822;147812.link:59273;20417;976629;844777_08:12:00;16153.0;240045.0;bus
97532;0;1;536295.link:74022;147812.link:59273;20417;976629;844777_08:12:00;597954.0;240045.0;bus
215115;0;1;5303.link:14902;626591.link:60894;10278;546534;152151_08:10:00;481560.0;384423.0;bus
179071;0;1;597281.link:2434;147812.link:59273;20417;976629;844777_08:12:00;125049.0;240045.0;bus
191161;0;1;365736.link:67510;626591.link:60894;10278;546534;152151_08:10:00;593923.0;384423.0;bus
307191;0;1;201544.link:24052;626591.link:60894;10278;546534;152151_08:10:00;662901.0;384423.0;bus
115848;0;1;280110.link:58224;147812.link:59273;20417;976629;844777_08:12:00;189869.0;240045.0;bus
337354;1;4;163231.link:28889;147812.link:59273;20417;976629;844777_08:12:00;320286.0;240045.0;bus
246673;0;1;400083.link:26943;626591.link:60894;10278;546534;152151_08:10:00;36053.0;384423.0;bus
80661;0;1;217848.link:8743;147812.link:59273;20417;976629;844777_08:12:00;322469.0;240045.0;bus
101881;0;3;400083.link:26943;626591.link:60894;10278;546534;152151_08:10:00;36053.0;384423.0;bus
117812;0;1;635458.link:52595;626591.link:60894;10278;546534;152151_08:10:00;55150.0;384423.0;bus
97392;0;1;85991.link:8086;147812.link:59273;20417;976629;844777_08:12:00;327355.0;240045.0;bus
142772;0;3;147812.link:56813;451458.link:67867;373;1182068;1536045_08:10:00;240045.0;115044.0;bus
70769;0;1;441804.link:43830;322056.link:77270;23106;666145;1066591_08:33:00;124343.0;582085.0;bus
81403;0;1;61917.link:35395;626591.link:60894;10278;546534;152151_08:10:00;248401.0;384423.0;bus
98185;0;3;395254.link:51937;282902.link:44355;12701;25643;1222183_08:20:00;509564.0;429014.0;bus
213829;0;5;322056.link:77270;451458.link:67867;373;1182068;1536045_08:10:00;582085.0;115044.0;bus
130738;0;1;365736.link:67510;626591.link:60894;10278;546534;152151_08:10:00;593923.0;384423.0;bus
82985;0;1;201544.link:24052;626591.link:60894;10278;546534;152151_08:10:00;662901.0;384423.0;bus
90632;0;1;139630.link:45746;147812.link:59273;20417;976629;844777_08:12:00;148151.0;240045.0;bus
272910;0;3;147812.link:56813;552013.link:71779;373;1182068;1536045_08:10:00;240045.0;58232.0;bus
86518;0;1;404582.link:17981;148862.link:48741;18695;1358369;767178_08:40:00;62301.0;384423.0;bus
10499;0;1;132189.link:17140;339592.link:17224;21536;933989;1279607_08:50:00;403484.0;176484.0;bus
73117;0;1;398058.link:48133;342731.link:5205;3654;380073;380073_08:36:00;113539.0;33445.0;bus
163334;0;1;137292.link:78999;148862.link:48741;15259;240682;240682_08:26:00;368285.0;384423.0;bus
41131;0;1;455182.link:42684;236617.link:5811;13245;589833;220738_08:40:00;89812.0;262328.0;bus
357549;0;1;404582.link:17981;148862.link:48741;18695;1358369;767178_08:40:00;62301.0;384423.0;bus
131259;0;1;137292.link:78999;148862.link:48741;15259;240682;240682_08:26:00;368285.0;384423.0;bus
109678;0;1;112316.link:71762;148862.link:48741;15259;240682;240682_08:26:00;265306.0;384423.0;bus
223706;0;1;510267.link:69533;148862.link:48741;18695;1358369;767178_08:40:00;160244.0;384423.0;bus
224794;0;1;297842.link:58685;148862.link:48741;18695;1358369;767178_08:40:00;1207.0;384423.0;bus
305801;0;5;147812.link:56813;552013.link:71779;373;1182068;1536045_08:10:00;240045.0;58232.0;bus
254341;0;1;137292.link:78999;148862.link:48741;15259;240682;240682_08:26:00;368285.0;384423.0;bus
21609;0;1;510267.link:69533;148862.link:48741;18695;1358369;767178_08:40:00;160244.0;384423.0;bus
156457;0;1;359245.link:33650;243521.link:10330;10977;836938;1494889_08:31:00;541588.0;96974.0;bus
130398;0;1;612078.link:72051;291143.link:32523;11523;221566;221566_08:34:00;618524.0;96974.0;rail
223088;0;1;612078.link:72051;291143.link:32523;11523;221566;221566_08:34:00;618524.0;96974.0;rail
204751;0;1;370304.link:61574;378326.link:22627;24400;40825;82138_08:34:00;439177.0;675018.0;bus
195839;0;3;132189.link:17140;589121.link:76919;21536;933989;1279607_08:50:00;403484.0;576695.0;bus
204693;0;1;470614.link:67483;378326.link:22627;24400;40825;82138_08:34:00;607814.0;675018.0;bus
292980;0;1;76662.link:66246;72018.link:58788;22781;277292;965369_08:06:00;244346.0;208691.0;bus
19220;0;1;165921.link:54403;359245.link:33650;1573;707552;707552_08:21:00;243828.0;541588.0;bus
186638;0;3;575778.link:69591;595833.link:22861;3583;138538;822281_08:49:00;96062.0;429552.0;bus
130646;0;1;228560.link:26722;291143.link:32523;11523;221566;221566_08:34:00;576387.0;96974.0;rail
121836;0;5;322056.link:77270;367598.link:56070;373;1182068;1536045_08:10:00;582085.0;26842.0;bus
117918;0;1;147812.link:56813;367598.link:56070;373;1182068;1536045_08:10:00;240045.0;26842.0;bus
117318;0;1;618014.link:56449;367598.link:56070;373;1182068;1536045_08:10:00;584454.0;26842.0;bus
145872;0;1;293721.link:52592;355906.link:9142;22293;952366;340712_08:42:00;55150.0;326033.0;bus
270770;0;1;507869.link:12913;627970.link:79467;7989;1073960;38806_08:24:00;110772.0;240045.0;bus
120705;0;3;147812.link:56813;367598.link:56070;373;1182068;1536045_08:10:00;240045.0;26842.0;bus
81310;0;1;284886.link:8717;367598.link:56070;373;1182068;1536045_08:10:00;19488.0;26842.0;bus
121444;0;1;347346.link:70878;367598.link:56070;373;1182068;1536045_08:10:00;329366.0;26842.0;bus
117964;0;1;618014.link:56449;367598.link:56070;373;1182068;1536045_08:10:00;584454.0;26842.0;bus
116058;0;1;147812.link:56813;367598.link:56070;373;1182068;1536045_08:10:00;240045.0;26842.0;bus
97976;0;1;147812.link:56813;367598.link:56070;373;1182068;1536045_08:10:00;240045.0;26842.0;bus
117881;0;1;464586.link:56447;367598.link:56070;373;1182068;1536045_08:10:00;532962.0;26842.0;bus
90094;0;1;147812.link:56813;367598.link:56070;373;1182068;1536045_08:10:00;240045.0;26842.0;bus
101366;0;1;610783.link:11538;367598.link:56070;373;1182068;1536045_08:10:00;79241.0;26842.0;bus
118186;0;1;497590.link:40861;367598.link:56070;373;1182068;1536045_08:10:00;411474.0;26842.0;bus
195454;0;1;407684.link:21651;302634.link:31269;1573;707552;707552_08:21:00;661913.0;109112.0;bus
80993;0;3;497590.link:40861;367598.link:56070;373;1182068;1536045_08:10:00;411474.0;26842.0;bus
122379;0;3;497590.link:40861;367598.link:56070;373;1182068;1536045_08:10:00;411474.0;26842.0;bus
122298;0;3;497590.link:40861;367598.link:56070;373;1182068;1536045_08:10:00;411474.0;26842.0;bus
118153;0;3;497590.link:40861;367598.link:56070;373;1182068;1536045_08:10:00;411474.0;26842.0;bus
101919;0;3;497590.link:40861;367598.link:56070;373;1182068;1536045_08:10:00;411474.0;26842.0;bus
227367;0;1;664113.link:22115;302634.link:31269;1573;707552;707552_08:21:00;535687.0;109112.0;bus
116768;0;1;618014.link:56449;367598.link:56070;373;1182068;1536045_08:10:00;584454.0;26842.0;bus
97528;0;3;147812.link:56813;367598.link:56070;373;1182068;1536045_08:10:00;240045.0;26842.0;bus
291013;0;1;72018.link:58788;611413.link:72769;22781;277292;965369_08:06:00;208691.0;210166.0;bus
208379;0;1;215378.link:52507;452220.link:14575;14914;618201;1018704_08:33:00;201276.0;301018.0;bus
120719;0;3;147812.link:56813;367598.link:56070;373;1182068;1536045_08:10:00;240045.0;26842.0;bus
118148;0;1;497590.link:40861;367598.link:56070;373;1182068;1536045_08:10:00;411474.0;26842.0;bus
180843;0;5;322056.link:77270;367598.link:56070;373;1182068;1536045_08:10:00;582085.0;26842.0;bus
101527;0;3;322056.link:77270;367598.link:56070;373;1182068;1536045_08:10:00;582085.0;26842.0;bus
72832;0;1;126802.link:1620;302634.link:31269;1573;707552;707552_08:21:00;436335.0;109112.0;bus
98880;0;3;147812.link:56813;367598.link:56070;373;1182068;1536045_08:10:00;240045.0;26842.0;bus
55329;1;4;525923.link:31305;622878.link:49754;3583;138538;822281_08:49:00;652547.0;562607.0;bus
129127;0;3;136398.link:28292;148033.link:9383;21991;267317;175057_08:48:00;185600.0;520392.0;rail
259318;0;1;374122.link:71238;227716.link:24297;21536;412987;412987_08:45:00;180584.0;377344.0;bus
62190;0;1;615331.link:912;227716.link:24297;21536;412987;412987_08:45:00;590788.0;377344.0;bus
288826;0;1;615331.link:912;227716.link:24297;21536;412987;412987_08:45:00;590788.0;377344.0;bus
5877;0;1;525923.link:31305;622878.link:49754;3583;138538;822281_08:49:00;652547.0;562607.0;bus
128153;0;3;53851.link:61582;674010.link:69003;966;1482539;745960_08:52:00;96974.0;91217.0;bus
197463;0;3;615331.link:912;227716.link:24297;21536;412987;412987_08:45:00;590788.0;377344.0;bus
125439;0;3;53851.link:61582;674010.link:69003;966;1482539;745960_08:52:00;96974.0;91217.0;bus
286695;0;1;385702.link:79036;367598.link:56070;1573;707552;707552_08:21:00;144601.0;26842.0;bus
187212;0;1;254578.link:1336;367598.link:56070;1573;707552;707552_08:21:00;317889.0;26842.0;bus
157814;0;1;612734.link:15503;383361.link:77252;21480;915170;1020180_08:44:00;552925.0;666522.0;bus
214997;0;5;410688.link:10330;667510.link:7573;5468;698978;499751_08:44:00;96974.0;602778.0;bus
305847;0;7;595833.link:22861;143123.link:53399;3583;138538;822281_08:49:00;429552.0;48879.0;bus
78374;0;1;642221.link:65911;308348.link:75993;24134;1434786;555039_08:49:00;417150.0;614144.0;bus
280353;0;1;181758.link:38921;13410.link:40286;7725;534384;1590198_08:45:00;309803.0;74433.0;bus
86827;0;1;420318.link:81519;367598.link:56070;1573;707552;707552_08:21:00;411836.0;26842.0;bus
108231;0;3;263484.link:9534;383361.link:77252;21480;915170;1020180_08:44:00;309005.0;666522.0;bus
179071;0;3;477080.link:42860;399963.link:37927;7195;81719;282896_08:58:00;240045.0;42579.0;rail
68997;0;1;477080.link:42860;399963.link:37927;7195;81719;282896_08:58:00;240045.0;42579.0;rail
301173;0;3;477080.link:42860;399963.link:37927;7195;81719;282896_08:58:00;240045.0;42579.0;rail
128032;0;1;270791.link:6121;410688.link:34513;5468;905927;280404_08:29:00;323161.0;96974.0;bus
283693;0;1;142899.link:9600;83.link:76141;7839;372860;1141571_08:47:00;578786.0;220682.0;bus
283432;0;3;9641.link:49135;367598.link:56070;9289;1137759;1510853_08:19:00;226748.0;26842.0;bus
318400;0;1;142899.link:9600;83.link:76141;7839;372860;1141571_08:47:00;578786.0;220682.0;bus
145838;0;3;170659.link:56815;635458.link:52595;17075;1710768;741920_08:54:00;240045.0;55150.0;bus
63233;0;1;505687.link:16010;208901.link:53992;8390;98964;1275761_08:35:00;420643.0;503678.0;bus
246877;0;5;604219.link:34507;280940.link:12479;11988;762814;191419_08:54:00;96974.0;91217.0;bus
118221;0;1;367192.link:14452;577087.link:61137;10853;246347;246347_08:25:00;165969.0;496096.0;bus
179927;1;4;663370.link:11425;600782.link:44311;20612;92588;1227527_08:36:00;84755.0;589889.0;bus
105345;0;3;604219.link:34507;280940.link:12479;11988;762814;191419_08:54:00;96974.0;91217.0;bus
82744;0;1;126593.link:45476;577087.link:61137;10853;246347;246347_08:25:00;572234.0;496096.0;bus
300078;0;1;293721.link:52592;645070.link:49201;22293;952366;340712_08:42:00;55150.0;411613.0;bus
242049;0;1;367192.link:14452;577087.link:61137;10853;246347;246347_08:25:00;165969.0;496096.0;bus
96827;0;3;132189.link:17140;110514.link:6585;21536;933989;1279607_08:50:00;403484.0;590788.0;bus
251056;0;3;604219.link:34507;280940.link:12479;11988;762814;191419_08:54:00;96974.0;91217.0;bus
180837;0;1;131259.link:51278;577087.link:61137;10853;246347;246347_08:25:00;61333.0;496096.0;bus
185997;0;3;604219.link:34507;280940.link:12479;11988;762814;191419_08:54:00;96974.0;91217.0;bus
10426;0;1;615331.link:912;171063.link:17225;21536;412987;412987_08:45:00;590788.0;176484.0;bus
81199;0;3;108621.link:56817;618014.link:56449;23106;57185;1307921_08:53:00;240045.0;584454.0;bus
301195;0;5;604219.link:34507;280940.link:12479;11988;762814;191419_08:54:00;96974.0;91217.0;bus
152836;0;1;512051.link:30695;545209.link:15585;12743;1180575;194550_08:29:00;301283.0;88225.0;bus
226139;1;2;229457.link:55515;181443.link:42072;12526;341182;1596387_08:37:00;514562.0;154159.0;bus
199698;2;3;197854.link:15078;110472.link:41026;8390;98964;1275761_08:35:00;655169.0;300257.0;bus
322258;0;1;90054.link:61109;609932.link:13589;1573;707552;707552_08:21:00;273531.0;96974.0;bus
108192;0;1;90054.link:61109;609932.link:13589;1573;707552;707552_08:21:00;273531.0;96974.0;bus
122612;0;1;131583.link:28174;400083.link:26943;14604;1404386;346974_08:14:00;504318.0;36053.0;bus
84952;0;5;53851.link:61582;458433.link:24695;966;1482539;745960_08:52:00;96974.0;413913.0;bus
195269;0;1;385702.link:79036;609932.link:13589;1573;707552;707552_08:21:00;144601.0;96974.0;bus
207716;0;3;338123.link:56812;452220.link:14574;13598;1422485;837158_08:53:00;240045.0;301018.0;bus
309230;0;1;63085.link:15521;181443.link:42072;12526;341182;1596387_08:37:00;404599.0;154159.0;bus
85057;0;1;145620.link:81807;609932.link:13589;1573;707552;707552_08:21:00;11053.0;96974.0;bus
84617;0;1;53851.link:61582;458433.link:24695;966;1482539;745960_08:52:00;96974.0;413913.0;bus
311497;0;3;53851.link:61582;458433.link:24695;966;1482539;745960_08:52:00;96974.0;413913.0;bus
168308;0;1;369327.link:67863;419750.link:28873;5185;229567;1659629_08:49:00;440932.0;463521.0;bus
48552;0;1;252237.link:35718;452220.link:14574;13598;1422485;837158_08:53:00;320746.0;301018.0;bus
276137;0;5;572948.link:59411;174380.link:56057;13653;353804;920016_09:00:00;96974.0;26842.0;bus
181182;0;3;338123.link:56812;452220.link:14574;13598;1422485;837158_08:53:00;240045.0;301018.0;bus
127600;0;1;53851.link:61582;458433.link:24695;966;1482539;745960_08:52:00;96974.0;413913.0;bus
59767;1;4;572948.link:59411;174380.link:56057;13653;353804;920016_09:00:00;96974.0;26842.0;bus
110198;0;1;420318.link:81519;609932.link:13589;1573;707552;707552_08:21:00;411836.0;96974.0;bus
206202;0;1;468301.link:26547;498207.link:56446;22293;952366;340712_08:42:00;502007.0;532962.0;bus
214386;0;1;661160.link:50098;400083.link:26943;14604;1404386;346974_08:14:00;407764.0;36053.0;bus
106496;0;5;53851.link:61582;458433.link:24695;966;1482539;745960_08:52:00;96974.0;413913.0;bus
274297;0;1;661160.link:50098;400083.link:26943;14604;1404386;346974_08:14:00;407764.0;36053.0;bus
124932;0;3;53851.link:61582;458433.link:24695;966;1482539;745960_08:52:00;96974.0;413913.0;bus
135339;0;1;407684.link:21651;609932.link:13589;1573;707552;707552_08:21:00;661913.0;96974.0;bus
290196;0;1;31308.link:42901;110472.link:41026;8390;98964;1275761_08:35:00;491909.0;300257.0;bus
77996;0;1;353106.link:76881;51494.link:34113;21446;1158378;598132_08:35:00;318802.0;402482.0;bus
207935;0;1;602275.link:53031;449608.link:5076;3299;1374432;1374432_08:53:00;240045.0;212160.0;bus
246430;0;1;131583.link:28174;400083.link:26943;14604;1404386;346974_08:14:00;504318.0;36053.0;bus
145461;0;5;604219.link:34507;650646.link:71581;11988;762814;191419_08:54:00;96974.0;304763.0;bus
94561;0;7;514565.link:14296;458433.link:24695;966;1482539;745960_08:52:00;485025.0;413913.0;bus
35856;0;1;486496.link:40831;87070.link:39761;21108;1163569;158639_08:50:00;584634.0;617326.0;bus
117493;0;3;635139.link:25290;383361.link:77252;5503;204545;413118_08:51:00;609285.0;666522.0;bus
129313;0;1;330816.link:67802;443516.link:52788;7725;534384;1590198_08:45:00;526672.0;185600.0;bus
90168;0;3;477080.link:42860;479467.link:70734;7195;81719;282896_08:58:00;240045.0;486154.0;rail
17067;0;1;125259.link:23647;169975.link:20900;20612;330889;330889_08:42:00;103883.0;651472.0;bus
116166;0;1;602275.link:53031;450107.link:53406;3299;1374432;1374432_08:53:00;240045.0;557425.0;bus
248777;0;1;26883.link:37515;56602.link:16914;966;1482539;745960_08:52:00;411153.0;571950.0;bus
236142;1;4;222500.link:9796;299970.link:68366;22781;1484165;203413_08:57:00;270354.0;94257.0;bus
218665;0;1;312697.link:33067;170724.link:69001;21108;1163569;158639_08:50:00;664084.0;88902.0;bus
96871;0;1;240451.link:55676;430694.link:39882;24400;40825;82138_08:34:00;450847.0;37980.0;bus
84021;0;1;342040.link:62151;170724.link:69001;21108;1163569;158639_08:50:00;353585.0;88902.0;bus
425898;0;1;354552.link:62146;170724.link:69001;21108;1163569;158639_08:50:00;40950.0;88902.0;bus
164120;0;1;593993.link:55658;271923.link:13589;9289;1137759;1510853_08:19:00;498803.0;96974.0;bus
146096;0;3;69229.link:78978;131570.link:29717;22293;952366;340712_08:42:00;612531.0;111974.0;bus
117259;0;3;170659.link:56815;230654.link:14036;17075;1710768;741920_08:54:00;240045.0;288417.0;bus
67208;0;1;322730.link:78442;430694.link:39882;24400;40825;82138_08:34:00;163408.0;37980.0;bus
220411;0;1;142575.link:14866;609932.link:13589;21480;915170;1020180_08:44:00;451556.0;96974.0;bus
248913;0;1;227805.link:73393;526251.link:42051;5409;1451762;501150_08:44:00;266285.0;41520.0;bus
108608;0;1;49478.link:9292;662009.link:37849;16059;258178;1327132_08:52:00;601422.0;96974.0;rail
83612;0;5;523789.link:69083;526251.link:42051;5409;1451762;501150_08:44:00;135122.0;41520.0;bus
313813;0;1;418670.link:6208;526251.link:42051;5409;1451762;501150_08:44:00;602778.0;41520.0;bus
123033;0;3;523789.link:69083;526251.link:42051;5409;1451762;501150_08:44:00;135122.0;41520.0;bus
104192;0;1;617970.link:73391;526251.link:42051;5409;1451762;501150_08:44:00;322793.0;41520.0;bus
132080;0;5;523789.link:69083;526251.link:42051;5409;1451762;501150_08:44:00;135122.0;41520.0;bus
86118;0;3;629769.link:12501;662009.link:37849;16059;258178;1327132_08:52:00;649912.0;96974.0;rail
309356;1;4;181443.link:42072;344571.link:6227;12526;341182;1596387_08:37:00;154159.0;457764.0;bus
218462;0;1;511025.link:69065;526251.link:42051;5409;1451762;501150_08:44:00;211576.0;41520.0;bus
121913;0;1;276861.link:49024;477080.link:42859;7195;774173;307103_08:50:00;195798.0;240045.0;rail
54828;0;1;667751.link:5769;526251.link:42051;5409;1451762;501150_08:44:00;418354.0;41520.0;bus
103054;0;1;7750.link:41757;585269.link:9535;12526;889712;1344238_08:25:00;378316.0;309005.0;bus
68092;0;3;170659.link:56815;231131.link:81139;17075;1710768;741920_08:54:00;240045.0;36038.0;bus
83304;0;3;629769.link:12501;662009.link:37849;16059;258178;1327132_08:52:00;649912.0;96974.0;rail
132125;0;3;523789.link:69083;526251.link:42051;5409;1451762;501150_08:44:00;135122.0;41520.0;bus
121907;0;1;276861.link:49024;477080.link:42859;7195;774173;307103_08:50:00;195798.0;240045.0;rail
108905;0;3;629769.link:12501;662009.link:37849;16059;258178;1327132_08:52:00;649912.0;96974.0;rail
95640;0;3;406280.link:54742;631428.link:32480;8390;98964;1275761_08:35:00;493871.0;115789.0;bus
283420;0;1;296256.link:20784;38049.link:76458;7839;372860;1141571_08:47:00;19704.0;95392.0;bus
148258;0;1;440374.link:52532;346745.link:31670;9292;915395;1188718_08:45:00;369190.0;353008.0;bus
8000;0;1;296256.link:20784;38049.link:76458;7839;372860;1141571_08:47:00;19704.0;95392.0;bus
404630;0;1;282402.link:7461;212447.link:24613;19170;233783;1228610_09:00:00;77599.0;150917.0;bus
313284;0;1;56602.link:16914;367598.link:56070;966;1482539;745960_08:52:00;571950.0;26842.0;bus
411557;0;1;343995.link:30011;365108.link:58351;22858;1293182;1293182_08:54:00;189869.0;400312.0;rail
89417;0;1;462945.link:17668;342114.link:50463;3280;870654;1494857_08:35:00;467128.0;417625.0;bus
104769;0;1;70121.link:76669;228806.link:4259;11988;762814;191419_08:54:00;555177.0;549833.0;bus
6615;0;1;181758.link:38921;330816.link:67802;3654;380073;380073_08:36:00;309803.0;526672.0;bus
108212;1;4;282402.link:7461;212447.link:24613;19170;233783;1228610_09:00:00;77599.0;150917.0;bus
104491;0;3;604219.link:34507;228806.link:4259;11988;762814;191419_08:54:00;96974.0;549833.0;bus
226602;0;1;369013.link:14825;212447.link:24613;19170;233783;1228610_09:00:00;560248.0;150917.0;bus
89635;0;3;343995.link:30011;365108.link:58351;22858;1293182;1293182_08:54:00;189869.0;400312.0;rail
355693;0;1;369013.link:14825;212447.link:24613;19170;233783;1228610_09:00:00;560248.0;150917.0;bus
324246;0;1;205692.link:24298;180543.link:77801;21536;933989;1279607_08:50:00;377344.0;646015.0;bus
88594;0;3;110514.link:6585;180543.link:77801;21536;933989;1279607_08:50:00;590788.0;646015.0;bus
170152;0;3;110514.link:6585;180543.link:77801;21536;933989;1279607_08:50:00;590788.0;646015.0;bus
103076;0;3;263484.link:9534;514565.link:14296;21480;915170;1020180_08:44:00;309005.0;485025.0;bus
227264;0;1;142503.link:52634;210722.link:22413;18688;1568109;1568109_09:00:00;586561.0;533743.0;bus
285059;0;1;594887.link:52633;210722.link:22413;18688;1568109;1568109_09:00:00;586561.0;533743.0;bus
121385;0;1;350650.link:48393;635139.link:25290;23106;666145;1066591_08:33:00;578918.0;609285.0;bus
121320;0;1;441804.link:43830;635139.link:25290;23106;666145;1066591_08:33:00;124343.0;609285.0;bus
128499;0;1;200269.link:16917;572948.link:1330;21108;1163569;158639_08:50:00;353996.0;96974.0;bus
85835;0;3;431060.link:16905;161153.link:pt_161153;19170;1622255;1431179_08:43:00;601422.0;247666.0;bus
188822;0;1;451340.link:59748;342731.link:11244;19170;1622255;1431179_08:43:00;578286.0;33445.0;bus
85057;0;3;609932.link:13589;674010.link:69003;21480;915170;1020180_08:44:00;96974.0;91217.0;bus
322258;0;3;609932.link:13589;674010.link:69003;21480;915170;1020180_08:44:00;96974.0;91217.0;bus
135339;0;3;609932.link:13589;674010.link:69003;21480;915170;1020180_08:44:00;96974.0;91217.0;bus
236001;0;1;611413.link:72769;507710.link:59125;22781;1484165;203413_08:57:00;210166.0;36305.0;bus
26909;1;4;611413.link:72769;507710.link:59125;22781;1484165;203413_08:57:00;210166.0;36305.0;bus
130738;0;3;159131.link:26976;662009.link:37849;10939;294701;1142773_09:00:00;384423.0;96974.0;rail
332368;0;1;82652.link:69252;203929.link:5129;5185;229567;1659629_08:49:00;187260.0;308684.0;bus
47657;0;1;354356.link:34688;647143.link:36733;17075;1710768;741920_08:54:00;165718.0;336100.0;bus
109678;0;3;159131.link:26976;662009.link:37849;10939;294701;1142773_09:00:00;384423.0;96974.0;rail
43072;0;1;28010.link:41037;357088.link:41025;8390;1211691;957235_09:06:00;323305.0;300257.0;bus
191161;0;3;159131.link:26976;662009.link:37849;10939;294701;1142773_09:00:00;384423.0;96974.0;rail
117812;0;3;159131.link:26976;662009.link:37849;10939;294701;1142773_09:00:00;384423.0;96974.0;rail
307191;0;3;159131.link:26976;662009.link:37849;10939;294701;1142773_09:00:00;384423.0;96974.0;rail
114432;0;1;477499.link:55118;203929.link:5129;5185;229567;1659629_08:49:00;473673.0;308684.0;bus
159308;0;1;159131.link:26976;662009.link:37849;10939;294701;1142773_09:00:00;384423.0;96974.0;rail
149248;0;1;201995.link:44550;583211.link:64512;20612;92588;1227527_08:36:00;160387.0;42579.0;bus
82985;0;3;159131.link:26976;662009.link:37849;10939;294701;1142773_09:00:00;384423.0;96974.0;rail
81403;0;3;159131.link:26976;662009.link:37849;10939;294701;1142773_09:00:00;384423.0;96974.0;rail
246673;0;3;159131.link:26976;662009.link:37849;10939;294701;1142773_09:00:00;384423.0;96974.0;rail
215115;0;3;159131.link:26976;662009.link:37849;10939;294701;1142773_09:00:00;384423.0;96974.0;rail
107675;0;3;159131.link:26976;662009.link:37849;10939;294701;1142773_09:00:00;384423.0;96974.0;rail
86518;0;3;159131.link:26976;662009.link:37849;10939;294701;1142773_09:00:00;384423.0;96974.0;rail
131259;0;3;159131.link:26976;662009.link:37849;10939;294701;1142773_09:00:00;384423.0;96974.0;rail
30639;0;3;22861.link:26546;647143.link:36733;17075;1710768;741920_08:54:00;502007.0;336100.0;bus
42566;1;4;169078.link:76555;254705.link:22606;5185;712844;559578_08:28:00;630406.0;262138.0;bus
106344;0;3;87198.link:26379;568865.link:59661;23536;137506;137506_08:38:00;298776.0;206381.0;bus
157814;0;3;106632.link:77253;259517.link:30278;5503;1117701;478487_09:02:00;666522.0;60344.0;bus
285452;0;3;652625.link:48179;594887.link:52633;18874;838869;845900_09:02:00;125714.0;586561.0;bus
316395;0;1;19956.link:23764;195918.link:5332;13951;911207;835743_09:01:00;636350.0;203737.0;bus
104630;0;1;628441.link:5324;410688.link:34513;5468;698978;499751_08:44:00;486173.0;96974.0;bus
299456;0;1;668649.link:52584;142433.link:56815;22293;1617785;197556_09:02:00;581234.0;240045.0;bus
336446;0;1;437042.link:35396;142433.link:56815;22293;1617785;197556_09:02:00;248401.0;240045.0;bus
1518;0;1;330433.link:1473;607682.link:73018;13598;1422485;837158_08:53:00;626712.0;473203.0;bus
20672;0;1;224082.link:63559;13000.link:59749;19170;1268747;1068521_09:09:00;447989.0;578286.0;bus
43012;0;1;564183.link:78200;72504.link:66201;13676;183404;116844_09:01:00;263624.0;493871.0;bus
129313;0;3;136398.link:28292;168132.link:22316;21991;1288999;721232_09:08:00;185600.0;417625.0;rail
130646;0;3;360448.link:67145;301262.link:61683;5503;1117701;478487_09:02:00;96974.0;263804.0;bus
103416;0;1;589265.link:14764;661879.link:71517;12907;1706634;1496927_08:54:00;425956.0;169742.0;bus
124520;0;1;89179.link:42919;661879.link:71517;12907;1706634;1496927_08:54:00;386767.0;169742.0;bus
72253;0;1;89179.link:42919;661879.link:71517;12907;1706634;1496927_08:54:00;386767.0;169742.0;bus
217333;0;1;119516.link:21893;661879.link:71517;12907;1706634;1496927_08:54:00;276455.0;169742.0;bus
222627;0;1;651634.link:15204;661879.link:71517;12907;1706634;1496927_08:54:00;99212.0;169742.0;bus
186240;0;1;162037.link:66392;575778.link:69591;2984;375536;328397_08:55:00;538556.0;96062.0;bus
30643;0;1;502603.link:13108;142101.link:61358;7883;1134964;1319396_08:54:00;599727.0;598422.0;bus
207052;0;1;131570.link:29716;497590.link:40861;22293;880011;531753_09:03:00;111974.0;411474.0;bus
184054;0;1;89179.link:42919;661879.link:71517;12907;1706634;1496927_08:54:00;386767.0;169742.0;bus
22866;0;1;195878.link:18932;237365.link:48848;18688;1568109;1568109_09:00:00;158210.0;351478.0;bus
85316;0;1;19956.link:23764;451458.link:67867;13951;911207;835743_09:01:00;636350.0;115044.0;bus
44925;0;3;507710.link:59125;416817.link:59658;22781;1484165;203413_08:57:00;36305.0;532736.0;bus
256339;0;1;594887.link:52633;237365.link:48848;18688;1568109;1568109_09:00:00;586561.0;351478.0;bus
253413;0;1;69473.link:79402;451458.link:67867;13951;911207;835743_09:01:00;279185.0;115044.0;bus
130715;0;1;87272.link:67511;456323.link:64149;15259;386101;311569_09:05:00;593923.0;334701.0;bus
223706;0;3;148862.link:48741;456323.link:64149;15259;386101;311569_09:05:00;384423.0;334701.0;bus
320020;0;1;452012.link:28701;486011.link:55512;12526;341182;739944_08:57:00;283477.0;379758.0;bus
116094;0;3;147812.link:56813;397053.link:28890;20417;943853;404031_09:13:00;240045.0;320286.0;bus
81543;0;1;593737.link:35908;650692.link:81557;20612;92588;1227527_08:36:00;168043.0;240045.0;bus
57334;0;1;517744.link:75574;674676.link:53743;18688;1568109;1568109_09:00:00;453230.0;234841.0;bus
304166;0;1;395254.link:59547;650692.link:81557;20612;92588;1227527_08:36:00;509564.0;240045.0;bus
54129;0;3;517744.link:75574;674676.link:53743;18688;1568109;1568109_09:00:00;453230.0;234841.0;bus
8437;0;1;275445.link:39198;608946.link:29841;12526;172998;172998_08:45:00;337282.0;562977.0;bus
81706;0;1;166572.link:32138;99348.link:37641;3299;734663;734663_08:46:00;38935.0;37460.0;bus
128499;0;3;662009.link:32522;451543.link:pt_451543;16059;662596;545301_09:14:00;96974.0;480693.0;rail
370015;1;4;551376.link:57137;650692.link:81557;20612;92588;1227527_08:36:00;84551.0;240045.0;bus
120479;0;1;272400.link:47129;650692.link:81557;20612;92588;1227527_08:36:00;461606.0;240045.0;bus
57238;1;4;517744.link:75574;674676.link:53743;18688;1568109;1568109_09:00:00;453230.0;234841.0;bus
375783;0;1;572907.link:44317;650692.link:81557;20612;92588;1227527_08:36:00;352212.0;240045.0;bus
272951;0;1;572907.link:44317;650692.link:81557;20612;92588;1227527_08:36:00;352212.0;240045.0;bus
97895;0;1;497590.link:40861;22861.link:26546;10278;546534;1339761_09:10:00;411474.0;502007.0;bus
130398;0;3;410688.link:10330;552441.link:11507;5468;698978;422987_09:14:00;96974.0;138454.0;bus
339071;0;1;475117.link:50064;339485.link:40070;12701;25643;25643_08:58:00;161413.0;43544.0;bus
220680;2;7;539881.link:61627;367598.link:56070;13951;911207;835743_09:01:00;140551.0;26842.0;bus
82985;0;5;410688.link:10330;552441.link:11507;5468;698978;422987_09:14:00;96974.0;138454.0;bus
191161;0;5;410688.link:10330;552441.link:11507;5468;698978;422987_09:14:00;96974.0;138454.0;bus
130738;0;5;410688.link:10330;552441.link:11507;5468;698978;422987_09:14:00;96974.0;138454.0;bus
305610;0;1;453838.link:64668;427545.link:1197;13644;199392;1490751_09:13:00;201725.0;466408.0;bus
224794;0;3;160607.link:48741;474259.link:60507;10278;1014075;804239_09:05:00;384423.0;266462.0;bus
156457;0;3;277214.link:69591;461511.link:68767;18092;200082;200082_09:12:00;96062.0;619329.0;bus
127131;0;3;277214.link:69591;461511.link:68767;18092;200082;200082_09:12:00;96062.0;619329.0;bus
29176;0;1;131570.link:29716;61917.link:35395;22293;880011;531753_09:03:00;111974.0;248401.0;bus
283394;0;3;586600.link:13573;119636.link:50016;373;1114137;1114137_09:10:00;96974.0;566620.0;bus
122302;0;1;96435.link:6885;474259.link:60507;17075;1710768;741920_08:54:00;326494.0;266462.0;bus
122528;0;1;276830.link:48295;474259.link:60507;17075;1710768;741920_08:54:00;419235.0;266462.0;bus
128032;0;3;277214.link:69591;461511.link:68767;18092;200082;200082_09:12:00;96062.0;619329.0;bus
131259;0;5;410688.link:10330;1339.link:42050;5468;698978;422987_09:14:00;96974.0;41520.0;bus
109678;0;5;410688.link:10330;1339.link:42050;5468;698978;422987_09:14:00;96974.0;41520.0;bus
80331;0;3;627970.link:79468;86921.link:67313;5773;1557431;915679_09:12:00;240045.0;589200.0;bus
126929;0;1;384750.link:70644;410688.link:34513;22934;948975;53043_08:36:00;48995.0;96974.0;bus
103830;0;1;384750.link:70644;410688.link:34513;22934;948975;53043_08:36:00;48995.0;96974.0;bus
98025;0;1;474355.link:9143;22861.link:26546;22293;880011;531753_09:03:00;326033.0;502007.0;bus
148545;0;3;627970.link:79468;199641.link:63095;5773;1557431;915679_09:12:00;240045.0;534574.0;bus
13762;0;1;543074.link:78446;69692.link:39870;24400;1246556;1246556_09:11:00;624391.0;607814.0;bus
221847;0;1;181758.link:38921;443516.link:52788;7725;534384;775329_09:05:00;309803.0;185600.0;bus
188843;0;1;292123.link:2767;438297.link:7184;19170;1268747;1068521_09:09:00;282972.0;185600.0;bus
106831;0;1;531466.link:65882;578530.link:51226;18688;1568109;1568109_09:00:00;256208.0;152110.0;bus
390299;0;1;448956.link:54740;658248.link:22714;22781;277292;729907_09:06:00;182874.0;575433.0;bus
136131;0;1;507844.link:14851;230550.link:22015;24101;110210;1515062_09:15:00;604875.0;553312.0;bus
103791;0;1;586600.link:13573;316226.link:46518;373;1114137;1114137_09:10:00;96974.0;664177.0;bus
72674;0;1;184782.link:44499;359245.link:33650;13653;134833;761155_09:15:00;625137.0;541588.0;bus
168862;0;1;322467.link:71277;489446.link:81713;22781;1484165;203413_08:57:00;831.0;38137.0;bus
128443;0;1;390861.link:26161;604219.link:59410;13951;911207;835743_09:01:00;348366.0;96974.0;bus
76439;0;1;156311.link:69919;302945.link:14404;22560;890601;1396134_09:07:00;658993.0;395083.0;bus
244562;0;3;108621.link:56817;635139.link:25290;23106;57185;1307921_08:53:00;240045.0;609285.0;bus
247625;0;1;160212.link:41776;344571.link:6227;12526;341182;739944_08:57:00;378316.0;457764.0;bus
298798;0;1;425071.link:52566;120060.link:15713;22293;1617785;197556_09:02:00;47388.0;125808.0;bus
299103;0;1;437042.link:35396;120060.link:15713;22293;1617785;197556_09:02:00;248401.0;125808.0;bus
174940;0;3;108621.link:56817;635139.link:25290;23106;57185;1307921_08:53:00;240045.0;609285.0;bus
240272;0;3;506814.link:56413;427669.link:53446;23106;666145;604836_09:13:00;181821.0;544870.0;bus
209598;0;1;401928.link:80813;272425.link:32123;20612;705237;705237_09:16:00;191428.0;456204.0;bus
14904;0;1;33133.link:47954;483646.link:73017;14914;618201;829391_09:13:00;354177.0;473203.0;bus
314129;0;1;476038.link:2766;75902.link:63560;19170;233783;1228610_09:00:00;282972.0;447989.0;bus
129313;0;5;342114.link:27987;258602.link:37842;5503;204545;204545_09:21:00;417625.0;646696.0;bus
247625;0;3;344571.link:28562;175804.link:56354;12526;889712;564082_09:25:00;457764.0;628138.0;bus
254666;0;1;38049.link:76458;9641.link:49135;7839;372860;1141571_08:47:00;95392.0;226748.0;bus
5393;0;1;480702.link:44503;451458.link:67867;13653;134833;761155_09:15:00;164179.0;115044.0;bus
179091;0;3;142433.link:56815;669574.link:63088;22293;1617785;197556_09:02:00;240045.0;648074.0;bus
93299;0;5;444375.link:9221;191619.link:15731;7949;488069;488069_09:16:00;520392.0;96974.0;rail
129127;0;5;444375.link:9221;191619.link:15731;7949;488069;488069_09:16:00;520392.0;96974.0;rail
279331;0;3;185197.link:8939;128120.link:36757;9289;1673844;23196_09:15:00;603484.0;508585.0;bus
94603;0;1;142503.link:52634;420429.link:47870;18688;1568109;1568109_09:00:00;586561.0;50190.0;bus
348312;0;1;595577.link:54766;604219.link:34506;11988;762814;191419_08:54:00;189325.0;96974.0;bus
372458;0;1;625785.link:20611;669574.link:63088;22293;1617785;197556_09:02:00;331238.0;648074.0;bus
87494;0;1;41162.link:64840;227716.link:24297;21536;412987;1012937_09:15:00;671895.0;377344.0;bus
89417;0;3;342114.link:27987;360448.link:34513;5503;204545;1156114_09:11:00;417625.0;96974.0;bus
121320;0;3;444375.link:9221;191619.link:15731;7949;488069;488069_09:16:00;520392.0;96974.0;rail
428055;0;1;595577.link:54766;604219.link:34506;11988;762814;191419_08:54:00;189325.0;96974.0;bus
241430;0;1;668649.link:52584;669574.link:63088;22293;1617785;197556_09:02:00;581234.0;648074.0;bus
208142;0;1;625785.link:20611;669574.link:63088;22293;1617785;197556_09:02:00;331238.0;648074.0;bus
121385;0;3;444375.link:9221;191619.link:15731;7949;488069;488069_09:16:00;520392.0;96974.0;rail
227367;0;3;302634.link:31269;552013.link:71779;13653;134833;761155_09:15:00;109112.0;58232.0;bus
382332;0;1;247718.link:18822;410929.link:21810;18874;838869;845900_09:02:00;348743.0;385993.0;bus
41435;1;2;56614.link:14861;153538.link:80912;24101;110210;1515062_09:15:00;510106.0;14442.0;bus
108192;0;3;609932.link:13589;263861.link:54325;21480;987021;407761_09:06:00;96974.0;51975.0;bus
101801;0;5;579762.link:40432;239139.link:45745;20417;943853;404031_09:13:00;377654.0;339609.0;bus
195454;0;3;302634.link:31269;572948.link:1330;13653;134833;761155_09:15:00;109112.0;96974.0;bus
32070;0;1;504665.link:22544;395254.link:51937;12701;25643;25643_08:58:00;109682.0;509564.0;bus
102553;0;1;14642.link:10128;537962.link:81758;9289;1137759;61625_09:19:00;30674.0;294771.0;bus
103510;0;3;11016.link:13378;280940.link:12479;18688;1568109;1568109_09:00:00;169742.0;91217.0;bus
133968;0;3;11016.link:13378;280940.link:12479;18688;1568109;1568109_09:00:00;169742.0;91217.0;bus
93505;0;1;641095.link:69989;280940.link:12479;18688;1568109;1568109_09:00:00;366603.0;91217.0;bus
92140;0;3;11016.link:13378;280940.link:12479;18688;1568109;1568109_09:00:00;169742.0;91217.0;bus
130100;0;1;237365.link:48848;280940.link:12479;18688;1568109;1568109_09:00:00;351478.0;91217.0;bus
402398;0;1;523789.link:69083;615752.link:49168;9289;1673844;23196_09:15:00;135122.0;226748.0;bus
129780;0;1;11016.link:13378;280940.link:12479;18688;1568109;1568109_09:00:00;169742.0;91217.0;bus
189253;0;1;246877.link:70637;140004.link:8822;1573;974507;848833_09:13:00;648439.0;620120.0;bus
247625;0;5;397852.link:56353;545209.link:15585;18874;446460;627024_09:24:00;628138.0;88225.0;bus
195269;0;3;271923.link:12230;615752.link:49168;9289;1673844;23196_09:15:00;96974.0;226748.0;bus
373789;0;3;166572.link:32139;669978.link:24775;3299;1374432;1374432_08:53:00;38935.0;144625.0;bus
273882;0;5;199199.link:46517;154878.link:1916;18092;236536;1176966_09:26:00;664177.0;295305.0;bus
186240;0;3;53851.link:61582;458433.link:24695;966;9465;1220694_09:17:00;96974.0;413913.0;bus
94389;0;1;275445.link:39198;455516.link:1478;19170;1622255;91742_09:23:00;337282.0;193450.0;bus
104630;0;3;360448.link:67145;259517.link:30278;5503;1117701;1013084_09:22:00;96974.0;60344.0;bus
39112;1;4;148033.link:9382;93976.link:28291;21991;1707385;616334_09:24:00;520392.0;185600.0;rail
283420;0;3;117201.link:76457;559224.link:76140;7839;29708;780594_08:55:00;95392.0;220682.0;bus
60731;1;4;615752.link:49168;559224.link:76140;7839;29708;780594_08:55:00;226748.0;220682.0;bus
110198;0;3;271923.link:12230;471952.link:49641;9289;1673844;23196_09:15:00;96974.0;104408.0;bus
305610;0;3;635139.link:25290;383361.link:77252;5503;204545;204545_09:21:00;609285.0;666522.0;bus
221847;0;3;136398.link:28292;168132.link:22316;21991;267317;267317_09:28:00;185600.0;417625.0;rail
158480;0;1;237365.link:48848;367598.link:64740;18688;1568109;1568109_09:00:00;351478.0;26842.0;bus
92121;0;3;11016.link:13378;367598.link:64740;18688;1568109;1568109_09:00:00;169742.0;26842.0;bus
215115;0;5;572948.link:59411;552013.link:71779;21108;149335;1116499_09:30:00;96974.0;58232.0;bus
188843;0;3;136398.link:28292;168132.link:22316;21991;267317;267317_09:28:00;185600.0;417625.0;rail
298073;0;3;120060.link:15713;415892.link:54208;5773;1557431;915679_09:12:00;125808.0;496190.0;bus
8000;0;3;117201.link:76457;197025.link:9599;7839;29708;780594_08:55:00;95392.0;578786.0;bus
243009;0;3;627970.link:79468;364639.link:29891;5773;1557431;915679_09:12:00;240045.0;362509.0;bus
59190;0;1;568865.link:59661;669361.link:30704;23536;586760;1081443_09:20:00;206381.0;615173.0;bus
231367;0;1;374122.link:71238;508147.link:7348;21536;412987;1012937_09:15:00;180584.0;403484.0;bus
272238;0;3;627970.link:79468;364639.link:29891;5773;1557431;915679_09:12:00;240045.0;362509.0;bus
48057;1;2;86921.link:67313;380865.link:29891;5773;1557431;915679_09:12:00;589200.0;40782.0;bus
92121;0;5;367598.link:56070;572948.link:1330;12637;320440;1523973_09:30:00;26842.0;96974.0;bus
158480;0;3;367598.link:56070;572948.link:1330;12637;320440;1523973_09:30:00;26842.0;96974.0;bus
83465;0;1;556527.link:54014;659607.link:51862;18874;446460;627024_09:24:00;6570.0;10361.0;bus
78301;0;1;8422.link:65540;507710.link:59125;22781;277292;729907_09:06:00;371725.0;36305.0;bus
106761;0;1;246877.link:70637;526251.link:42051;1573;974507;848833_09:13:00;648439.0;41520.0;bus
315279;0;1;246877.link:70637;526251.link:42051;1573;974507;848833_09:13:00;648439.0;41520.0;bus
78173;0;1;307001.link:57698;51494.link:34112;13676;1154013;12441_09:32:00;21898.0;402482.0;bus
109235;0;1;405145.link:59297;526251.link:42051;1573;974507;848833_09:13:00;592994.0;41520.0;bus
85077;0;1;246877.link:70637;526251.link:42051;1573;974507;848833_09:13:00;648439.0;41520.0;bus
38614;1;4;142899.link:9600;390861.link:26160;7839;372860;1141571_08:47:00;578786.0;348366.0;bus
82744;0;3;120060.link:15713;89375.link:18799;5773;1557431;915679_09:12:00;125808.0;41137.0;bus
116932;0;3;627970.link:79468;89375.link:18799;5773;1557431;915679_09:12:00;240045.0;41137.0;bus
221721;0;1;364639.link:29891;89375.link:18799;5773;1557431;915679_09:12:00;362509.0;41137.0;bus
242049;0;3;120060.link:15713;89375.link:18799;5773;1557431;915679_09:12:00;125808.0;41137.0;bus
178187;0;3;120060.link:15713;89375.link:18799;5773;1557431;915679_09:12:00;125808.0;41137.0;bus
180837;0;3;120060.link:15713;89375.link:18799;5773;1557431;915679_09:12:00;125808.0;41137.0;bus
304623;0;3;627970.link:79468;89375.link:18799;5773;1557431;915679_09:12:00;240045.0;41137.0;bus
82641;0;1;415892.link:54208;89375.link:18799;5773;1557431;915679_09:12:00;496190.0;41137.0;bus
90283;0;1;627970.link:79468;89375.link:18799;5773;1557431;915679_09:12:00;240045.0;41137.0;bus
155773;0;1;552013.link:71779;106632.link:77253;12637;320440;1523973_09:30:00;58232.0;666522.0;bus
86827;0;3;367598.link:56070;106632.link:77253;12637;320440;1523973_09:30:00;26842.0;666522.0;bus
212841;0;3;627970.link:79468;89375.link:18799;5773;1557431;915679_09:12:00;240045.0;41137.0;bus
90717;0;3;120060.link:15713;89375.link:18799;5773;1557431;915679_09:12:00;125808.0;41137.0;bus
237976;0;1;190714.link:64368;72504.link:66201;24101;110210;1515062_09:15:00;257564.0;493871.0;bus
148201;0;5;541639.link:56228;76935.link:59830;18626;1181327;462541_09:30:00;547657.0;150263.0;bus
253413;0;3;451458.link:67867;385812.link:69583;21108;149335;1116499_09:30:00;115044.0;88902.0;bus
288180;0;1;560972.link:10925;73730.link:14206;13245;460649;1627851_09:24:00;431096.0;61954.0;bus
237948;0;1;190714.link:64368;72504.link:66201;24101;110210;1515062_09:15:00;257564.0;493871.0;bus
61604;0;1;560972.link:10925;73730.link:14206;13245;460649;1627851_09:24:00;431096.0;61954.0;bus
159308;0;3;572948.link:59411;385812.link:69583;21108;149335;1116499_09:30:00;96974.0;88902.0;bus
142772;0;5;451458.link:67867;385812.link:69583;21108;149335;1116499_09:30:00;115044.0;88902.0;bus
156981;0;1;71004.link:21477;604219.link:59411;13951;896249;802324_09:32:00;320472.0;96974.0;bus
86518;0;5;572948.link:59411;385812.link:69583;21108;149335;1116499_09:30:00;96974.0;88902.0;bus
307191;0;5;572948.link:59411;385812.link:69583;21108;149335;1116499_09:30:00;96974.0;88902.0;bus
85316;0;3;451458.link:67867;385812.link:69583;21108;149335;1116499_09:30:00;115044.0;88902.0;bus
103830;0;3;662009.link:37848;451543.link:pt_451543;16059;273154;636194_09:35:00;96974.0;480693.0;rail
121454;0;1;483556.link:30544;531722.link:56414;23106;1288234;1258598_09:13:00;504931.0;181821.0;bus
108608;0;3;572948.link:59411;385812.link:69583;21108;149335;1116499_09:30:00;96974.0;88902.0;bus
204246;0;1;233132.link:33390;72504.link:66201;24101;110210;1515062_09:15:00;440091.0;493871.0;bus
272832;0;5;451458.link:67867;385812.link:69583;21108;149335;1116499_09:30:00;115044.0;88902.0;bus
223088;0;3;572948.link:59411;385812.link:69583;21108;149335;1116499_09:30:00;96974.0;88902.0;bus
120219;0;1;469740.link:32517;272212.link:72474;10278;546534;1339761_09:10:00;120778.0;266462.0;bus
326240;0;1;319285.link:42689;254705.link:22606;13245;460649;1627851_09:24:00;253948.0;262138.0;bus
336446;0;3;338123.link:56812;54199.link:45364;13598;1422485;1641887_09:33:00;240045.0;422896.0;bus
231994;0;1;400743.link:48623;72504.link:66201;22781;1484165;203413_08:57:00;484211.0;493871.0;bus
244562;0;5;444375.link:9221;240548.link:9274;16059;1025840;899463_09:31:00;520392.0;601422.0;rail
254783;0;1;83.link:76141;69916.link:45428;7839;372860;1141571_08:47:00;220682.0;141548.0;bus
238521;0;1;69692.link:39870;508147.link:7348;24400;1246556;1246556_09:11:00;607814.0;403484.0;bus
102868;0;1;257700.link:6228;29494.link:36104;12526;889712;564082_09:25:00;457764.0;154159.0;bus
283997;1;2;431060.link:16905;275445.link:39198;23536;137506;1608902_09:38:00;601422.0;337282.0;bus
129852;0;1;246877.link:70637;367598.link:56070;1573;974507;848833_09:13:00;648439.0;26842.0;bus
230334;0;1;560972.link:10925;254705.link:22606;13245;460649;1627851_09:24:00;431096.0;262138.0;bus
291013;0;3;611413.link:72769;72504.link:66201;22781;1484165;203413_08:57:00;210166.0;493871.0;bus
142702;0;1;69692.link:39870;508147.link:7348;24400;1246556;1246556_09:11:00;607814.0;403484.0;bus
244865;0;1;49607.link:47545;575489.link:74249;20612;705237;705237_09:16:00;400312.0;523239.0;bus
120732;0;1;197070.link:60651;575489.link:74249;20612;705237;705237_09:16:00;651472.0;523239.0;bus
362253;1;4;190714.link:64368;197854.link:15078;24101;110210;1515062_09:15:00;257564.0;655169.0;bus
387698;0;1;580956.link:63856;197854.link:15078;24101;110210;1515062_09:15:00;89158.0;655169.0;bus
264984;0;1;190714.link:64368;197854.link:15078;24101;110210;1515062_09:15:00;257564.0;655169.0;bus
274947;0;5;572948.link:59411;593729.link:46549;21108;149335;1116499_09:30:00;96974.0;93016.0;bus
14292;0;1;414210.link:44379;63882.link:8744;20417;943853;404031_09:13:00;286748.0;322469.0;bus
172237;0;1;233132.link:33390;197854.link:15078;24101;110210;1515062_09:15:00;440091.0;655169.0;bus
107675;0;5;572948.link:59411;593729.link:46549;21108;149335;1116499_09:30:00;96974.0;93016.0;bus
216727;0;1;557401.link:54015;281348.link:41783;12526;889712;564082_09:25:00;6570.0;80511.0;bus
272910;0;5;552013.link:71779;411707.link:18093;12637;320440;1523973_09:30:00;58232.0;509793.0;bus
227367;0;5;552013.link:71779;411707.link:18093;12637;320440;1523973_09:30:00;58232.0;509793.0;bus
129127;0;7;572948.link:59411;593729.link:46549;21108;149335;1116499_09:30:00;96974.0;93016.0;bus
108905;0;5;572948.link:59411;593729.link:46549;21108;149335;1116499_09:30:00;96974.0;93016.0;bus
162033;0;1;49478.link:9292;462215.link:pt_462215;16059;258178;1029621_09:32:00;601422.0;480693.0;rail
287960;0;1;580956.link:63856;197854.link:15078;24101;110210;1515062_09:15:00;89158.0;655169.0;bus
83304;0;5;572948.link:59411;593729.link:46549;21108;149335;1116499_09:30:00;96974.0;93016.0;bus
132328;0;3;572948.link:59411;593729.link:46549;21108;149335;1116499_09:30:00;96974.0;93016.0;bus
32371;0;1;564788.link:44312;610735.link:44318;20612;125244;63633_09:22:00;589889.0;352212.0;bus
93299;0;7;572948.link:59411;593729.link:46549;21108;149335;1116499_09:30:00;96974.0;93016.0;bus
36662;0;1;251532.link:19502;50743.link:38930;3654;295338;490945_09:23:00;526672.0;594422.0;bus
76520;0;3;3079.link:20260;246877.link:70636;1573;327109;1026432_09:15:00;239072.0;648439.0;bus
241283;0;1;606173.link:53409;214959.link:60764;3299;734663;734663_08:46:00;557425.0;134979.0;bus
118221;0;3;120060.link:15713;443516.link:52788;5773;1557431;915679_09:12:00;125808.0;185600.0;bus
61028;0;1;385702.link:79037;246877.link:70636;1573;327109;1026432_09:15:00;144601.0;648439.0;bus
61039;0;1;385702.link:79037;246877.link:70636;1573;327109;1026432_09:15:00;144601.0;648439.0;bus
74171;0;1;650392.link:47718;246877.link:70636;1573;327109;1026432_09:15:00;436497.0;648439.0;bus
180279;0;1;350650.link:48393;443516.link:52788;5773;1557431;915679_09:12:00;578918.0;185600.0;bus
179221;0;3;76935.link:59830;593962.link:21889;18626;1181327;462541_09:30:00;150263.0;179347.0;bus
211683;0;3;76935.link:59830;593962.link:21889;18626;1181327;462541_09:30:00;150263.0;179347.0;bus
149071;0;3;627970.link:79468;443516.link:52788;5773;1557431;915679_09:12:00;240045.0;185600.0;bus
280561;0;1;432020.link:7446;50743.link:38930;3654;295338;490945_09:23:00;155273.0;594422.0;bus
178180;0;3;120060.link:15713;443516.link:52788;5773;1557431;915679_09:12:00;125808.0;185600.0;bus
214103;0;3;76935.link:59830;593962.link:21889;18626;1181327;462541_09:30:00;150263.0;179347.0;bus
121913;0;3;627970.link:79468;443516.link:52788;5773;1557431;915679_09:12:00;240045.0;185600.0;bus
147810;0;3;120060.link:15713;443516.link:52788;5773;1557431;915679_09:12:00;125808.0;185600.0;bus
37371;1;4;246877.link:70637;609932.link:13589;1573;974507;848833_09:13:00;648439.0;96974.0;bus
103076;0;5;514565.link:14296;593729.link:46549;3794;1432724;819830_09:30:00;485025.0;93016.0;bus
163334;0;3;159131.link:26976;444375.link:9220;2556;530411;1554739_09:17:00;384423.0;520392.0;rail
129780;0;3;280940.link:12479;593729.link:46549;3794;1432724;819830_09:30:00;91217.0;93016.0;bus
86118;0;5;410688.link:10330;438491.link:70641;22934;948975;1378201_09:36:00;96974.0;48995.0;bus
133968;0;5;280940.link:12479;593729.link:46549;3794;1432724;819830_09:30:00;91217.0;93016.0;bus
104646;0;1;590143.link:22892;277214.link:69591;18092;236536;1176966_09:26:00;38250.0;96062.0;bus
93505;0;3;280940.link:12479;593729.link:46549;3794;1432724;819830_09:30:00;91217.0;93016.0;bus
92140;0;5;280940.link:12479;593729.link:46549;3794;1432724;819830_09:30:00;91217.0;93016.0;bus
103510;0;5;280940.link:12479;593729.link:46549;3794;1432724;819830_09:30:00;91217.0;93016.0;bus
72781;0;1;270791.link:6121;410688.link:34513;5468;698978;422987_09:14:00;323161.0;96974.0;bus
132137;0;1;296256.link:20784;435836.link:13589;7839;372860;1141571_08:47:00;19704.0;96974.0;bus
91836;0;1;39456.link:73606;311917.link:56358;12743;1180575;507507_09:29:00;582818.0;590295.0;bus
225151;0;1;292016.link:11389;435836.link:13589;7839;372860;1141571_08:47:00;648867.0;96974.0;bus
252966;0;1;398674.link:14404;435836.link:13589;7839;372860;1141571_08:47:00;395083.0;96974.0;bus
189611;1;2;237365.link:78757;311917.link:39091;18874;838869;845900_09:02:00;351478.0;590295.0;bus
83643;0;1;585367.link:32710;435836.link:13589;7839;372860;1141571_08:47:00;475179.0;96974.0;bus
442434;0;1;28010.link:41037;72504.link:66200;8390;1211691;712936_09:36:00;323305.0;493871.0;bus
81283;0;1;452220.link:14575;46295.link:76459;14914;618201;829391_09:13:00;301018.0;612531.0;bus
176225;1;4;509997.link:10528;480705.link:20808;7883;563541;1284345_09:13:00;666115.0;269868.0;bus
243514;0;1;612923.link:71937;602275.link:53030;3299;734663;734663_08:46:00;351973.0;240045.0;bus
100250;0;1;607202.link:45546;602275.link:53030;3299;734663;734663_08:46:00;607694.0;240045.0;bus
243737;0;1;607202.link:45546;602275.link:53030;3299;734663;734663_08:46:00;607694.0;240045.0;bus
267535;1;2;214959.link:60764;143091.link:56819;14914;618201;829391_09:13:00;134979.0;240045.0;bus
323033;0;1;74636.link:22432;405816.link:42364;24400;40825;895548_09:34:00;296807.0;326505.0;bus
115838;0;1;665381.link:24776;602275.link:53030;3299;734663;734663_08:46:00;144625.0;240045.0;bus
177822;0;1;361020.link:28775;602275.link:53030;3299;734663;734663_08:46:00;393496.0;240045.0;bus
304424;0;1;197070.link:60651;602275.link:53030;3299;734663;734663_08:46:00;651472.0;240045.0;bus
177587;0;3;166572.link:32138;602275.link:53030;3299;734663;734663_08:46:00;38935.0;240045.0;bus
90534;0;1;166572.link:32138;602275.link:53030;3299;734663;734663_08:46:00;38935.0;240045.0;bus
100324;0;1;612923.link:71937;602275.link:53030;3299;734663;734663_08:46:00;351973.0;240045.0;bus
81752;0;1;35413.link:6179;602275.link:53030;3299;734663;734663_08:46:00;2019.0;240045.0;bus
247625;0;7;629769.link:12501;662009.link:37849;16059;258178;1029621_09:32:00;649912.0;96974.0;rail
132381;0;1;49478.link:9292;662009.link:37849;16059;258178;1029621_09:32:00;601422.0;96974.0;rail
398021;0;1;336219.link:51667;602275.link:53030;3299;734663;734663_08:46:00;70767.0;240045.0;bus
92121;0;7;410688.link:10330;431476.link:8762;22934;948975;1378201_09:36:00;96974.0;494189.0;bus
209889;0;1;265347.link:37668;412898.link:21450;14604;1185324;708499_09:05:00;60253.0;110925.0;bus
158480;0;5;410688.link:10330;431476.link:8762;22934;948975;1378201_09:36:00;96974.0;494189.0;bus
188833;0;1;131670.link:67791;396470.link:18797;3654;295338;490945_09:23:00;252486.0;33445.0;bus
178187;0;5;157324.link:15495;451340.link:59748;19170;1622255;91742_09:23:00;41137.0;578286.0;bus
220288;0;1;492912.link:71416;667609.link:3442;9289;1673844;23196_09:15:00;666332.0;639853.0;bus
428055;0;3;360448.link:67145;307730.link:27984;5503;1117701;683400_09:32:00;96974.0;417625.0;bus
82078;0;3;147812.link:56813;14810.link:68697;373;1182068;1182068_09:10:00;240045.0;455158.0;bus
152836;0;3;311917.link:39091;557401.link:54015;18874;838869;845900_09:02:00;590295.0;6570.0;bus
242049;0;5;89375.link:18799;581508.link:54324;19170;593598;1529047_09:29:00;41137.0;51975.0;bus
180837;0;5;157324.link:15495;75902.link:63560;19170;1622255;91742_09:23:00;41137.0;447989.0;bus
90717;0;5;89375.link:18799;581508.link:54324;19170;593598;1529047_09:29:00;41137.0;51975.0;bus
163334;0;5;148033.link:9382;168132.link:22317;21991;1707385;116942_09:44:00;520392.0;417625.0;rail
272964;0;1;275597.link:44551;674690.link:77419;20612;125244;63633_09:22:00;160387.0;94514.0;bus
82641;0;3;89375.link:18799;581508.link:54324;19170;593598;1529047_09:29:00;41137.0;51975.0;bus
82744;0;5;89375.link:18799;581508.link:54324;19170;593598;1529047_09:29:00;41137.0;51975.0;bus
221847;0;5;342114.link:27987;258602.link:37842;5503;204545;338546_09:41:00;417625.0;646696.0;bus
103054;0;3;263484.link:9534;514565.link:14296;21480;915170;922102_09:24:00;309005.0;485025.0;bus
266702;0;1;63882.link:8744;280110.link:58223;20417;943853;404031_09:13:00;322469.0;189869.0;bus
214386;0;3;400083.link:26943;365736.link:67510;10278;546534;1339761_09:10:00;36053.0;593923.0;bus
244865;0;3;661392.link:74252;159896.link:58703;20612;125244;63633_09:22:00;523239.0;99045.0;bus
290024;0;1;459329.link:42757;52441.link:15082;21446;1158378;1367786_09:35:00;343932.0;655169.0;bus
90283;0;3;157324.link:15495;465100.link:44997;19170;1622255;91742_09:23:00;41137.0;36373.0;bus
174940;0;5;444375.link:9221;657926.link:12503;16059;1025840;899463_09:31:00;520392.0;649912.0;rail
37990;0;1;392640.link:53742;365736.link:67510;15259;1018570;29878_09:41:00;43597.0;593923.0;bus
58152;0;1;392640.link:53742;365736.link:67510;15259;1018570;29878_09:41:00;43597.0;593923.0;bus
159115;0;1;392640.link:53742;365736.link:67510;15259;1018570;29878_09:41:00;43597.0;593923.0;bus
223887;0;1;392640.link:53742;365736.link:67510;15259;1018570;29878_09:41:00;43597.0;593923.0;bus
380570;0;1;451458.link:67867;342040.link:62152;21108;149335;1116499_09:30:00;115044.0;353585.0;bus
93957;0;1;392640.link:53742;365736.link:67510;15259;1018570;29878_09:41:00;43597.0;593923.0;bus
107613;0;1;573498.link:14431;626591.link:60893;22560;890601;1396134_09:07:00;225816.0;384423.0;bus
224639;0;1;573498.link:14431;626591.link:60893;22560;890601;1396134_09:07:00;225816.0;384423.0;bus
131532;0;1;573498.link:14431;626591.link:60893;22560;890601;1396134_09:07:00;225816.0;384423.0;bus
221721;0;3;157324.link:15495;342731.link:11244;19170;1622255;91742_09:23:00;41137.0;33445.0;bus
315996;0;1;577543.link:49924;626591.link:60893;22560;890601;1396134_09:07:00;21775.0;384423.0;bus
86518;0;7;170724.link:69001;217917.link:12476;3794;1343297;1085268_09:42:00;88902.0;91217.0;bus
98533;1;4;253293.link:39798;669574.link:63088;13598;775981;344931_09:33:00;148383.0;648074.0;bus
149889;0;1;23317.link:50950;175917.link:43827;23106;996655;621391_09:33:00;638176.0;124343.0;bus
158728;0;1;577543.link:49924;626591.link:60893;22560;890601;1396134_09:07:00;21775.0;384423.0;bus
131210;0;1;573498.link:14431;626591.link:60893;22560;890601;1396134_09:07:00;225816.0;384423.0;bus
239915;0;1;668428.link:81138;531722.link:56414;22293;952366;772540_09:42:00;36038.0;181821.0;bus
130486;0;1;675534.link:79263;626591.link:60893;22560;890601;1396134_09:07:00;73644.0;384423.0;bus
317754;0;1;392640.link:53742;370025.link:11403;15259;1018570;29878_09:41:00;43597.0;568853.0;bus
80507;0;3;346745.link:44226;56361.link:56858;7883;563541;1284345_09:13:00;353008.0;240045.0;bus
244228;0;3;346745.link:44226;56361.link:56858;7883;563541;1284345_09:13:00;353008.0;240045.0;bus
251757;0;7;545209.link:15585;152652.link:47168;18874;446460;627024_09:24:00;88225.0;637280.0;bus
90905;0;3;346745.link:44226;56361.link:56858;7883;563541;1284345_09:13:00;353008.0;240045.0;bus
90918;0;1;230840.link:71130;56361.link:56858;7883;563541;1284345_09:13:00;368764.0;240045.0;bus
244066;0;3;346745.link:44226;56361.link:56858;7883;563541;1284345_09:13:00;353008.0;240045.0;bus
200373;0;3;507710.link:59125;358212.link:19453;22781;277292;729907_09:06:00;36305.0;143047.0;bus
212841;0;5;89375.link:18799;240701.link:60793;19170;593598;1529047_09:29:00;41137.0;610144.0;bus
116932;0;5;89375.link:18799;240701.link:60793;19170;593598;1529047_09:29:00;41137.0;610144.0;bus
39112;1;6;438297.link:7184;240701.link:60793;19170;593598;1529047_09:29:00;185600.0;610144.0;bus
272063;0;5;147812.link:56813;457790.link:70685;373;1182068;1182068_09:10:00;240045.0;113539.0;bus
271553;0;3;346745.link:44226;56361.link:56858;7883;563541;1284345_09:13:00;353008.0;240045.0;bus
148258;0;3;346745.link:44226;56361.link:56858;7883;563541;1284345_09:13:00;353008.0;240045.0;bus
335643;0;1;464586.link:56447;457790.link:70685;373;1182068;1182068_09:10:00;532962.0;113539.0;bus
68932;2;3;134319.link:64513;663005.link:59548;20612;125244;63633_09:22:00;42579.0;509564.0;bus
74840;0;1;573498.link:14431;450501.link:12280;22560;890601;1396134_09:07:00;225816.0;577786.0;bus
7404;0;1;573498.link:14431;450501.link:12280;22560;890601;1396134_09:07:00;225816.0;577786.0;bus
334077;1;14;174380.link:56057;147812.link:59273;373;1114137;1114137_09:10:00;26842.0;240045.0;bus
180279;0;3;443516.link:52789;145941.link:71231;7725;534384;889763_09:45:00;185600.0;463964.0;bus
75628;1;4;175804.link:56354;285647.link:20656;18874;838869;845900_09:02:00;628138.0;224889.0;bus
92425;0;3;185197.link:8939;147812.link:59273;373;1114137;1114137_09:10:00;603484.0;240045.0;bus
149071;0;5;443516.link:52789;145941.link:71231;7725;534384;889763_09:45:00;185600.0;463964.0;bus
220974;0;1;49590.link:67568;4350.link:69084;9289;1137759;61625_09:19:00;190940.0;135122.0;bus
145838;1;6;293721.link:52592;142433.link:56816;22293;952366;772540_09:42:00;55150.0;240045.0;bus
98285;0;1;425071.link:52566;142433.link:56816;22293;952366;772540_09:42:00;47388.0;240045.0;bus
123011;0;1;440234.link:3443;4350.link:69084;9289;1137759;61625_09:19:00;639853.0;135122.0;bus
246430;0;3;400083.link:26943;626591.link:60894;10278;546534;1339761_09:10:00;36053.0;384423.0;bus
122612;0;3;400083.link:26943;626591.link:60894;10278;546534;1339761_09:10:00;36053.0;384423.0;bus
122302;0;3;272212.link:72474;626591.link:60894;10278;546534;1339761_09:10:00;266462.0;384423.0;bus
151339;0;1;255750.link:26333;626591.link:60894;10278;546534;1339761_09:10:00;445914.0;384423.0;bus
405507;0;3;31045.link:56813;626591.link:60894;10278;546534;1339761_09:10:00;240045.0;384423.0;bus
178180;0;5;136398.link:28292;168132.link:22316;21991;1288999;1193263_09:48:00;185600.0;417625.0;rail
993;0;1;554522.link:6033;607682.link:73018;13598;1422485;1641887_09:33:00;255001.0;473203.0;bus
122528;0;3;272212.link:72474;626591.link:60894;10278;546534;1339761_09:10:00;266462.0;384423.0;bus
274297;0;3;400083.link:26943;626591.link:60894;10278;546534;1339761_09:10:00;36053.0;384423.0;bus
86827;0;5;106632.link:77253;301262.link:61683;5503;1117701;233398_09:42:00;666522.0;263804.0;bus
143254;0;5;147812.link:56813;451458.link:67867;373;1182068;1182068_09:10:00;240045.0;115044.0;bus
120818;0;3;147812.link:56813;451458.link:67867;373;1182068;1182068_09:10:00;240045.0;115044.0;bus
7506;1;4;392640.link:53742;148862.link:48740;15259;1018570;29878_09:41:00;43597.0;384423.0;bus
224778;0;1;365736.link:67510;148862.link:48740;15259;1018570;29878_09:41:00;593923.0;384423.0;bus
330911;0;1;336574.link:41818;502946.link:25453;13668;1030855;644852_09:44:00;165879.0;36385.0;bus
160202;0;1;392640.link:53742;148862.link:48740;15259;1018570;29878_09:41:00;43597.0;384423.0;bus
121913;0;5;443516.link:52789;358836.link:7463;7725;534384;889763_09:45:00;185600.0;594422.0;bus
147810;0;5;443516.link:52789;358836.link:7463;7725;534384;889763_09:45:00;185600.0;594422.0;bus
254666;0;3;9641.link:49135;425730.link:71417;9289;1137759;61625_09:19:00;226748.0;666332.0;bus
441283;0;1;448956.link:54740;72018.link:58788;22781;277292;729907_09:06:00;182874.0;208691.0;bus
99143;0;1;554522.link:6033;537449.link:52508;13598;1422485;1641887_09:33:00;255001.0;201276.0;bus
118221;0;5;136398.link:28292;148033.link:9383;21991;1288999;1193263_09:48:00;185600.0;520392.0;rail
75650;0;1;435758.link:27709;654069.link:7460;19170;593598;1529047_09:29:00;483239.0;77599.0;bus
79240;0;1;171481.link:31444;72018.link:58788;22781;277292;729907_09:06:00;560205.0;208691.0;bus
116650;0;1;347116.link:11544;367598.link:56070;373;1182068;1182068_09:10:00;106287.0;26842.0;bus
121907;0;3;147812.link:56813;367598.link:56070;373;1182068;1182068_09:10:00;240045.0;26842.0;bus
121634;0;1;94924.link:70842;367598.link:56070;373;1182068;1182068_09:10:00;507793.0;26842.0;bus
115063;0;3;147812.link:56813;367598.link:56070;373;1182068;1182068_09:10:00;240045.0;26842.0;bus
128625;0;1;621072.link:1539;451458.link:67867;9289;1137759;61625_09:19:00;69870.0;115044.0;bus
120315;0;5;147812.link:56813;367598.link:56070;373;1182068;1182068_09:10:00;240045.0;26842.0;bus
121982;0;5;147812.link:56813;367598.link:56070;373;1182068;1182068_09:10:00;240045.0;26842.0;bus
97392;0;3;147812.link:56813;367598.link:56070;373;1182068;1182068_09:10:00;240045.0;26842.0;bus
313220;1;4;217917.link:12476;53851.link:72263;3794;1343297;1085268_09:42:00;91217.0;96974.0;bus
80661;0;3;147812.link:56813;367598.link:56070;373;1182068;1182068_09:10:00;240045.0;26842.0;bus
414150;0;3;497590.link:40861;367598.link:56070;373;1182068;1182068_09:10:00;411474.0;26842.0;bus
81901;0;1;205658.link:58989;627970.link:79467;7989;1073960;241685_09:24:00;377120.0;240045.0;bus
90484;0;3;497590.link:40861;367598.link:56070;373;1182068;1182068_09:10:00;411474.0;26842.0;bus
49944;1;4;1645.link:15311;627970.link:79467;7989;1073960;241685_09:24:00;121642.0;240045.0;bus
90632;0;3;147812.link:56813;367598.link:56070;373;1182068;1182068_09:10:00;240045.0;26842.0;bus
97873;0;1;147812.link:56813;367598.link:56070;373;1182068;1182068_09:10:00;240045.0;26842.0;bus
91486;0;3;497590.link:40861;367598.link:56070;373;1182068;1182068_09:10:00;411474.0;26842.0;bus
96440;0;1;72018.link:58788;611413.link:72769;22781;277292;729907_09:06:00;208691.0;210166.0;bus
82080;0;3;147812.link:56813;367598.link:56070;373;1182068;1182068_09:10:00;240045.0;26842.0;bus
214549;0;3;497590.link:40861;367598.link:56070;373;1182068;1182068_09:10:00;411474.0;26842.0;bus
101696;0;3;147812.link:56813;367598.link:56070;373;1182068;1182068_09:10:00;240045.0;26842.0;bus
115848;0;3;147812.link:56813;367598.link:56070;373;1182068;1182068_09:10:00;240045.0;26842.0;bus
422059;0;3;497590.link:40861;367598.link:56070;373;1182068;1182068_09:10:00;411474.0;26842.0;bus
101295;0;3;610783.link:11538;367598.link:56070;373;1182068;1182068_09:10:00;79241.0;26842.0;bus
116020;0;3;147812.link:56813;367598.link:56070;373;1182068;1182068_09:10:00;240045.0;26842.0;bus
305113;0;3;610783.link:11538;367598.link:56070;373;1182068;1182068_09:10:00;79241.0;26842.0;bus
90920;0;3;147812.link:56813;367598.link:56070;373;1182068;1182068_09:10:00;240045.0;26842.0;bus
97532;0;3;147812.link:56813;367598.link:56070;373;1182068;1182068_09:10:00;240045.0;26842.0;bus
121148;0;3;610783.link:11538;367598.link:56070;373;1182068;1182068_09:10:00;79241.0;26842.0;bus
82260;0;3;147812.link:56813;367598.link:56070;373;1182068;1182068_09:10:00;240045.0;26842.0;bus
70769;0;3;322056.link:77270;367598.link:56070;373;1182068;1182068_09:10:00;582085.0;26842.0;bus
148848;0;1;273782.link:77303;650692.link:81557;20612;705237;705237_09:16:00;217735.0;240045.0;bus
183551;0;1;182741.link:1584;512051.link:30695;12743;1180575;507507_09:29:00;100649.0;301283.0;bus
108192;0;5;581508.link:54324;310111.link:12285;19170;593598;1529047_09:29:00;51975.0;560248.0;bus
304692;0;1;575489.link:74249;650692.link:81557;20612;705237;705237_09:16:00;523239.0;240045.0;bus
411557;0;3;49607.link:47545;650692.link:81557;20612;705237;705237_09:16:00;400312.0;240045.0;bus
89635;0;5;49607.link:47545;650692.link:81557;20612;705237;705237_09:16:00;400312.0;240045.0;bus
145872;1;4;66064.link:14811;635458.link:52595;22293;1149182;412714_09:28:00;628422.0;55150.0;bus
363376;0;1;674159.link:33406;406280.link:54742;8390;98964;696445_09:35:00;385007.0;493871.0;bus
222810;0;1;593354.link:75575;489463.link:66048;18874;446460;627024_09:24:00;453230.0;510903.0;bus
48892;0;1;377796.link:79205;466411.link:7327;10853;267788;508770_09:15:00;172645.0;189237.0;bus
372312;0;3;398058.link:48133;348621.link:51316;13951;896249;802324_09:32:00;113539.0;399896.0;bus
208475;0;1;164010.link:29216;17865.link:52583;22293;1149182;412714_09:28:00;642971.0;581234.0;bus
147784;0;1;1645.link:15311;466411.link:7327;10853;267788;508770_09:15:00;121642.0;189237.0;bus
126929;0;3;53851.link:61582;26883.link:37515;966;1482539;1337312_09:50:00;96974.0;411153.0;bus
226566;0;1;275445.link:39198;100488.link:41786;12526;341182;282899_09:37:00;337282.0;80511.0;bus
207579;0;1;147812.link:56813;586600.link:13589;373;1182068;1182068_09:10:00;240045.0;96974.0;bus
270770;0;3;147812.link:56813;586600.link:13589;373;1182068;1182068_09:10:00;240045.0;96974.0;bus
101029;0;3;147812.link:56813;586600.link:13589;373;1182068;1182068_09:10:00;240045.0;96974.0;bus
224778;0;3;148862.link:48740;58756.link:58682;15259;1220406;203891_09:55:00;384423.0;1207.0;bus
224639;0;3;148862.link:48740;58756.link:58682;15259;1220406;203891_09:55:00;384423.0;1207.0;bus
148258;0;5;477080.link:42860;399963.link:37927;7195;81719;538048_09:58:00;240045.0;42579.0;rail
348312;0;3;191619.link:15731;471849.link:28500;10939;108503;1472940_09:49:00;96974.0;384423.0;rail
101773;0;1;164482.link:7328;577087.link:61137;10853;1363806;1363806_09:34:00;189237.0;496096.0;bus
2634;0;1;70783.link:57224;672350.link:45796;18626;1181327;462541_09:30:00;300013.0;150263.0;bus
246925;1;8;367598.link:56070;572948.link:1330;3578;1501909;1501909_10:00:00;26842.0;96974.0;bus
209071;2;3;121889.link:39637;577087.link:61137;10853;1363806;1363806_09:34:00;276656.0;496096.0;bus
244562;0;7;49478.link:9292;462215.link:pt_462215;16059;258178;130386_09:52:00;601422.0;480693.0;rail
266702;0;3;280110.link:58223;591007.link:8210;3299;93476;267502_09:52:00;189869.0;570833.0;bus
183161;0;1;257700.link:6228;281348.link:41783;12526;889712;1271713_09:45:00;457764.0;80511.0;bus
83643;0;3;609932.link:22133;1339.link:42050;1573;1476385;185284_09:55:00;96974.0;41520.0;bus
239915;0;3;506814.link:56413;618014.link:56449;23106;666145;279292_09:53:00;181821.0;584454.0;bus
132137;0;3;609932.link:22133;1339.link:42050;1573;1476385;185284_09:55:00;96974.0;41520.0;bus
116671;0;1;164010.link:29216;22861.link:26546;22293;1149182;412714_09:28:00;642971.0;502007.0;bus
220411;0;3;609932.link:22133;1339.link:42050;1573;1476385;185284_09:55:00;96974.0;41520.0;bus
305889;0;1;343979.link:4383;577087.link:61137;10853;1363806;1363806_09:34:00;202943.0;496096.0;bus
208251;0;1;249227.link:45359;106883.link:56857;23304;296562;296562_08:54:00;319123.0;240045.0;bus
14162;0;1;280110.link:58223;618623.link:54685;3299;93476;267502_09:52:00;189869.0;548561.0;bus
237976;0;3;406280.link:54742;110472.link:41026;8390;98964;696445_09:35:00;493871.0;300257.0;bus
205489;0;1;526277.link:13529;618623.link:54685;3299;93476;267502_09:52:00;467143.0;548561.0;bus
231994;0;3;406280.link:54742;110472.link:41026;8390;98964;696445_09:35:00;493871.0;300257.0;bus
152836;0;5;557401.link:54015;92514.link:10101;12526;889712;1271713_09:45:00;6570.0;157124.0;bus
261672;0;1;277401.link:75991;419750.link:28873;5185;1115822;1115822_09:44:00;614144.0;463521.0;bus
404817;0;1;431060.link:16905;157324.link:15495;19170;233783;69388_09:40:00;601422.0;41137.0;bus
140847;0;1;222500.link:9796;649430.link:72758;22781;1484165;1015234_09:57:00;270354.0;257468.0;bus
157499;0;1;181758.link:38921;443516.link:52788;7725;534384;889763_09:45:00;309803.0;185600.0;bus
117474;1;4;456851.link:68426;531722.link:56414;23106;996655;621391_09:33:00;201466.0;181821.0;bus
350595;0;1;593729.link:46548;87070.link:39761;21108;1163569;1583937_09:50:00;93016.0;617326.0;bus
126195;0;1;486496.link:40831;593729.link:46548;21108;1163569;1583937_09:50:00;584634.0;93016.0;bus
204246;0;3;406280.link:54742;103937.link:42910;8390;1211691;712936_09:36:00;493871.0;292365.0;bus
126986;0;1;253478.link:25767;170724.link:69001;21108;1163569;1583937_09:50:00;403726.0;88902.0;bus
96440;0;3;611413.link:72769;299970.link:68366;22781;1484165;1015234_09:57:00;210166.0;94257.0;bus
60731;1;6;83.link:76141;296256.link:20784;7839;372860;16354_09:47:00;220682.0;19704.0;bus
68410;0;1;575303.link:47434;522611.link:64287;14914;618201;948077_09:53:00;596680.0;313612.0;bus
315667;0;1;356569.link:45334;170724.link:69001;21108;1163569;1583937_09:50:00;293924.0;88902.0;bus
26909;1;6;507710.link:59124;484637.link:68812;13668;1030855;644852_09:44:00;36305.0;626868.0;bus
123011;0;3;523789.link:69083;526251.link:42051;5409;40740;249926_09:45:00;135122.0;41520.0;bus
352009;0;1;1339.link:42050;674929.link:8823;1573;1476385;185284_09:55:00;41520.0;620120.0;bus
122453;0;1;92514.link:10101;585269.link:9535;12526;889712;564082_09:25:00;157124.0;309005.0;bus
68932;2;5;395254.link:51937;99822.link:25970;12701;878720;1578306_09:40:00;509564.0;120804.0;bus
165662;0;1;560699.link:17191;374122.link:6432;21536;96389;84392_09:50:00;130860.0;180584.0;bus
104646;0;3;53851.link:61582;70121.link:76669;3794;1432724;670527_10:00:00;96974.0;555177.0;bus
189611;1;4;629769.link:12501;187458.link:51185;16059;262437;1251400_09:52:00;649912.0;417625.0;rail
220974;0;3;523789.link:69083;526251.link:42051;5409;40740;249926_09:45:00;135122.0;41520.0;bus
91836;0;3;629769.link:12501;662009.link:37849;16059;258178;130386_09:52:00;649912.0;96974.0;rail
78301;0;3;507710.link:59124;380787.link:33356;13668;1030855;644852_09:44:00;36305.0;237786.0;bus
282826;0;1;547569.link:65894;347093.link:27899;15259;1220406;203891_09:55:00;160244.0;237219.0;bus
89417;0;5;410688.link:10330;1339.link:42050;5468;905927;703005_09:59:00;96974.0;41520.0;bus
208751;0;1;33133.link:47954;120060.link:63078;14914;618201;948077_09:53:00;354177.0;125808.0;bus
120818;0;5;451458.link:67867;118654.link:31286;13653;353804;565512_10:00:00;115044.0;436335.0;bus
157295;0;1;157324.link:15495;142629.link:29892;5773;1701556;1613679_09:59:00;41137.0;532129.0;bus
92425;0;5;477080.link:42860;283994.link:55178;7195;81719;538048_09:58:00;240045.0;589889.0;rail
273999;0;1;604019.link:26168;503466.link:56231;18626;1181327;462541_09:30:00;198859.0;547657.0;bus
156981;0;3;575778.link:69591;430729.link:73794;22934;948975;1378201_09:36:00;96062.0;494189.0;bus
357549;0;3;148862.link:48740;281917.link:45144;15259;1220406;203891_09:55:00;384423.0;539093.0;bus
106287;0;1;157324.link:15495;465100.link:44997;19170;233783;69388_09:40:00;41137.0;36373.0;bus
247625;0;9;572948.link:1330;578266.link:39211;3578;1501909;1501909_10:00:00;96974.0;255668.0;bus
82744;0;7;581508.link:54324;514565.link:14296;21480;915170;974502_09:44:00;51975.0;485025.0;bus
209592;0;1;593737.link:35908;23559.link:80833;23202;561602;1492433_10:00:00;168043.0;445288.0;bus
404817;0;3;157324.link:15495;12480.link:31353;5773;1701556;1613679_09:59:00;41137.0;350978.0;bus
108644;0;1;581508.link:54324;674010.link:69003;21480;915170;974502_09:44:00;51975.0;91217.0;bus
242049;0;7;581508.link:54324;674010.link:69003;21480;915170;974502_09:44:00;51975.0;91217.0;bus
125118;1;2;552441.link:11507;640223.link:69066;5468;905927;703005_09:59:00;138454.0;211576.0;bus
225151;0;3;609932.link:13589;674010.link:69003;21480;915170;974502_09:44:00;96974.0;91217.0;bus
122612;0;5;159131.link:26976;662009.link:37849;10939;294701;1145165_10:00:00;384423.0;96974.0;rail
304623;0;5;89375.link:18799;130572.link:14643;19170;1268747;1250655_09:49:00;41137.0;539706.0;bus
264984;0;3;605244.link:38904;507710.link:67440;16604;152304;1584264_09:54:00;655169.0;36305.0;rail
160202;0;3;159131.link:26976;662009.link:37849;10939;294701;1145165_10:00:00;384423.0;96974.0;rail
315667;0;3;170724.link:69001;604400.link:14392;21480;987021;567143_10:06:00;88902.0;485025.0;bus
158728;0;3;159131.link:26976;662009.link:37849;10939;294701;1145165_10:00:00;384423.0;96974.0;rail
151339;0;3;159131.link:26976;662009.link:37849;10939;294701;1145165_10:00:00;384423.0;96974.0;rail
172237;0;3;605244.link:38904;507710.link:67440;16604;152304;1584264_09:54:00;655169.0;36305.0;rail
131532;0;3;159131.link:26976;662009.link:37849;10939;294701;1145165_10:00:00;384423.0;96974.0;rail
326240;0;3;607875.link:55885;203929.link:5129;5185;1115822;1115822_09:44:00;262138.0;308684.0;bus
315996;0;3;159131.link:26976;662009.link:37849;10939;294701;1145165_10:00:00;384423.0;96974.0;rail
274297;0;5;159131.link:26976;662009.link:37849;10939;294701;1145165_10:00:00;384423.0;96974.0;rail
131210;0;3;159131.link:26976;662009.link:37849;10939;294701;1145165_10:00:00;384423.0;96974.0;rail
130486;0;3;159131.link:26976;662009.link:37849;10939;294701;1145165_10:00:00;384423.0;96974.0;rail
107613;0;3;159131.link:26976;662009.link:37849;10939;294701;1145165_10:00:00;384423.0;96974.0;rail
287960;0;3;605244.link:38904;507710.link:67440;16604;152304;1584264_09:54:00;655169.0;36305.0;rail
122302;0;5;159131.link:26976;662009.link:37849;10939;294701;1145165_10:00:00;384423.0;96974.0;rail
289967;1;2;495216.link:41381;189297.link:72234;13676;183404;228455_10:01:00;23309.0;286729.0;bus
122528;0;5;159131.link:26976;662009.link:37849;10939;294701;1145165_10:00:00;384423.0;96974.0;rail
258544;0;3;607875.link:55885;203929.link:5129;5185;1115822;1115822_09:44:00;262138.0;308684.0;bus
82641;0;5;581508.link:54324;3829.link:76625;21480;915170;974502_09:44:00;51975.0;440011.0;bus
98285;0;3;650692.link:81558;63335.link:57916;20612;330889;1018152_10:02:00;240045.0;23175.0;bus
90717;0;7;581508.link:54324;3829.link:76625;21480;915170;974502_09:44:00;51975.0;440011.0;bus
207579;0;3;609932.link:13589;3829.link:76625;21480;915170;974502_09:44:00;96974.0;440011.0;bus
70968;2;3;131259.link:51278;650692.link:81558;10853;1363806;1363806_09:34:00;61333.0;240045.0;bus
208318;0;1;33133.link:47954;388168.link:4458;14914;618201;948077_09:53:00;354177.0;626712.0;bus
224568;0;1;450501.link:43537;61857.link:14432;22560;1621047;209162_10:08:00;577786.0;225816.0;bus
103054;0;5;514565.link:14296;593729.link:46549;3794;1432724;670527_10:00:00;485025.0;93016.0;bus
101465;0;1;555055.link:48411;322056.link:77270;23106;666145;279292_09:53:00;222519.0;582085.0;bus
269169;0;1;669574.link:63088;565376.link:63056;13598;1053950;199189_10:05:00;648074.0;496096.0;bus
157499;0;3;136398.link:28292;168132.link:22316;21991;1288999;314792_10:08:00;185600.0;417625.0;rail
108192;0;7;369013.link:14825;180275.link:77159;23536;137506;1608902_09:38:00;560248.0;564417.0;bus
387870;0;1;451022.link:65916;363777.link:15059;24134;532403;532403_09:44:00;295335.0;655169.0;bus
130820;0;7;174380.link:56057;652625.link:48179;1573;1476385;185284_09:55:00;26842.0;125714.0;bus
255703;0;1;431060.link:16905;229457.link:55515;12526;341182;1114222_09:57:00;601422.0;514562.0;bus
278557;0;1;507883.link:66698;451458.link:67867;13951;911207;789187_10:01:00;114815.0;115044.0;bus
49944;1;6;650692.link:81558;610735.link:77515;20612;330889;1018152_10:02:00;240045.0;352212.0;bus
59767;1;6;174380.link:56057;67516.link:59298;1573;1476385;185284_09:55:00;26842.0;592994.0;bus
159115;0;3;87272.link:67511;656042.link:43606;10278;1014075;248918_10:05:00;593923.0;437411.0;bus
165151;0;1;305410.link:47992;652669.link:2580;5185;1115822;1115822_09:44:00;334157.0;576344.0;bus
290790;0;1;431718.link:26583;469859.link:55605;13676;183404;228455_10:01:00;147518.0;328631.0;bus
390568;0;1;406280.link:54742;446040.link:48624;22781;277292;1316469_10:06:00;493871.0;484211.0;bus
280353;0;3;292095.link:40285;186941.link:53447;5773;1701556;1613679_09:59:00;74433.0;544870.0;bus
157130;0;1;202865.link:60662;13410.link:40286;7725;534384;55951_10:05:00;146476.0;74433.0;bus
304623;0;7;406752.link:14642;571090.link:10102;12526;341182;1114222_09:57:00;539706.0;157124.0;bus
246925;1;10;191619.link:15731;471849.link:28500;12862;1119543;1119543_10:08:00;96974.0;384423.0;rail
299031;0;1;226229.link:44009;321309.link:4783;23106;666145;279292_09:53:00;634585.0;532218.0;bus
270770;0;5;136857.link:51223;226796.link:47867;18688;820991;820991_10:13:00;96974.0;50190.0;bus
441204;0;1;500686.link:79216;83009.link:15065;13676;183404;228455_10:01:00;318655.0;655169.0;bus
334077;1;16;650692.link:81558;49607.link:47544;20612;330889;1018152_10:02:00;240045.0;400312.0;bus
348312;0;5;148862.link:48741;454776.link:48677;22560;1621047;209162_10:08:00;384423.0;410175.0;bus
117474;1;6;506814.link:56413;61917.link:35395;22293;880011;1648232_10:03:00;181821.0;248401.0;bus
208251;0;3;106883.link:56857;192466.link:2034;14604;1404386;689727_10:14:00;240045.0;227097.0;bus
176225;1;6;239506.link:40844;332625.link:66577;14604;1404386;689727_10:14:00;269868.0;584295.0;bus
398021;0;3;31045.link:56813;69468.link:76354;10278;546534;617966_10:10:00;240045.0;284116.0;bus
373789;1;6;665381.link:24776;166572.link:32138;3299;93476;267502_09:52:00;144625.0;38935.0;bus
299456;0;3;106883.link:56857;332625.link:66577;14604;1404386;689727_10:14:00;240045.0;584295.0;bus
145838;1;8;338123.link:56812;441772.link:49192;13598;1422485;764784_10:13:00;240045.0;93008.0;bus
223887;0;3;87272.link:67511;67323.link:36735;10278;1014075;248918_10:05:00;593923.0;543361.0;bus
120219;0;3;272212.link:72474;522117.link:48296;17075;812416;345824_10:08:00;266462.0;419235.0;bus
96852;0;1;313804.link:39850;69692.link:39870;24400;1246556;591960_10:11:00;163408.0;607814.0;bus
300151;0;1;106883.link:56857;151958.link:13280;14604;1404386;689727_10:14:00;240045.0;357644.0;bus
128730;1;4;174380.link:56057;32776.link:28570;3654;523174;523174_10:14:00;26842.0;668987.0;bus
106233;0;1;292123.link:2767;438297.link:7184;19170;593598;816584_10:09:00;282972.0;185600.0;bus
81283;0;3;46295.link:76459;668428.link:81139;22293;880011;1648232_10:03:00;612531.0;36038.0;bus
274744;0;1;450288.link:6222;81701.link:26334;10278;1014075;248918_10:05:00;481560.0;445914.0;bus
313220;1;6;277214.link:69591;316226.link:46518;18092;200082;319765_10:12:00;96062.0;664177.0;bus
224794;0;5;272212.link:72474;513061.link:43952;17075;812416;345824_10:08:00;266462.0;254915.0;bus
42566;1;6;607875.link:55885;477313.link:6505;13245;853485;1655332_10:10:00;262138.0;145154.0;bus
86518;0;9;217917.link:12476;443660.link:26145;18688;820991;820991_10:13:00;91217.0;152110.0;bus
252966;0;3;586600.link:13573;461511.link:68767;3654;523174;523174_10:14:00;96974.0;619329.0;bus
128625;0;3;185197.link:8939;461511.link:68767;3654;523174;523174_10:14:00;603484.0;619329.0;bus
220996;0;1;398058.link:48133;461511.link:68767;3654;523174;523174_10:14:00;113539.0;619329.0;bus
104385;0;1;179445.link:76674;53851.link:72263;3794;1343297;1343297_10:12:00;111873.0;96974.0;bus
129622;0;1;274959.link:57777;581508.link:54324;19170;593598;816584_10:09:00;196004.0;51975.0;bus
120732;0;3;575489.link:74249;666996.link:43701;20612;92588;913862_09:56:00;523239.0;315504.0;bus
17936;1;2;513061.link:43952;460064.link:36734;17075;812416;345824_10:08:00;254915.0;336100.0;bus
118221;0;7;444375.link:9221;191619.link:15731;2556;1411644;1411644_10:16:00;520392.0;96974.0;rail
122612;0;7;662009.link:32522;657926.link:12503;16059;662596;525697_10:14:00;96974.0;649912.0;rail
105635;1;4;383361.link:77252;514565.link:14296;21480;915170;1571495_10:04:00;666522.0;485025.0;bus
428657;0;1;480702.link:44503;451458.link:67867;13653;134833;1678722_10:15:00;164179.0;115044.0;bus
132111;0;1;245645.link:43398;9641.link:49135;7839;372860;16354_09:47:00;99682.0;226748.0;bus
145861;0;1;425071.link:52566;669574.link:63088;22293;1617785;1042918_10:02:00;47388.0;648074.0;bus
100738;0;1;667947.link:71140;196387.link:61355;7883;563541;563541_10:13:00;565436.0;598422.0;bus
174940;0;7;545209.link:15585;228691.link:39796;18874;1057777;980559_10:14:00;88225.0;327757.0;bus
383608;0;1;159131.link:26976;662009.link:37849;7949;669596;181430_10:17:00;384423.0;96974.0;rail
37054;1;2;341623.link:6558;263861.link:54325;21480;987021;567143_10:06:00;451556.0;51975.0;bus
5393;0;3;185197.link:8939;615752.link:49168;9289;1673844;849340_10:15:00;603484.0;226748.0;bus
131210;0;5;572948.link:59411;174380.link:56057;21108;149335;1505578_10:30:00;96974.0;26842.0;bus
229052;0;1;615752.link:49168;231210.link:55657;9289;1673844;849340_10:15:00;226748.0;498803.0;bus
313832;0;1;3829.link:76625;458433.link:24695;966;9465;378319_10:17:00;440011.0;413913.0;bus
160202;0;5;572948.link:59411;174380.link:56057;21108;149335;1505578_10:30:00;96974.0;26842.0;bus
122528;0;7;572948.link:59411;174380.link:56057;21108;149335;1505578_10:30:00;96974.0;26842.0;bus
360615;2;3;227716.link:24297;171063.link:17225;21536;1619135;1095160_10:21:00;377344.0;176484.0;bus
383608;0;3;572948.link:59411;174380.link:56057;21108;149335;1505578_10:30:00;96974.0;26842.0;bus
130486;0;5;572948.link:59411;174380.link:56057;21108;149335;1505578_10:30:00;96974.0;26842.0;bus
218226;0;1;628441.link:5324;71004.link:21477;13951;911207;789187_10:01:00;486173.0;320472.0;bus
107613;0;5;572948.link:59411;174380.link:56057;21108;149335;1505578_10:30:00;96974.0;26842.0;bus
7133;1;4;404017.link:49925;126895.link:48699;22560;1621047;209162_10:08:00;21775.0;530054.0;bus
82353;0;1;272400.link:47129;583211.link:64512;20612;92588;913862_09:56:00;461606.0;42579.0;bus
181467;0;1;608103.link:6888;575104.link:34689;17075;812416;345824_10:08:00;326494.0;165718.0;bus
165151;0;3;652669.link:2580;442815.link:60291;13676;1154013;919769_10:02:00;576344.0;484289.0;bus
96502;0;1;367235.link:25452;17805.link:33815;13668;749590;1335866_10:15:00;36385.0;165879.0;bus
144757;0;1;61917.link:35395;400083.link:26943;10278;546534;617966_10:10:00;248401.0;36053.0;bus
73481;0;1;572948.link:59411;451458.link:67867;21108;149335;1505578_10:30:00;96974.0;115044.0;bus
106233;0;3;136398.link:28292;168132.link:22316;21991;1288999;102098_10:28:00;185600.0;417625.0;rail
144893;0;1;54199.link:45364;607682.link:73018;13598;1422485;764784_10:13:00;422896.0;473203.0;bus
192688;0;1;431060.link:16905;263861.link:54325;19170;233783;742651_10:20:00;601422.0;51975.0;bus
165519;0;1;205692.link:24298;374122.link:6432;21536;96389;1382455_10:20:00;377344.0;180584.0;bus
218740;0;1;667751.link:5769;526251.link:42051;5409;40740;1078048_10:15:00;418354.0;41520.0;bus
343988;0;1;597159.link:6878;468301.link:26547;17075;812416;345824_10:08:00;323659.0;502007.0;bus
181781;0;1;321426.link:36487;468301.link:26547;17075;812416;345824_10:08:00;602048.0;502007.0;bus
3980;1;4;608103.link:6888;468301.link:26547;17075;812416;345824_10:08:00;326494.0;502007.0;bus
274930;0;1;420634.link:26940;180427.link:56504;10278;1014075;248918_10:05:00;138905.0;648007.0;bus
315667;0;5;514565.link:14296;419227.link:38003;18688;820991;820991_10:13:00;485025.0;533401.0;bus
108192;1;10;629179.link:77159;310111.link:12285;23536;586760;686723_10:20:00;564417.0;560248.0;bus
284093;0;1;630424.link:24612;310111.link:12285;19170;593598;816584_10:09:00;150917.0;560248.0;bus
269169;0;3;120060.link:45285;34214.link:27152;13598;1422485;764784_10:13:00;125808.0;125439.0;bus
48500;0;1;575489.link:74249;650692.link:81557;20612;92588;913862_09:56:00;523239.0;240045.0;bus
395977;1;2;149951.link:20355;311527.link:76935;23304;296562;304491_10:14:00;355485.0;42579.0;bus
82381;0;1;450302.link:72370;650692.link:81557;20612;92588;913862_09:56:00;456204.0;240045.0;bus
209598;1;4;596298.link:32124;525176.link:80810;20612;330889;1018152_10:02:00;456204.0;191428.0;bus
390299;1;4;452412.link:22713;125136.link:52598;22781;1484165;1015234_09:57:00;575433.0;182874.0;bus
274297;0;7;572948.link:59411;385812.link:69583;21108;149335;1505578_10:30:00;96974.0;88902.0;bus
94547;2;3;406752.link:14642;571090.link:10102;12526;341182;1552233_10:17:00;539706.0;157124.0;bus
158728;0;5;572948.link:59411;385812.link:69583;21108;149335;1505578_10:30:00;96974.0;88902.0;bus
153974;0;1;451458.link:67867;385812.link:69583;21108;149335;1505578_10:30:00;115044.0;88902.0;bus
326661;0;1;428905.link:57693;371822.link:58019;21446;1000069;745615_10:36:00;105314.0;364587.0;bus
82744;1;10;191619.link:15731;598300.link:5218;11523;1184702;204770_10:34:00;96974.0;576387.0;rail
186229;0;1;191619.link:15731;598300.link:5218;11523;1184702;204770_10:34:00;96974.0;576387.0;rail
278557;0;3;451458.link:67867;385812.link:69583;21108;149335;1505578_10:30:00;115044.0;88902.0;bus
217787;0;1;552013.link:71779;385812.link:69583;21108;149335;1505578_10:30:00;58232.0;88902.0;bus
101029;0;5;136857.link:51223;553261.link:20948;18688;820991;820991_10:13:00;96974.0;533743.0;bus
151914;0;3;136857.link:51223;553261.link:20948;18688;820991;820991_10:13:00;96974.0;533743.0;bus
94541;1;4;240701.link:60793;504532.link:16906;19170;593598;816584_10:09:00;610144.0;601422.0;bus
178002;0;1;1645.link:15311;525238.link:26056;7989;1073960;57136_10:24:00;121642.0;406411.0;bus
279443;1;4;280940.link:12479;604741.link:39762;3794;1432724;353511_10:30:00;91217.0;617326.0;bus
214988;0;1;444213.link:23745;97826.link:40862;17075;812416;345824_10:08:00;270530.0;411474.0;bus
261183;0;1;93633.link:18768;35730.link:5130;24134;1367283;1367283_10:24:00;581830.0;193210.0;bus
93730;0;1;228560.link:26722;291143.link:32523;11523;872799;80147_10:27:00;576387.0;96974.0;rail
151339;0;5;410688.link:10330;628441.link:5324;22934;948975;102621_10:36:00;96974.0;486173.0;bus
209759;0;1;87005.link:76353;468301.link:26547;10278;1014075;248918_10:05:00;284116.0;502007.0;bus
132381;0;3;572948.link:59411;593729.link:46549;21108;149335;1505578_10:30:00;96974.0;93016.0;bus
100250;0;3;106883.link:56857;485375.link:30793;14604;1404386;689727_10:14:00;240045.0;93790.0;bus
92370;0;1;552013.link:71779;593729.link:46549;21108;149335;1505578_10:30:00;58232.0;93016.0;bus
91836;0;5;572948.link:59411;593729.link:46549;21108;149335;1505578_10:30:00;96974.0;93016.0;bus
274770;0;1;522117.link:48296;97826.link:40862;17075;812416;345824_10:08:00;419235.0;411474.0;bus
73452;0;1;302634.link:31269;609932.link:13589;1573;707552;699684_10:01:00;109112.0;96974.0;bus
177822;0;3;106883.link:56857;288873.link:37667;14604;1404386;689727_10:14:00;240045.0;60253.0;bus
441204;0;3;605244.link:38904;507710.link:67422;7922;402083;319393_10:34:00;655169.0;36305.0;rail
89635;0;7;627970.link:79468;199641.link:63095;5773;1557431;335808_10:32:00;240045.0;534574.0;bus
7378;1;4;148862.link:48741;114833.link:6795;22560;1621047;209162_10:08:00;384423.0;548653.0;bus
309350;0;1;63085.link:15521;452012.link:28701;12526;341182;175291_10:37:00;404599.0;283477.0;bus
27266;0;1;117202.link:3185;164581.link:7540;18409;375227;308898_10:34:00;180112.0;151381.0;rail
254854;0;1;373343.link:11388;404582.link:17981;18695;1663240;1663240_10:27:00;648867.0;62301.0;bus
37371;1;6;271923.link:12230;572713.link:81755;9289;1673844;849340_10:15:00;96974.0;294771.0;bus
109669;0;3;87272.link:67511;362816.link:45159;15259;240682;1181451_10:26:00;593923.0;539093.0;bus
69047;1;4;161052.link:27151;522611.link:64287;14914;618201;842162_10:33:00;125439.0;313612.0;bus
417077;0;1;219525.link:20633;36328.link:61344;14604;1404386;689727_10:14:00;515113.0;260688.0;bus
167066;0;1;56558.link:12517;72504.link:66200;8390;1211691;1698410_10:36:00;377348.0;493871.0;bus
346293;0;1;39456.link:73606;311917.link:56358;12743;1180575;1434835_10:29:00;582818.0;590295.0;bus
358228;0;1;671945.link:6758;435836.link:13589;7839;372860;16354_09:47:00;399237.0;96974.0;bus
150360;0;1;276861.link:49024;477080.link:42859;7195;774173;1335514_10:30:00;195798.0;240045.0;rail
68958;0;1;464586.link:56447;635139.link:25290;23106;57185;1527909_10:13:00;532962.0;609285.0;bus
216356;0;1;421041.link:64823;585269.link:9535;12526;889712;976288_10:05:00;541373.0;309005.0;bus
119397;0;1;507869.link:12913;467594.link:77785;7989;1073960;57136_10:24:00;110772.0;496096.0;bus
231367;0;3;132189.link:17140;405816.link:42364;24400;40825;40825_10:34:00;403484.0;326505.0;bus
403169;0;1;160212.link:41776;344571.link:6227;12526;341182;1552233_10:17:00;378316.0;457764.0;bus
177587;0;5;108621.link:56817;635139.link:25290;23106;57185;1527909_10:13:00;240045.0;609285.0;bus
243737;0;3;108621.link:56817;635139.link:25290;23106;57185;1527909_10:13:00;240045.0;609285.0;bus
305889;0;3;120060.link:15713;427669.link:53446;5773;1557431;335808_10:32:00;125808.0;544870.0;bus
37054;1;4;263861.link:54325;296717.link:4473;19170;233783;742651_10:20:00;51975.0;274413.0;bus
254783;0;3;284752.link:56994;431476.link:8762;22934;948975;102621_10:36:00;141548.0;494189.0;bus
153830;0;1;360448.link:67145;106632.link:77253;5503;1117701;1460575_10:42:00;96974.0;666522.0;bus
142187;1;4;501175.link:69251;477499.link:55117;5185;712844;1368893_10:24:00;187260.0;473673.0;bus
336742;0;1;406696.link:64288;338123.link:57380;13598;1422485;764784_10:13:00;313612.0;240045.0;bus
403169;0;3;344571.link:28562;175804.link:56354;12526;889712;1407283_10:45:00;457764.0;628138.0;bus
314258;2;3;296717.link:4473;465100.link:44997;19170;233783;742651_10:20:00;274413.0;36373.0;bus
122612;0;9;311917.link:56358;557401.link:54015;12743;1180575;1434835_10:29:00;590295.0;6570.0;bus
122607;0;1;286679.link:26941;365736.link:67510;10278;546534;617966_10:10:00;138905.0;593923.0;bus
37644;1;4;110159.link:72050;471849.link:28500;11523;1184702;204770_10:34:00;618524.0;384423.0;rail
131532;0;5;410688.link:10330;162037.link:66392;22934;948975;102621_10:36:00;96974.0;538556.0;bus
143254;0;7;451458.link:67867;565517.link:45335;21108;149335;1505578_10:30:00;115044.0;293924.0;bus
198124;0;1;31308.link:42901;197854.link:15078;8390;98964;635481_10:35:00;491909.0;655169.0;bus
321041;0;1;663278.link:11394;148862.link:48741;18695;1663240;1663240_10:27:00;611135.0;384423.0;bus
285763;0;1;663278.link:11394;148862.link:48741;18695;1663240;1663240_10:27:00;611135.0;384423.0;bus
90942;0;1;346745.link:44226;56361.link:56858;7883;563541;563541_10:13:00;353008.0;240045.0;bus
244192;0;1;346745.link:44226;56361.link:56858;7883;563541;563541_10:13:00;353008.0;240045.0;bus
273999;0;3;503466.link:56231;56361.link:56858;7883;563541;563541_10:13:00;547657.0;240045.0;bus
160412;1;2;61857.link:14432;661289.link:59036;22560;1621047;209162_10:08:00;225816.0;556796.0;bus
320081;0;1;435758.link:27709;130572.link:14643;19170;1268747;940120_10:29:00;483239.0;539706.0;bus
104385;0;3;279975.link:72263;264048.link:61626;5409;40740;542442_10:45:00;96974.0;140551.0;bus
118177;0;1;446307.link:41376;427669.link:53446;23304;296562;304491_10:14:00;672813.0;544870.0;bus
375783;0;3;106883.link:56857;301475.link:78250;14604;1404386;689727_10:14:00;240045.0;362925.0;bus
334077;1;18;301795.link:17898;64852.link:30010;22858;446110;446110_10:39:00;400312.0;189869.0;rail
398021;1;6;87005.link:76353;31045.link:56814;10278;1014075;248918_10:05:00;284116.0;240045.0;bus
272613;1;6;668428.link:81138;142433.link:56816;22293;952366;1304356_10:42:00;36038.0;240045.0;bus
322714;0;1;518990.link:5312;9641.link:49135;22560;1621047;209162_10:08:00;281940.0;226748.0;bus
132111;0;3;9641.link:49135;4350.link:69084;9289;1137759;631387_10:19:00;226748.0;135122.0;bus
81991;0;1;668900.link:14198;602275.link:53030;3299;93476;267502_09:52:00;625663.0;240045.0;bus
175002;0;1;226229.link:41479;255506.link:57675;16784;348850;1419251_10:36:00;634585.0;369954.0;bus
46961;1;2;536295.link:74022;147812.link:59273;20417;976629;313567_10:12:00;597954.0;240045.0;bus
304692;0;3;147812.link:56813;451458.link:67867;373;1182068;905159_10:10:00;240045.0;115044.0;bus
192688;0;3;581508.link:54324;142575.link:14866;21480;915170;1377036_10:44:00;51975.0;451556.0;bus
296560;0;1;536295.link:74022;147812.link:59273;20417;976629;313567_10:12:00;597954.0;240045.0;bus
115420;0;1;660217.link:30181;147812.link:59273;20417;976629;313567_10:12:00;369038.0;240045.0;bus
271553;0;5;147812.link:56813;451458.link:67867;373;1182068;905159_10:10:00;240045.0;115044.0;bus
304166;0;3;147812.link:56813;451458.link:67867;373;1182068;905159_10:10:00;240045.0;115044.0;bus
272951;0;3;147812.link:56813;451458.link:67867;373;1182068;905159_10:10:00;240045.0;115044.0;bus
210518;0;1;670049.link:45746;147812.link:59273;20417;976629;313567_10:12:00;339609.0;240045.0;bus
134557;0;1;137292.link:78999;148862.link:48741;15259;240682;1181451_10:26:00;368285.0;384423.0;bus
346293;0;3;629769.link:12501;49478.link:9292;16059;258178;229188_10:52:00;649912.0;601422.0;rail
304424;0;3;147812.link:56813;367598.link:56070;373;1182068;905159_10:10:00;240045.0;26842.0;bus
177587;0;7;635139.link:25290;258602.link:37842;5503;204545;82431_10:51:00;609285.0;646696.0;bus
411557;0;5;147812.link:56813;367598.link:56070;373;1182068;905159_10:10:00;240045.0;26842.0;bus
101465;0;3;322056.link:77270;367598.link:56070;373;1182068;905159_10:10:00;582085.0;26842.0;bus
313220;2;9;199199.link:46517;367598.link:56070;373;1182068;905159_10:10:00;664177.0;26842.0;bus
90918;0;3;147812.link:56813;367598.link:56070;373;1182068;905159_10:10:00;240045.0;26842.0;bus
148848;0;3;147812.link:56813;367598.link:56070;373;1182068;905159_10:10:00;240045.0;26842.0;bus
90534;0;3;147812.link:56813;367598.link:56070;373;1182068;905159_10:10:00;240045.0;26842.0;bus
170459;0;1;72018.link:58788;611413.link:72769;22781;277292;1316469_10:06:00;208691.0;210166.0;bus
115838;0;3;147812.link:56813;367598.link:56070;373;1182068;905159_10:10:00;240045.0;26842.0;bus
120479;0;3;147812.link:56813;367598.link:56070;373;1182068;905159_10:10:00;240045.0;26842.0;bus
90905;0;5;147812.link:56813;367598.link:56070;373;1182068;905159_10:10:00;240045.0;26842.0;bus
244228;0;5;147812.link:56813;367598.link:56070;373;1182068;905159_10:10:00;240045.0;26842.0;bus
81543;0;3;147812.link:56813;367598.link:56070;373;1182068;905159_10:10:00;240045.0;26842.0;bus
244066;0;5;147812.link:56813;367598.link:56070;373;1182068;905159_10:10:00;240045.0;26842.0;bus
100324;0;3;147812.link:56813;367598.link:56070;373;1182068;905159_10:10:00;240045.0;26842.0;bus
243514;0;3;147812.link:56813;367598.link:56070;373;1182068;905159_10:10:00;240045.0;26842.0;bus
80507;0;5;147812.link:56813;367598.link:56070;373;1182068;905159_10:10:00;240045.0;26842.0;bus
243737;0;5;635139.link:25290;485896.link:30277;5503;204545;82431_10:51:00;609285.0;60344.0;bus
404817;1;6;610576.link:31352;89375.link:18799;5773;1557431;335808_10:32:00;350978.0;41137.0;bus
216634;0;1;182741.link:1584;512051.link:30695;12743;1180575;1434835_10:29:00;100649.0;301283.0;bus
149889;0;3;441804.link:43830;89375.link:18799;5773;1557431;335808_10:32:00;124343.0;41137.0;bus
101773;0;3;120060.link:15713;89375.link:18799;5773;1557431;335808_10:32:00;125808.0;41137.0;bus
209071;2;5;120060.link:15713;89375.link:18799;5773;1557431;335808_10:32:00;125808.0;41137.0;bus
305624;0;1;610576.link:31352;89375.link:18799;5773;1557431;335808_10:32:00;350978.0;41137.0;bus
268837;1;4;599600.link:47433;635458.link:52595;22293;1149182;1344080_10:28:00;596680.0;55150.0;bus
93730;0;3;604219.link:34507;650646.link:71581;11988;762814;130016_10:52:00;96974.0;304763.0;bus
322497;0;1;593993.link:55658;367598.link:56070;9289;1137759;631387_10:19:00;498803.0;26842.0;bus
68958;0;3;444375.link:9221;240548.link:9274;16059;1025840;840420_10:51:00;520392.0;601422.0;rail
118004;1;4;188469.link:53121;61917.link:35395;22293;1149182;1344080_10:28:00;71796.0;248401.0;bus
280353;0;5;427669.link:53446;565376.link:63056;23304;296562;304491_10:14:00;544870.0;496096.0;bus
128636;0;1;425730.link:71417;367598.link:56070;9289;1137759;631387_10:19:00;666332.0;26842.0;bus
81901;0;3;147812.link:56813;586600.link:13589;373;1182068;905159_10:10:00;240045.0;96974.0;bus
1103;1;4;565376.link:63065;22861.link:26546;22293;1149182;1344080_10:28:00;496096.0;502007.0;bus
441204;0;5;507710.link:59124;129540.link:81488;13668;1030855;1602539_10:44:00;36305.0;559204.0;bus
189355;0;1;301475.link:78250;400083.link:26943;14604;1404386;689727_10:14:00;362925.0;36053.0;bus
179221;0;5;593962.link:12564;400083.link:26943;14604;1404386;689727_10:14:00;179347.0;36053.0;bus
214103;0;5;593962.link:12564;400083.link:26943;14604;1404386;689727_10:14:00;179347.0;36053.0;bus
211683;0;5;593962.link:12564;400083.link:26943;14604;1404386;689727_10:14:00;179347.0;36053.0;bus
122612;0;11;557401.link:54015;92514.link:10101;12526;889712;1407283_10:45:00;6570.0;157124.0;bus
100738;0;3;142101.link:61356;400083.link:26943;14604;1404386;689727_10:14:00;598422.0;36053.0;bus
170459;0;3;611413.link:72769;314795.link:2287;22781;1484165;591795_10:57:00;210166.0;453079.0;bus
209759;0;3;22861.link:26546;668428.link:81139;22293;1149182;1344080_10:28:00;502007.0;36038.0;bus
118118;0;1;602275.link:53031;450107.link:53406;3299;1374432;453240_10:53:00;240045.0;557425.0;bus
73452;0;3;609932.link:13589;341623.link:6558;21480;987021;177839_10:46:00;96974.0;451556.0;bus
197785;0;1;527036.link:21283;508147.link:7348;21536;1619135;1305276_10:51:00;391654.0;403484.0;bus
225954;0;1;37852.link:26378;296717.link:4473;19170;1622255;1166895_10:43:00;298776.0;274413.0;bus
104646;0;5;70121.link:76669;228806.link:4259;11988;762814;130016_10:52:00;555177.0;549833.0;bus
118221;0;9;604219.link:34507;228806.link:4259;11988;762814;130016_10:52:00;96974.0;549833.0;bus
132111;0;5;523789.link:69083;526251.link:42051;5409;40740;542442_10:45:00;135122.0;41520.0;bus
94278;0;1;235859.link:28700;585269.link:9535;12526;889712;50910_10:25:00;283477.0;309005.0;bus
195454;0;5;604219.link:34507;228806.link:4259;11988;762814;130016_10:52:00;96974.0;549833.0;bus
128443;0;3;604219.link:34507;228806.link:4259;11988;762814;130016_10:52:00;96974.0;549833.0;bus
125407;0;1;514565.link:14296;228806.link:4259;11988;762814;130016_10:52:00;485025.0;549833.0;bus
126986;0;3;385812.link:69583;228806.link:4259;11988;762814;130016_10:52:00;88902.0;549833.0;bus
142772;0;7;385812.link:69583;228806.link:4259;11988;762814;130016_10:52:00;88902.0;549833.0;bus
172237;0;5;507710.link:59124;380787.link:33356;13668;1030855;1602539_10:44:00;36305.0;237786.0;bus
287960;0;5;507710.link:59124;380787.link:33356;13668;1030855;1602539_10:44:00;36305.0;237786.0;bus
272613;1;8;602275.link:53031;589222.link:1860;3299;1374432;453240_10:53:00;240045.0;103883.0;bus
264984;0;5;507710.link:59124;380787.link:33356;13668;1030855;1602539_10:44:00;36305.0;237786.0;bus
176382;4;13;435601.link:56441;374497.link:56811;16784;348850;1419251_10:36:00;303136.0;240045.0;bus
314679;0;1;13000.link:59749;581508.link:54324;19170;593598;593598_10:49:00;578286.0;51975.0;bus
209071;2;7;157324.link:15495;75902.link:63560;19170;1622255;1166895_10:43:00;41137.0;447989.0;bus
305624;0;3;89375.link:18799;581508.link:54324;19170;593598;593598_10:49:00;41137.0;51975.0;bus
149889;0;5;89375.link:18799;581508.link:54324;19170;593598;593598_10:49:00;41137.0;51975.0;bus
101773;0;5;89375.link:18799;581508.link:54324;19170;593598;593598_10:49:00;41137.0;51975.0;bus
428055;1;6;342114.link:27987;360448.link:34513;5503;204545;82431_10:51:00;417625.0;96974.0;bus
122453;0;3;263484.link:9534;514565.link:14296;21480;915170;1377036_10:44:00;309005.0;485025.0;bus
305889;0;5;427669.link:53446;635139.link:25290;23106;666145;706130_10:33:00;544870.0;609285.0;bus
70935;1;2;283994.link:55178;85869.link:49025;7195;81719;544850_10:58:00;589889.0;195798.0;rail
324036;0;1;560972.link:10925;254705.link:22606;13245;460649;3600_10:54:00;431096.0;262138.0;bus
274193;1;8;170724.link:69001;451458.link:67867;21108;1163569;1543655_10:50:00;88902.0;115044.0;bus
129622;0;3;581508.link:54324;674010.link:69003;21480;915170;1377036_10:44:00;51975.0;91217.0;bus
380570;1;4;342040.link:62151;451458.link:67867;21108;1163569;1543655_10:50:00;353585.0;115044.0;bus
134557;0;3;159131.link:26976;662009.link:37849;10939;294701;506223_11:00:00;384423.0;96974.0;rail
144757;0;3;14928.link:70219;607177.link:78251;14604;1185324;697437_11:05:00;36053.0;362925.0;bus
285763;0;3;159131.link:26976;662009.link:37849;10939;294701;506223_11:00:00;384423.0;96974.0;rail
321041;0;3;159131.link:26976;662009.link:37849;10939;294701;506223_11:00:00;384423.0;96974.0;rail
81901;0;5;609932.link:13589;3829.link:76625;21480;915170;1377036_10:44:00;96974.0;440011.0;bus
350595;1;4;604741.link:39762;593729.link:46549;3794;1432724;1523752_11:00:00;617326.0;93016.0;bus
149889;0;7;263861.link:54325;388125.link:15502;21480;987021;177839_10:46:00;51975.0;552925.0;bus
336216;1;2;249227.link:45359;117900.link:60770;20612;705237;787100_10:36:00;319123.0;166097.0;bus
128249;0;1;43200.link:61936;184814.link:5325;22934;948975;102621_10:36:00;297737.0;486173.0;bus
108192;1;12;369013.link:14825;263861.link:54325;19170;233783;1442173_11:00:00;560248.0;51975.0;bus
282290;1;4;626591.link:60893;547569.link:65894;18695;1412510;1412510_11:13:00;384423.0;160244.0;bus
122607;0;3;87272.link:67511;480832.link:4812;15259;386101;386101_11:05:00;593923.0;186346.0;bus
271836;3;4;503466.link:56231;95048.link:15804;7883;563541;1205074_11:13:00;547657.0;320850.0;bus
382795;0;1;626591.link:60893;58756.link:58682;18695;1412510;1412510_11:13:00;384423.0;1207.0;bus
379501;0;1;143123.link:53399;134973.link:25106;22934;948975;102621_10:36:00;48879.0;496564.0;bus
174972;0;1;147812.link:56813;397053.link:28890;20417;943853;174635_11:13:00;240045.0;320286.0;bus
48500;0;3;147812.link:56813;397053.link:28890;20417;943853;174635_11:13:00;240045.0;320286.0;bus
236582;0;1;164581.link:7539;117202.link:3186;18409;774690;109632_11:13:00;151381.0;180112.0;rail
264323;3;4;499961.link:58056;258844.link:65947;13668;749590;1599314_11:15:00;437353.0;287685.0;bus
120868;0;1;354795.link:5753;650692.link:81557;20612;705237;787100_10:36:00;262305.0;240045.0;bus
387870;0;3;363777.link:15060;446040.link:48624;22781;277292;1028363_11:06:00;655169.0;484211.0;bus
284093;0;3;369013.link:14825;338767.link:57270;23536;137506;404844_10:38:00;560248.0;185983.0;bus
313798;0;1;174380.link:56057;394254.link:68698;373;1114137;886350_11:10:00;26842.0;455158.0;bus
226602;1;4;630424.link:24612;310111.link:12285;19170;593598;593598_10:49:00;150917.0;560248.0;bus
210518;0;3;31045.link:56813;22861.link:26546;10278;546534;198621_11:10:00;240045.0;502007.0;bus
300078;1;4;392073.link:25883;635458.link:52595;22293;880011;880011_11:03:00;411613.0;55150.0;bus
222810;1;4;256996.link:66047;517744.link:75574;18874;1450073;1360819_11:11:00;510903.0;453230.0;bus
159646;0;1;87272.link:67511;403093.link:21031;15259;386101;386101_11:05:00;593923.0;43597.0;bus
245507;1;6;106632.link:77253;635139.link:25290;5503;1117701;46874_11:02:00;666522.0;609285.0;bus
336742;0;3;31045.link:56813;69468.link:76354;10278;546534;198621_11:10:00;240045.0;284116.0;bus
299406;0;1;22861.link:26546;69468.link:76354;10278;546534;198621_11:10:00;502007.0;284116.0;bus
15708;1;4;525176.link:80810;209711.link:49690;20612;125244;86770_10:42:00;191428.0;168043.0;bus
251156;0;1;398058.link:48133;434968.link:22860;373;1114137;886350_11:10:00;113539.0;429552.0;bus
269214;0;1;313619.link:69650;531722.link:56414;23106;996655;330400_10:53:00;127783.0;181821.0;bus
405507;0;5;626591.link:60893;521068.link:76427;18695;1412510;1412510_11:13:00;384423.0;235162.0;bus
425772;0;1;165921.link:54405;126802.link:1620;13653;134833;394958_11:15:00;243828.0;436335.0;bus
176382;4;15;477080.link:42860;479467.link:70734;7195;81719;1199506_11:18:00;240045.0;486154.0;rail
214988;0;3;497590.link:40861;291631.link:69649;23106;666145;1492367_11:13:00;411474.0;127783.0;bus
19635;2;7;563122.link:56991;550946.link:6124;5409;40740;984127_11:15:00;674848.0;323161.0;bus
383608;0;5;174380.link:56057;316226.link:46518;373;1114137;886350_11:10:00;26842.0;664177.0;bus
183161;1;4;100488.link:41786;344571.link:6227;12526;341182;569025_10:57:00;80511.0;457764.0;bus
150360;0;3;108621.link:56817;635139.link:25290;23106;57185;1071644_10:53:00;240045.0;609285.0;bus
81706;1;4;38351.link:37642;166572.link:32139;3299;1374432;453240_10:53:00;37460.0;38935.0;bus
85173;0;1;595577.link:54766;604219.link:34506;11988;762814;130016_10:52:00;189325.0;96974.0;bus
246925;1;12;160607.link:48741;14928.link:70219;10278;1014075;1014075_11:05:00;384423.0;36053.0;bus
280353;0;7;23798.link:64514;598486.link:80576;7989;135520;1546123_11:00:00;125808.0;110772.0;bus
305889;0;7;444375.link:9221;657926.link:12500;16059;1035645;1252584_11:11:00;520392.0;649912.0;rail
410338;0;1;499961.link:58056;367235.link:25452;13668;749590;1599314_11:15:00;437353.0;36385.0;bus
167066;0;3;72504.link:66200;434896.link:55124;5185;106880;106880_10:54:00;493871.0;209819.0;bus
60731;2;9;296256.link:20784;9641.link:49135;7839;372860;1035077_10:47:00;19704.0;226748.0;bus
264320;2;3;658600.link:58173;367235.link:25452;13668;749590;1599314_11:15:00;557364.0;36385.0;bus
7506;1;6;626591.link:60893;117201.link:76457;18695;1412510;1412510_11:13:00;384423.0;95392.0;bus
225954;1;4;662199.link:4474;87198.link:26379;19170;1268747;504283_11:09:00;274413.0;298776.0;bus
127908;0;1;601704.link:12031;572948.link:1330;13653;134833;394958_11:15:00;256697.0;96974.0;bus
375783;1;6;607177.link:78251;478729.link:61345;14604;1185324;697437_11:05:00;362925.0;260688.0;bus
73073;0;1;302634.link:31269;115052.link:48132;13653;134833;394958_11:15:00;109112.0;166633.0;bus
424054;0;1;263484.link:9534;581508.link:54324;21480;915170;1275171_11:24:00;309005.0;51975.0;bus
428657;0;3;185197.link:8939;615752.link:49168;9289;1673844;1038771_11:15:00;603484.0;226748.0;bus
345928;0;1;612734.link:15503;581508.link:54324;21480;915170;1275171_11:24:00;552925.0;51975.0;bus
283380;0;1;462663.link:76447;559224.link:76140;18695;1412510;1412510_11:13:00;662968.0;220682.0;bus
274930;1;4;609002.link:56505;286679.link:26941;10278;546534;198621_11:10:00;648007.0;138905.0;bus
432759;0;1;626591.link:60893;373343.link:11388;18695;1412510;1412510_11:13:00;384423.0;648867.0;bus
257998;0;1;462503.link:76449;373343.link:11388;18695;1412510;1412510_11:13:00;158784.0;648867.0;bus
108179;1;4;559224.link:76140;373343.link:11388;18695;1412510;1412510_11:13:00;220682.0;648867.0;bus
134505;0;1;9601.link:76443;373343.link:11388;18695;1412510;1412510_11:13:00;584843.0;648867.0;bus
188843;1;6;168132.link:22317;93976.link:28291;21991;1707385;1192507_11:24:00;417625.0;185600.0;rail
398021;1;8;602275.link:53031;333429.link:51668;3299;1374432;453240_10:53:00;240045.0;70767.0;bus
165662;1;4;374122.link:71238;349550.link:17190;21536;1619135;920456_11:21:00;180584.0;130860.0;bus
279443;2;7;26883.link:37515;56602.link:16914;966;9465;846453_11:17:00;411153.0;571950.0;bus
442434;1;4;406280.link:54742;514519.link:41038;8390;98964;1489240_11:05:00;493871.0;323305.0;bus
370015;1;6;147812.link:56813;355841.link:2463;20417;943853;174635_11:13:00;240045.0;37142.0;bus
3980;1;6;22861.link:26546;400083.link:26943;10278;546534;198621_11:10:00;502007.0;36053.0;bus
314679;0;3;581508.link:54324;142575.link:14866;21480;915170;1275171_11:24:00;51975.0;451556.0;bus
285763;0;5;572948.link:59411;451458.link:67867;21108;149335;149335_11:30:00;96974.0;115044.0;bus
384831;0;1;581508.link:54324;142575.link:14866;21480;915170;1275171_11:24:00;51975.0;451556.0;bus
404817;1;8;89375.link:18799;504532.link:16906;19170;1268747;504283_11:09:00;41137.0;601422.0;bus
226464;0;1;143814.link:57271;310111.link:12285;23536;586760;687564_11:20:00;185983.0;560248.0;bus
83484;0;1;629179.link:77159;310111.link:12285;23536;586760;687564_11:20:00;564417.0;560248.0;bus
272977;1;8;37852.link:26378;438297.link:7184;19170;1622255;1097547_11:23:00;298776.0;185600.0;bus
426608;1;4;458433.link:24695;367598.link:56070;966;9465;846453_11:17:00;413913.0;26842.0;bus
187460;1;4;458433.link:24695;181806.link:73428;966;9465;846453_11:17:00;413913.0;619060.0;bus
221847;1;8;629970.link:37843;307730.link:27984;5503;1117701;1150779_11:22:00;646696.0;417625.0;bus
25293;2;7;577595.link:50431;674159.link:33444;8390;1211691;467051_11:06:00;221208.0;385007.0;bus
354989;0;1;606936.link:48550;310111.link:12285;23536;586760;687564_11:20:00;22170.0;560248.0;bus
418464;0;1;135890.link:29422;317199.link:59216;7989;1073960;806026_11:24:00;545504.0;201295.0;bus
278557;1;6;458433.link:24695;181806.link:73428;966;9465;846453_11:17:00;413913.0;619060.0;bus
252611;0;1;201915.link:56831;526251.link:42051;1573;974507;1148278_11:13:00;660413.0;41520.0;bus
365167;0;1;400743.link:48623;623665.link:14297;22781;1484165;591795_10:57:00;484211.0;142702.0;bus
109397;0;1;664113.link:22115;526251.link:42051;1573;974507;1148278_11:13:00;535687.0;41520.0;bus
178142;0;1;508789.link:75269;184368.link:13251;7989;1073960;806026_11:24:00;370790.0;433925.0;bus
2444;1;2;393431.link:63746;424020.link:44162;3299;1374432;453240_10:53:00;14297.0;672664.0;bus
34068;1;4;275445.link:39198;160212.link:41776;12526;341182;1413298_11:17:00;337282.0;378316.0;bus
322714;0;3;615752.link:49168;88352.link:56938;9289;1673844;1038771_11:15:00;226748.0;488812.0;bus
48057;2;5;356846.link:29890;186941.link:53447;5773;1701556;1208508_11:19:00;40782.0;544870.0;bus
321041;0;5;572948.link:59411;385812.link:69583;21108;149335;149335_11:30:00;96974.0;88902.0;bus
302540;1;8;429780.link:45000;89375.link:18799;19170;593598;1386054_11:29:00;36373.0;41137.0;bus
100738;0;5;400083.link:26943;272212.link:72474;10278;546534;198621_11:10:00;36053.0;266462.0;bus
318195;2;3;418952.link:78288;663278.link:11394;18695;1663240;1679655_11:30:00;78377.0;611135.0;bus
304692;0;5;451458.link:67867;385812.link:69583;21108;149335;149335_11:30:00;115044.0;88902.0;bus
304166;0;5;451458.link:67867;385812.link:69583;21108;149335;149335_11:30:00;115044.0;88902.0;bus
231367;1;6;271856.link:42363;508147.link:7348;24400;1246556;45690_11:11:00;326505.0;403484.0;bus
432759;0;3;373343.link:11388;114008.link:78407;7839;29708;1009007_10:55:00;648867.0;108286.0;bus
243737;1;8;259517.link:30278;635139.link:25290;5503;1117701;1150779_11:22:00;60344.0;609285.0;bus
368934;0;1;543074.link:78446;508147.link:7348;24400;1246556;45690_11:11:00;624391.0;403484.0;bus
157295;1;4;181758.link:38921;89375.link:18799;7725;534384;1076700_11:25:00;309803.0;41137.0;bus
337306;1;4;283994.link:55177;458446.link:37928;7195;774173;874614_11:30:00;589889.0;42579.0;rail
217300;0;1;89179.link:42919;589265.link:14764;12907;1706634;821304_11:30:00;386767.0;425956.0;bus
186229;1;4;228560.link:26722;291143.link:32523;11523;872799;872799_11:27:00;576387.0;96974.0;rail
272951;0;5;451458.link:67867;593729.link:46549;21108;149335;149335_11:30:00;115044.0;93016.0;bus
441204;1;8;14391.link:81487;507710.link:59125;13668;749590;1599314_11:15:00;559204.0;36305.0;bus
153974;1;4;552441.link:11507;585883.link:54777;5468;905927;1487872_11:29:00;138454.0;640541.0;bus
86956;0;1;17805.link:33815;507710.link:59125;13668;749590;1599314_11:15:00;165879.0;36305.0;bus
216356;1;4;263484.link:9534;181443.link:42072;12526;341182;1413298_11:17:00;309005.0;154159.0;bus
156578;1;6;526251.link:42051;279975.link:10336;5409;40740;984127_11:15:00;41520.0;96974.0;bus
124947;2;7;199199.link:46517;277214.link:69591;18092;236536;1105123_11:26:00;664177.0;96062.0;bus
241365;1;4;186941.link:53447;631547.link:25881;5773;1701556;1208508_11:19:00;544870.0;131324.0;bus
149889;1;10;612734.link:15503;609932.link:13589;21480;915170;1275171_11:24:00;552925.0;96974.0;bus
176390;0;1;355906.link:9142;241030.link:64056;16784;348850;165833_11:36:00;326033.0;496605.0;bus
327581;1;4;357088.link:41025;72504.link:66200;8390;1211691;751498_11:36:00;300257.0;493871.0;bus
412176;0;1;63882.link:8744;155340.link:44756;20417;943853;174635_11:13:00;322469.0;465390.0;bus
127774;0;1;390861.link:26160;435836.link:13589;7839;372860;1035077_10:47:00;348366.0;96974.0;bus
188843;1;8;438297.link:7184;476038.link:2766;19170;1622255;1097547_11:23:00;185600.0;282972.0;bus
251757;1;10;69884.link:47169;311917.link:39091;18874;1450073;1360819_11:11:00;637280.0;590295.0;bus
276048;1;4;100488.link:41786;344571.link:6227;12526;341182;1413298_11:17:00;80511.0;457764.0;bus
161934;0;1;49478.link:9292;662009.link:37849;16059;258178;330697_11:32:00;601422.0;96974.0;rail
54828;1;4;1339.link:42050;115586.link:5768;5468;905927;1487872_11:29:00;41520.0;418354.0;bus
209759;1;6;668428.link:81138;468301.link:26547;22293;952366;1551145_11:42:00;36038.0;502007.0;bus
280353;1;10;507869.link:12913;467594.link:77785;7989;1073960;806026_11:24:00;110772.0;496096.0;bus
417077;0;3;36328.link:61344;391841.link:25005;7883;1134964;378451_11:14:00;260688.0;320850.0;bus
229052;1;4;593993.link:55658;9641.link:49135;9289;1137759;1171779_11:19:00;498803.0;226748.0;bus
373789;1;8;240233.link:32153;527987.link:27491;12701;878720;878720_11:40:00;38935.0;167635.0;bus
266702;1;6;177221.link:8209;280110.link:58223;3299;1374432;453240_10:53:00;570833.0;189869.0;bus
127908;0;3;360448.link:67145;307730.link:27984;5503;1117701;988746_11:32:00;96974.0;417625.0;bus
2000;1;4;669978.link:24775;280110.link:58223;3299;1374432;453240_10:53:00;144625.0;189869.0;bus
335643;1;4;398058.link:48133;38097.link:56448;373;1114137;886350_11:10:00;113539.0;532962.0;bus
340422;0;1;353059.link:73967;280110.link:58223;3299;1374432;453240_10:53:00;351973.0;189869.0;bus
245507;1;8;635139.link:25290;23317.link:50950;23106;996655;40576_11:33:00;609285.0;638176.0;bus
375315;3;10;615752.link:49168;566843.link:10127;9289;1673844;1038771_11:15:00;226748.0;30674.0;bus
226139;2;5;421041.link:64823;459595.link:55514;12526;889712;673771_11:25:00;541373.0;514562.0;bus
84782;2;7;662199.link:4474;581508.link:54324;19170;593598;1386054_11:29:00;274413.0;51975.0;bus
276048;1;6;344571.link:28562;175804.link:56354;12526;889712;631959_11:45:00;457764.0;628138.0;bus
267789;1;4;313619.link:55432;599600.link:47433;5773;1701556;1208508_11:19:00;127783.0;596680.0;bus
313798;0;3;394254.link:68698;379601.link:52803;18092;110891;608222_11:39:00;455158.0;295305.0;bus
223887;1;6;215952.link:32237;365736.link:67510;10278;546534;198621_11:10:00;543361.0;593923.0;bus
210503;1;2;239139.link:45745;280110.link:58223;20417;943853;174635_11:13:00;339609.0;189869.0;bus
150360;0;5;635139.link:25290;360448.link:34513;5503;204545;1705016_11:31:00;609285.0;96974.0;bus
101773;0;7;581508.link:54324;514565.link:14296;21480;915170;1275171_11:24:00;51975.0;485025.0;bus
159115;1;6;310879.link:53679;365736.link:67510;10278;546534;198621_11:10:00;437411.0;593923.0;bus
94278;0;3;263484.link:9534;514565.link:14296;21480;915170;1275171_11:24:00;309005.0;485025.0;bus
159646;1;4;518098.link:53740;365736.link:67510;15259;1018570;1217149_11:41:00;36685.0;593923.0;bus
218226;1;4;71004.link:21477;184814.link:5325;13951;896249;827360_11:32:00;320472.0;486173.0;bus
253818;0;1;392640.link:53742;365736.link:67510;15259;1018570;1217149_11:41:00;43597.0;593923.0;bus
226566;1;4;29494.link:36104;319084.link:39197;12526;889712;673771_11:25:00;154159.0;337282.0;bus
211436;1;4;83015.link:20757;626591.link:60893;22560;890601;890601_11:07:00;503138.0;384423.0;bus
305624;0;5;581508.link:54324;674010.link:69003;21480;915170;1275171_11:24:00;51975.0;91217.0;bus
220512;0;1;577543.link:49924;626591.link:60893;22560;890601;890601_11:07:00;21775.0;384423.0;bus
414728;0;1;497590.link:40861;370025.link:11403;10278;546534;198621_11:10:00;411474.0;568853.0;bus
348312;1;8;60585.link:48676;626591.link:60893;22560;890601;890601_11:07:00;410175.0;384423.0;bus
236142;2;7;617043.link:68365;384542.link:26594;22781;277292;1028363_11:06:00;94257.0;453079.0;bus
108192;1;14;581508.link:54324;674010.link:69003;21480;915170;1275171_11:24:00;51975.0;91217.0;bus
287219;0;1;405816.link:42364;547637.link:71992;24400;40825;1259859_11:34:00;326505.0;629429.0;bus
375783;1;8;478729.link:61345;56361.link:56858;7883;563541;1205074_11:13:00;260688.0;240045.0;bus
197785;0;3;132189.link:17140;547637.link:71992;24400;40825;1259859_11:34:00;403484.0;629429.0;bus
205489;1;4;120465.link:11010;526277.link:81559;3299;1374432;453240_10:53:00;548561.0;467143.0;bus
338864;0;1;245531.link:56369;56361.link:56858;7883;563541;1205074_11:13:00;236346.0;240045.0;bus
221847;1;10;168132.link:22317;93976.link:28291;21991;1707385;1714870_11:44:00;417625.0;185600.0;rail
221878;1;6;168132.link:22317;93976.link:28291;21991;1707385;1714870_11:44:00;417625.0;185600.0;rail
274193;1;10;185197.link:8939;147812.link:59273;373;1114137;886350_11:10:00;603484.0;240045.0;bus
265864;1;6;398058.link:48133;147812.link:59273;373;1114137;886350_11:10:00;113539.0;240045.0;bus
82431;1;4;174380.link:56057;147812.link:59273;373;1114137;886350_11:10:00;26842.0;240045.0;bus
120636;1;4;174380.link:56057;147812.link:59273;373;1114137;886350_11:10:00;26842.0;240045.0;bus
358228;0;3;586600.link:13573;147812.link:59273;373;1114137;886350_11:10:00;96974.0;240045.0;bus
15370;1;2;437042.link:35396;142433.link:56816;22293;952366;1551145_11:42:00;248401.0;240045.0;bus
177742;1;6;212567.link:53658;343995.link:30010;22858;802193;802193_11:39:00;41128.0;189869.0;rail
124760;0;1;549886.link:37101;607875.link:55886;11724;816610;991023_11:49:00;439181.0;262138.0;bus
102392;0;1;14642.link:10128;4350.link:69084;9289;1137759;1171779_11:19:00;30674.0;135122.0;bus
268837;2;7;293721.link:52592;142433.link:56816;22293;952366;1551145_11:42:00;55150.0;240045.0;bus
224639;1;6;297842.link:58685;148862.link:48741;18695;1663240;1679655_11:30:00;1207.0;384423.0;bus
83484;0;3;369013.link:14825;263861.link:54325;19170;233783;1441223_11:40:00;560248.0;51975.0;bus
211683;0;7;400083.link:26943;626591.link:60894;10278;546534;198621_11:10:00;36053.0;384423.0;bus
226464;0;3;369013.link:14825;263861.link:54325;19170;233783;1441223_11:40:00;560248.0;51975.0;bus
354989;0;3;369013.link:14825;263861.link:54325;19170;233783;1441223_11:40:00;560248.0;51975.0;bus
276048;1;8;175804.link:56354;442234.link:41170;12743;1180575;330493_11:29:00;628138.0;535411.0;bus
46961;1;4;31045.link:56813;626591.link:60894;10278;546534;198621_11:10:00;240045.0;384423.0;bus
246925;2;15;400083.link:26943;626591.link:60894;10278;546534;198621_11:10:00;36053.0;384423.0;bus
181781;0;3;22861.link:26546;626591.link:60894;10278;546534;198621_11:10:00;502007.0;384423.0;bus
179221;0;7;400083.link:26943;626591.link:60894;10278;546534;198621_11:10:00;36053.0;384423.0;bus
343988;0;3;22861.link:26546;626591.link:60894;10278;546534;198621_11:10:00;502007.0;384423.0;bus
189355;0;3;400083.link:26943;626591.link:60894;10278;546534;198621_11:10:00;36053.0;384423.0;bus
214103;0;7;400083.link:26943;626591.link:60894;10278;546534;198621_11:10:00;36053.0;384423.0;bus
314258;3;6;274959.link:57777;662199.link:4474;19170;1268747;1609710_11:49:00;196004.0;274413.0;bus
5877;1;4;119636.link:50016;525923.link:31305;3583;138538;1371156_11:49:00;566620.0;652547.0;bus
187460;1;6;174380.link:56057;204745.link:51548;13951;896249;827360_11:32:00;26842.0;80173.0;bus
220288;1;4;440234.link:3443;425730.link:71417;9289;1137759;1171779_11:19:00;639853.0;666332.0;bus
208383;1;6;213225.link:33805;46295.link:76459;20612;92588;22347_11:16:00;441005.0;612531.0;bus
42566;1;8;439616.link:6529;527804.link:37382;4271;474317;474317_11:50:00;145154.0;218635.0;bus
215680;0;1;440234.link:3443;451458.link:67867;9289;1137759;1171779_11:19:00;639853.0;115044.0;bus
100093;1;4;96418.link:75275;627970.link:79467;7989;1073960;806026_11:24:00;420029.0;240045.0;bus
278557;1;8;174380.link:56057;133087.link:66699;13951;896249;827360_11:32:00;26842.0;114815.0;bus
249869;1;6;217917.link:12476;53851.link:72263;3794;1343297;1099565_11:42:00;91217.0;96974.0;bus
428657;1;6;9641.link:49135;451458.link:67867;9289;1137759;1171779_11:19:00;226748.0;115044.0;bus
418387;0;1;534972.link:55907;627970.link:79467;7989;1073960;806026_11:24:00;6206.0;240045.0;bus
152868;0;1;19193.link:56352;512051.link:30695;12743;1180575;330493_11:29:00;506856.0;301283.0;bus
36662;1;4;358836.link:7463;330816.link:67802;7725;534384;1503423_11:45:00;594422.0;526672.0;bus
165519;1;4;374122.link:71238;227716.link:24297;21536;1619135;1269025_11:51:00;180584.0;377344.0;bus
424054;0;3;263861.link:54325;438297.link:7185;19170;233783;1441223_11:40:00;51975.0;185600.0;bus
116056;1;4;411384.link:27533;514721.link:4056;22293;952366;1551145_11:42:00;288417.0;68938.0;bus
14904;1;4;607682.link:73018;461781.link:47955;13598;1422485;95143_11:33:00;473203.0;354177.0;bus
269214;0;3;506814.link:56413;17865.link:52583;22293;1149182;823737_11:28:00;181821.0;581234.0;bus
958;1;4;506814.link:56413;635458.link:52595;22293;1149182;823737_11:28:00;181821.0;55150.0;bus
243739;1;8;342731.link:58390;13410.link:40286;7725;534384;1503423_11:45:00;33445.0;74433.0;bus
77479;0;1;560699.link:17191;205692.link:24298;21536;1568971;1568971_11:50:00;130860.0;377344.0;bus
183551;1;4;512051.link:30695;78370.link:15355;12743;1180575;330493_11:29:00;301283.0;265296.0;bus
5430;2;7;604336.link:1152;600692.link:33104;3583;138538;1371156_11:49:00;206977.0;554130.0;bus
285452;0;5;594887.link:52633;11016.link:13378;18688;1386231;1386231_11:42:00;586561.0;169742.0;bus
414150;1;6;191619.link:15731;471849.link:28500;10939;108503;1565319_11:49:00;96974.0;384423.0;rail
300078;2;7;293721.link:52592;645070.link:49201;22293;952366;1551145_11:42:00;55150.0;411613.0;bus
441204;1;10;68703.link:67416;52441.link:38909;16604;1264494;1213387_11:45:00;36305.0;655169.0;rail
124947;2;9;53851.link:61582;458433.link:24695;966;9465;1392199_11:47:00;96974.0;413913.0;bus
131210;1;8;367598.link:56070;572948.link:1330;3578;1501909;404666_12:00:00;26842.0;96974.0;bus
215680;0;3;451458.link:67867;572948.link:1330;3578;1501909;404666_12:00:00;115044.0;96974.0;bus
70038;1;4;526277.link:13529;591007.link:8210;3299;93476;93476_11:52:00;467143.0;570833.0;bus
96827;0;5;615331.link:6585;70902.link:56198;20412;422985;422985_11:50:00;590788.0;529437.0;bus
256339;1;4;74543.link:78758;142503.link:52634;18874;1057777;1057777_11:24:00;351478.0;586561.0;bus
77407;0;1;615331.link:6585;142877.link:5191;20412;422985;422985_11:50:00;590788.0;598653.0;bus
403169;0;5;397852.link:56353;142503.link:52634;18874;1057777;1057777_11:24:00;628138.0;586561.0;bus
231367;1;8;132189.link:17140;374122.link:71238;21536;1568971;1568971_11:50:00;403484.0;180584.0;bus
54665;1;4;525923.link:31305;493058.link:55974;3583;138538;1371156_11:49:00;652547.0;549576.0;bus
308624;1;4;281348.link:41783;405447.link:49773;12526;889712;673771_11:25:00;80511.0;404599.0;bus
35381;2;7;16572.link:50141;14810.link:68697;3583;138538;1371156_11:49:00;307175.0;455158.0;bus
176225;2;9;451487.link:66578;574578.link:40433;14604;1185324;697437_11:05:00;584295.0;377654.0;bus
55548;2;3;220865.link:33131;119636.link:50016;22934;948975;1241444_11:36:00;549576.0;566620.0;bus
217333;0;3;11016.link:13378;661174.link:68462;18688;1372455;1372455_12:00:00;169742.0;165999.0;bus
251757;1;12;629769.link:12501;187458.link:51185;16059;262437;337852_11:52:00;649912.0;417625.0;rail
150360;0;7;604219.link:34507;228806.link:4259;11988;762814;1311185_11:52:00;96974.0;549833.0;bus
260589;1;4;72504.link:66201;242344.link:20228;21446;1158378;836573_11:35:00;493871.0;630005.0;bus
216727;1;4;100488.link:41786;344571.link:6227;12526;341182;710756_11:37:00;80511.0;457764.0;bus
102392;0;3;523789.link:69083;526251.link:42051;5409;40740;532724_11:45:00;135122.0;41520.0;bus
132717;0;1;427482.link:49781;585269.link:9535;12526;889712;673771_11:25:00;375043.0;309005.0;bus
249994;0;1;248991.link:36975;408026.link:27573;3578;1501909;404666_12:00:00;552862.0;315773.0;bus
207780;0;1;284886.link:8717;635139.link:25290;23106;57185;1111060_11:33:00;19488.0;609285.0;bus
192688;1;6;341623.link:14866;572948.link:1330;12637;1014477;1714987_11:50:00;451556.0;96974.0;bus
161934;0;3;572948.link:1330;174380.link:56057;12637;1014477;1714987_11:50:00;96974.0;26842.0;bus
127774;0;3;609932.link:22133;5194.link:8795;1573;1476385;1434130_11:55:00;96974.0;313163.0;bus
130628;1;6;458433.link:24695;181806.link:73428;966;9465;1392199_11:47:00;413913.0;619060.0;bus
307376;1;8;383361.link:77252;572948.link:1330;12637;1014477;1714987_11:50:00;666522.0;96974.0;bus
272910;1;8;431040.link:18092;174380.link:56057;12637;1014477;1714987_11:50:00;509793.0;26842.0;bus
256339;1;6;142503.link:52634;194240.link:25160;18688;1372455;1372455_12:00:00;586561.0;358951.0;bus
238521;0;3;132189.link:17140;41162.link:49389;21536;1568971;1568971_11:50:00;403484.0;671895.0;bus
286022;1;4;58756.link:58682;281917.link:45144;15259;1220406;1249180_11:55:00;1207.0;539093.0;bus
231238;0;1;636520.link:6577;180543.link:77801;21536;1568971;1568971_11:50:00;482918.0;646015.0;bus
230714;0;1;636520.link:6577;180543.link:77801;21536;1568971;1568971_11:50:00;482918.0;646015.0;bus
379501;0;3;248991.link:36975;578266.link:39211;3578;1501909;404666_12:00:00;552862.0;255668.0;bus
72253;0;3;11016.link:13378;221756.link:48690;18688;1372455;1372455_12:00:00;169742.0;241819.0;bus
93089;1;6;568217.link:68768;277214.link:69591;18092;841381;894481_11:55:00;619329.0;96062.0;bus
142702;0;3;132189.link:17140;355819.link:6559;21536;1568971;1568971_11:50:00;403484.0;576012.0;bus
348312;1;10;159131.link:26976;662009.link:37849;10939;294701;577842_12:00:00;384423.0;96974.0;rail
220512;0;3;159131.link:26976;662009.link:37849;10939;294701;577842_12:00:00;384423.0;96974.0;rail
189355;0;5;159131.link:26976;662009.link:37849;10939;294701;577842_12:00:00;384423.0;96974.0;rail
246925;2;17;159131.link:26976;662009.link:37849;10939;294701;577842_12:00:00;384423.0;96974.0;rail
403169;0;7;142503.link:52634;214152.link:48852;18688;1372455;1372455_12:00:00;586561.0;168569.0;bus
219016;1;4;53851.link:61582;15854.link:76675;3794;1432724;1334504_12:00:00;96974.0;111873.0;bus
59190;1;4;451977.link:30705;568865.link:59661;23536;137506;1623939_11:38:00;615173.0;206381.0;bus
255207;1;6;7750.link:41757;431060.link:16905;12526;889712;631959_11:45:00;378316.0;601422.0;bus
300151;1;4;61318.link:24010;106883.link:56858;14604;1185324;697437_11:05:00;357644.0;240045.0;bus
53536;1;4;319084.link:39197;568865.link:59661;23536;137506;1623939_11:38:00;337282.0;206381.0;bus
251757;1;14;168132.link:22317;93976.link:28291;21991;1707385;869899_12:04:00;417625.0;185600.0;rail
441204;1;12;363777.link:15060;448956.link:54740;22781;277292;1158512_12:06:00;655169.0;182874.0;bus
208251;1;6;283719.link:2035;106883.link:56858;14604;1185324;697437_11:05:00;227097.0;240045.0;bus
428055;1;8;604219.link:34507;595577.link:54766;11988;762814;1311185_11:52:00;96974.0;189325.0;bus
299456;1;6;451487.link:66578;106883.link:56858;14604;1185324;697437_11:05:00;584295.0;240045.0;bus
129391;1;6;168132.link:22317;93976.link:28291;21991;1707385;869899_12:04:00;417625.0;185600.0;rail
94278;0;5;514565.link:14296;593729.link:46549;3794;1432724;1334504_12:00:00;485025.0;93016.0;bus
224639;1;8;148862.link:48741;61857.link:14432;22560;1621047;1612699_12:08:00;384423.0;225816.0;bus
15370;1;4;650692.link:81558;543998.link:43702;20612;125244;266662_12:02:00;240045.0;315504.0;bus
90141;0;1;293721.link:52592;142433.link:56815;22293;1617785;1381417_12:02:00;55150.0;240045.0;bus
37354;1;4;246877.link:70637;381487.link:48185;1573;1476385;1434130_11:55:00;648439.0;231803.0;bus
267826;1;4;86921.link:67313;427299.link:64054;23304;296562;461201_11:34:00;589200.0;480503.0;bus
274193;1;12;56361.link:56857;142101.link:61358;7883;1134964;1373524_11:54:00;240045.0;598422.0;bus
119397;0;3;120060.link:15713;113458.link:29895;5773;1557431;245088_11:52:00;125808.0;532129.0;bus
71875;1;4;545209.link:15585;212463.link:18805;18874;1057777;205281_12:04:00;88225.0;357296.0;bus
175002;1;4;334745.link:68385;226229.link:41479;24492;105650;515465_11:33:00;369954.0;634585.0;bus
221878;1;8;443516.link:52789;181758.link:38921;7725;534384;534384_12:05:00;185600.0;309803.0;bus
221847;1;12;443516.link:52789;181758.link:38921;7725;534384;534384_12:05:00;185600.0;309803.0;bus
233171;1;4;103937.link:42909;652669.link:2579;8390;980401;980401_12:05:00;292365.0;576344.0;bus
82381;0;3;627970.link:79468;380865.link:29891;5773;1557431;245088_11:52:00;240045.0;40782.0;bus
173459;1;2;280110.link:58224;536295.link:74022;20417;976629;976629_12:12:00;189869.0;597954.0;bus
308587;1;4;473885.link:41760;659607.link:51862;18874;1057777;205281_12:04:00;43204.0;10361.0;bus
253818;0;3;87272.link:67511;656042.link:43606;10278;1014075;324067_12:05:00;593923.0;437411.0;bus
184054;0;3;11016.link:13378;280940.link:12479;18688;1372455;1372455_12:00:00;169742.0;91217.0;bus
280353;1;12;120060.link:15713;13410.link:40286;5773;1557431;245088_11:52:00;125808.0;74433.0;bus
222627;0;3;11016.link:13378;280940.link:12479;18688;1372455;1372455_12:00:00;169742.0;91217.0;bus
103416;0;3;11016.link:13378;280940.link:12479;18688;1372455;1372455_12:00:00;169742.0;91217.0;bus
249869;1;8;410688.link:10330;623855.link:52612;22934;948975;796761_12:09:00;96974.0;297737.0;bus
160250;1;4;127772.link:79568;365736.link:67510;15259;1220406;1249180_11:55:00;422816.0;593923.0;bus
280330;1;4;145941.link:71231;330816.link:67802;7725;534384;534384_12:05:00;463964.0;526672.0;bus
189611;2;7;258602.link:37842;360448.link:34513;5503;204545;424906_12:01:00;646696.0;96974.0;bus
14907;1;4;267982.link:76032;239506.link:40844;14604;1404386;1456895_12:14:00;91500.0;269868.0;bus
118177;0;3;427669.link:53446;89375.link:18799;5773;1557431;245088_11:52:00;544870.0;41137.0;bus
422059;1;6;191619.link:15731;471849.link:28500;15345;1500056;1500056_12:08:00;96974.0;384423.0;rail
181781;1;6;160607.link:48741;474259.link:60507;10278;1014075;324067_12:05:00;384423.0;266462.0;bus
104371;2;5;420429.link:47870;604400.link:14392;18688;1372455;1372455_12:00:00;50190.0;485025.0;bus
144893;1;4;483646.link:73017;616836.link:49185;14914;618201;140152_11:53:00;473203.0;422896.0;bus
82744;2;13;491605.link:61602;181806.link:73428;13951;911207;1400962_12:01:00;129328.0;619060.0;bus
354989;0;5;581508.link:54324;383361.link:77252;21480;915170;1659687_12:04:00;51975.0;666522.0;bus
178187;1;8;181758.link:38921;13410.link:40286;7725;534384;534384_12:05:00;309803.0;74433.0;bus
215680;0;5;191619.link:15731;471849.link:28500;15345;1500056;1500056_12:08:00;96974.0;384423.0;rail
299456;1;8;142433.link:56815;17865.link:52583;22293;880011;580448_12:03:00;240045.0;581234.0;bus
120315;1;8;191619.link:15731;471849.link:28500;15345;1500056;1500056_12:08:00;96974.0;384423.0;rail
78716;0;1;23143.link:24652;23604.link:15081;4271;474317;474317_11:50:00;452829.0;655169.0;bus
145461;1;8;420429.link:47870;604400.link:14392;18688;1372455;1372455_12:00:00;50190.0;485025.0;bus
48057;2;7;427669.link:53446;406477.link:67312;23304;296562;461201_11:34:00;544870.0;589200.0;bus
229596;0;1;75994.link:5732;23604.link:15081;4271;474317;474317_11:50:00;481890.0;655169.0;bus
110498;0;1;399354.link:70826;23604.link:15081;4271;474317;474317_11:50:00;411470.0;655169.0;bus
307376;1;10;191619.link:15731;471849.link:28500;15345;1500056;1500056_12:08:00;96974.0;384423.0;rail
131210;1;10;191619.link:15731;471849.link:28500;15345;1500056;1500056_12:08:00;96974.0;384423.0;rail
266702;1;8;280110.link:58224;217848.link:8743;20417;976629;976629_12:12:00;189869.0;322469.0;bus
229603;0;1;439616.link:6529;505687.link:16010;4271;474317;474317_11:50:00;145154.0;420643.0;bus
368557;0;1;32156.link:34149;197854.link:15079;5185;843437;1152001_11:49:00;104929.0;655169.0;bus
86956;0;3;507710.link:67440;119088.link:36235;16604;643539;643539_11:53:00;36305.0;181427.0;rail
265864;1;8;106883.link:56857;192466.link:2034;14604;1404386;1456895_12:14:00;240045.0;227097.0;bus
412176;1;4;536295.link:74022;217848.link:8743;20417;976629;976629_12:12:00;597954.0;322469.0;bus
332986;1;2;286529.link:22628;306338.link:63165;24400;1246556;859363_12:11:00;675018.0;163866.0;bus
244865;1;6;272400.link:47129;49607.link:47545;20612;705237;1647582_11:56:00;461606.0;400312.0;bus
196795;0;1;451022.link:65916;363777.link:15059;24134;894861;445620_11:49:00;295335.0;655169.0;bus
156578;1;8;277214.link:69591;461511.link:68767;18092;200082;212368_12:12:00;96062.0;619329.0;bus
291891;0;1;122624.link:8410;505687.link:16010;4271;474317;474317_11:50:00;624474.0;420643.0;bus
333349;1;4;286529.link:22628;77588.link:55679;24400;1246556;859363_12:11:00;675018.0;450847.0;bus
178002;1;4;211423.link:26053;415431.link:13254;7989;135520;983173_12:00:00;406411.0;121642.0;bus
285455;1;4;246877.link:70637;30107.link:22118;1573;1476385;1434130_11:55:00;648439.0;535687.0;bus
130486;1;8;367598.link:56070;572948.link:1329;3578;627819;1082250_12:10:00;26842.0;96974.0;bus
130398;2;7;367598.link:56070;572948.link:1329;3578;627819;1082250_12:10:00;26842.0;96974.0;bus
104127;0;1;143123.link:53399;410688.link:34513;22934;948975;1241444_11:36:00;48879.0;96974.0;bus
196138;0;1;399354.link:70826;366532.link:24561;4271;474317;474317_11:50:00;411470.0;364587.0;bus
209759;1;8;22861.link:26546;69468.link:76354;10278;546534;546534_12:10:00;502007.0;284116.0;bus
258456;0;1;75994.link:5732;366532.link:24561;4271;474317;474317_11:50:00;481890.0;364587.0;bus
328599;0;1;122624.link:8410;366532.link:24561;4271;474317;474317_11:50:00;624474.0;364587.0;bus
375783;1;10;650692.link:81558;610735.link:44318;20612;125244;266662_12:02:00;240045.0;352212.0;bus
247625;1;12;569451.link:39212;572948.link:1329;3578;627819;1082250_12:10:00;255668.0;96974.0;bus
258412;0;1;75994.link:5732;366532.link:24561;4271;474317;474317_11:50:00;481890.0;364587.0;bus
200908;0;1;321835.link:23115;366532.link:24561;4271;474317;474317_11:50:00;624332.0;364587.0;bus
78736;0;1;23143.link:24652;366532.link:24561;4271;474317;474317_11:50:00;452829.0;364587.0;bus
96166;0;1;122624.link:8410;366532.link:24561;4271;474317;474317_11:50:00;624474.0;364587.0;bus
301390;1;2;166572.link:32138;35413.link:6179;3299;93476;93476_11:52:00;38935.0;2019.0;bus
129622;1;6;420429.link:47870;136857.link:13589;18688;1372455;1372455_12:00:00;50190.0;96974.0;bus
238061;0;1;600059.link:80717;69692.link:39870;24400;1246556;859363_12:11:00;37980.0;607814.0;bus
217300;1;4;387102.link:18918;50561.link:42920;12907;1342085;1472998_12:08:00;425956.0;386767.0;bus
76428;1;2;398674.link:14404;190693.link:71958;7839;372860;136687_11:47:00;395083.0;416475.0;bus
79173;0;1;402634.link:15988;600705.link:51133;20412;422985;422985_11:50:00;193.0;342712.0;bus
58489;0;1;87272.link:67511;67323.link:36735;10278;1014075;324067_12:05:00;593923.0;543361.0;bus
85173;0;3;291143.link:32522;110159.link:72050;11523;91410;420716_12:14:00;96974.0;618524.0;rail
163586;1;4;398674.link:14404;190693.link:71958;7839;372860;136687_11:47:00;395083.0;416475.0;bus
1103;2;7;411384.link:27533;164416.link:29215;22293;1617785;1381417_12:02:00;288417.0;642971.0;bus
124520;0;3;11016.link:13378;136857.link:13589;18688;1372455;1372455_12:00:00;169742.0;96974.0;bus
208383;1;8;46295.link:76459;668428.link:81139;22293;880011;580448_12:03:00;612531.0;36038.0;bus
93089;1;8;53851.link:61582;674010.link:69003;966;9465;716005_12:17:00;96974.0;91217.0;bus
214103;0;9;148862.link:48741;476650.link:72614;22560;1621047;1612699_12:08:00;384423.0;668146.0;bus
179221;0;9;148862.link:48741;476650.link:72614;22560;1621047;1612699_12:08:00;384423.0;668146.0;bus
237542;0;1;281844.link:41010;652669.link:2580;5185;843437;1152001_11:49:00;30824.0;576344.0;bus
146871;1;4;69468.link:76354;609002.link:56505;10278;546534;546534_12:10:00;284116.0;648007.0;bus
192688;1;8;662009.link:32522;670907.link:9293;16059;662596;834075_12:14:00;96974.0;601422.0;rail
294312;1;2;70521.link:81050;499961.link:58056;21536;1568971;1568971_11:50:00;72807.0;437353.0;bus
243737;1;10;635139.link:25290;108621.link:56818;23106;1288234;1450749_11:53:00;609285.0;240045.0;bus
83484;0;5;581508.link:54324;609932.link:13589;21480;915170;1659687_12:04:00;51975.0;96974.0;bus
226464;0;5;581508.link:54324;609932.link:13589;21480;915170;1659687_12:04:00;51975.0;96974.0;bus
251757;1;16;438297.link:7184;292095.link:40285;3654;295338;59882_12:10:00;185600.0;74433.0;bus
357636;0;1;311738.link:4944;626591.link:60894;15259;1220406;1249180_11:55:00;234302.0;384423.0;bus
109669;1;6;281917.link:45144;626591.link:60894;15259;1220406;1249180_11:55:00;539093.0;384423.0;bus
429864;1;2;292095.link:40285;131670.link:67791;3654;295338;59882_12:10:00;74433.0;252486.0;bus
273882;1;8;461511.link:68767;316226.link:46518;18092;200082;212368_12:12:00;619329.0;664177.0;bus
402421;0;1;462215.link:pt_462215;662009.link:37849;16059;258178;613928_12:12:00;480693.0;96974.0;rail
72459;1;4;116271.link:5331;227805.link:73393;5409;40740;510486_12:15:00;203737.0;266285.0;bus
174215;3;4;223969.link:75749;574578.link:40433;16784;348850;165833_11:36:00;405626.0;377654.0;bus
340422;0;3;280110.link:58224;556320.link:57190;20417;976629;976629_12:12:00;189869.0;322361.0;bus
336446;1;6;616836.link:49185;143091.link:56819;14914;618201;140152_11:53:00;422896.0;240045.0;bus
289732;1;4;203929.link:5129;72504.link:66200;5185;843437;1152001_11:49:00;308684.0;493871.0;bus
93730;1;6;170724.link:69001;604219.link:34506;11988;762814;1311185_11:52:00;88902.0;96974.0;bus
255207;1;8;431060.link:16905;362726.link:24590;19170;233783;1353451_12:20:00;601422.0;171387.0;bus
160202;1;8;117051.link:76668;604219.link:34506;11988;762814;1311185_11:52:00;555177.0;96974.0;bus
80103;1;2;600059.link:80717;588652.link:55411;24400;1246556;859363_12:11:00;37980.0;219604.0;bus
107827;0;1;87272.link:67511;14928.link:70219;10278;1014075;324067_12:05:00;593923.0;36053.0;bus
20672;1;4;451340.link:59748;75902.link:63560;19170;1622255;1197752_12:03:00;578286.0;447989.0;bus
158708;2;5;598300.link:5218;471849.link:28500;11523;91410;420716_12:14:00;576387.0;384423.0;rail
388115;0;1;560699.link:17191;14391.link:81487;21536;1568971;1568971_11:50:00;130860.0;559204.0;bus
70935;1;4;99944.link:49030;166768.link:42236;24871;1309992;1309992_12:20:00;195798.0;354256.0;bus
388495;0;1;110514.link:6585;14391.link:81487;21536;1568971;1568971_11:50:00;590788.0;559204.0;bus
101773;1;10;117051.link:76668;53851.link:72263;3794;1343297;1233209_12:12:00;555177.0;96974.0;bus
70182;2;5;346745.link:44227;541639.link:56228;7883;1134964;1373524_11:54:00;353008.0;547657.0;bus
210503;1;4;280110.link:58223;146301.link:44993;3299;93476;93476_11:52:00;189869.0;611505.0;bus
283878;1;4;263484.link:9534;319084.link:39197;12526;341182;1096830_12:17:00;309005.0;337282.0;bus
207780;0;3;444375.link:9221;657926.link:12500;16059;1035645;1358947_12:11:00;520392.0;649912.0;rail
280353;1;14;292095.link:40285;440295.link:38920;3654;295338;59882_12:10:00;74433.0;309803.0;bus
197655;0;1;110514.link:6585;107029.link:81495;21536;1568971;1568971_11:50:00;590788.0;110645.0;bus
97424;0;1;526277.link:13529;146301.link:44993;3299;93476;93476_11:52:00;467143.0;611505.0;bus
368934;0;3;132189.link:17140;107029.link:81495;21536;1568971;1568971_11:50:00;403484.0;110645.0;bus
83582;1;6;629769.link:12501;148033.link:9383;16059;262437;93911_12:12:00;649912.0;520392.0;rail
221166;0;1;157324.link:15495;50743.link:38930;3654;295338;59882_12:10:00;41137.0;594422.0;bus
97538;0;1;30776.link:58222;585219.link:44163;4112;41400;41400_12:20:00;189869.0;672664.0;bus
46174;1;2;600059.link:80717;271856.link:42363;24400;1246556;859363_12:11:00;37980.0;326505.0;bus
129430;1;4;131670.link:67791;50743.link:38930;3654;295338;59882_12:10:00;252486.0;594422.0;bus
129391;1;8;438297.link:7184;509794.link:60663;3654;295338;59882_12:10:00;185600.0;146476.0;bus
84782;2;9;581508.link:54324;674010.link:69003;21480;915170;1659687_12:04:00;51975.0;91217.0;bus
291891;0;3;505687.link:16010;169918.link:54381;13676;1154013;788338_12:02:00;420643.0;259897.0;bus
342821;1;4;23317.link:50950;175917.link:43827;23106;996655;45731_12:13:00;638176.0;124343.0;bus
161934;0;5;174380.link:56057;231210.link:55657;9289;1673844;1478781_12:15:00;26842.0;498803.0;bus
290718;1;2;406280.link:54742;416817.link:59658;22781;277292;1158512_12:06:00;493871.0;532736.0;bus
162286;1;8;212447.link:24613;44474.link:71232;3654;295338;59882_12:10:00;150917.0;463964.0;bus
251812;1;4;50743.link:38930;44474.link:71232;3654;295338;59882_12:10:00;594422.0;463964.0;bus
131210;1;12;626591.link:60893;87272.link:67511;15259;240682;811352_12:26:00;384423.0;593923.0;bus
237542;0;3;652669.link:2580;103937.link:42910;8390;1211691;824312_12:06:00;576344.0;292365.0;bus
246925;2;19;410688.link:10330;552441.link:11507;5468;905927;23350_12:29:00;96974.0;138454.0;bus
288471;1;4;41162.link:64840;227716.link:24297;21536;412987;1129531_12:21:00;671895.0;377344.0;bus
370015;2;9;236968.link:2466;11220.link:24064;20417;976629;976629_12:12:00;37142.0;112413.0;bus
36884;1;4;396470.link:18797;499703.link:50791;3654;295338;59882_12:10:00;33445.0;98126.0;bus
251811;1;4;440295.link:38920;499703.link:50791;3654;295338;59882_12:10:00;309803.0;98126.0;bus
120636;1;6;650692.link:81558;458952.link:72371;20612;125244;266662_12:02:00;240045.0;456204.0;bus
29196;1;4;607682.link:73018;524292.link:7333;13598;1422485;1193305_12:13:00;473203.0;519629.0;bus
2000;1;6;280110.link:58224;670049.link:45746;20417;976629;976629_12:12:00;189869.0;339609.0;bus
321041;1;8;458433.link:24695;181806.link:73428;966;9465;716005_12:17:00;413913.0;619060.0;bus
77876;0;1;208901.link:53992;514519.link:41038;8390;980401;980401_12:05:00;503678.0;323305.0;bus
100024;0;1;507869.link:12913;317199.link:59216;7989;1112936;1100018_12:24:00;110772.0;201295.0;bus
431106;1;2;458433.link:24695;181806.link:73428;966;9465;716005_12:17:00;413913.0;619060.0;bus
316663;1;4;649260.link:20072;365736.link:67511;4840;807743;807743_12:25:00;396409.0;593923.0;bus
189611;2;9;410688.link:10330;1339.link:42050;5468;905927;23350_12:29:00;96974.0;41520.0;bus
35116;1;4;26883.link:37515;181806.link:73428;966;9465;716005_12:17:00;411153.0;619060.0;bus
383834;0;1;61857.link:14432;302945.link:14404;22560;1621047;1612699_12:08:00;225816.0;395083.0;bus
177742;1;8;280110.link:58224;509229.link:55227;20417;976629;976629_12:12:00;189869.0;81231.0;bus
251002;0;1;410295.link:55715;6776.link:11508;5409;40740;510486_12:15:00;402724.0;138454.0;bus
387870;1;6;400743.link:48623;623665.link:14297;22781;1484165;1208839_11:57:00;484211.0;142702.0;bus
130486;1;10;191619.link:15731;471849.link:28500;2556;1411644;521227_12:16:00;96974.0;384423.0;rail
104127;0;3;662009.link:32522;451543.link:pt_451543;16059;662596;26151_12:34:00;96974.0;480693.0;rail
56004;1;2;272065.link:70652;181806.link:73428;5409;40740;510486_12:15:00;578598.0;619060.0;bus
160202;1;10;191619.link:15731;471849.link:28500;2556;1411644;521227_12:16:00;96974.0;384423.0;rail
220512;0;5;572948.link:59411;385812.link:69583;21108;1192653;736600_12:30:00;96974.0;88902.0;bus
131941;1;2;83015.link:20756;506012.link:14407;22560;1621047;1612699_12:08:00;503138.0;295248.0;bus
168961;1;2;16503.link:10160;416478.link:8409;4271;517759;517759_12:21:00;364587.0;624474.0;bus
357636;0;3;626591.link:60893;510850.link:10815;18695;1053536;1053536_12:27:00;384423.0;62301.0;bus
299406;1;4;87005.link:76353;468301.link:26547;10278;1014075;324067_12:05:00;284116.0;502007.0;bus
159115;1;8;365736.link:67511;403093.link:21441;4840;807743;807743_12:25:00;593923.0;43597.0;bus
109669;1;8;159131.link:26976;291143.link:32523;11523;872799;898356_12:27:00;384423.0;96974.0;rail
291864;0;1;416478.link:8409;126047.link:10161;4271;517759;517759_12:21:00;624474.0;495714.0;bus
108192;2;17;458433.link:24695;53851.link:72263;966;9465;716005_12:17:00;413913.0;96974.0;bus
57612;0;1;228560.link:26722;291143.link:32523;11523;872799;898356_12:27:00;576387.0;96974.0;rail
414150;1;8;160607.link:48741;468301.link:26547;10278;1014075;324067_12:05:00;384423.0;502007.0;bus
223887;1;8;365736.link:67511;403093.link:21441;4840;807743;807743_12:25:00;593923.0;43597.0;bus
43012;1;4;366532.link:24560;522843.link:13953;24101;137163;137163_12:38:00;364587.0;181437.0;bus
78716;0;3;605244.link:38904;507710.link:67422;7922;420390;837867_12:33:00;655169.0;36305.0;rail
110498;0;3;605244.link:38904;507710.link:67422;7922;420390;837867_12:33:00;655169.0;36305.0;rail
274770;0;3;497590.link:40861;199199.link:46517;373;1182068;350168_12:13:00;411474.0;664177.0;bus
116557;0;1;9607.link:38505;106883.link:56857;23304;296562;461201_11:34:00;321224.0;240045.0;bus
211436;1;6;159131.link:26976;444375.link:9220;2556;530411;494816_12:17:00;384423.0;520392.0;rail
103416;0;5;280940.link:12479;593729.link:46549;3794;1432724;345531_12:30:00;91217.0;93016.0;bus
60259;1;4;510850.link:10815;21655.link:45895;18695;1053536;1053536_12:27:00;62301.0;577054.0;bus
258412;0;3;366532.link:24560;640414.link:67588;24101;137163;137163_12:38:00;364587.0;179684.0;bus
100024;0;3;317199.link:59218;175917.link:43827;24871;1309992;1309992_12:20:00;201295.0;124343.0;bus
200908;0;3;366532.link:24560;640414.link:67588;24101;137163;137163_12:38:00;364587.0;179684.0;bus
290024;0;3;197854.link:15079;49782.link:18769;4271;517759;517759_12:21:00;655169.0;624332.0;bus
112890;1;2;416478.link:8409;49782.link:18769;4271;517759;517759_12:21:00;624474.0;624332.0;bus
368557;0;3;197854.link:15079;49782.link:18769;4271;517759;517759_12:21:00;655169.0;624332.0;bus
184973;0;5;148862.link:48740;380994.link:31187;4840;807743;807743_12:25:00;384423.0;58384.0;bus
236582;1;4;117202.link:3185;164581.link:7540;18409;375227;1708835_12:34:00;180112.0;151381.0;rail
16353;0;1;415431.link:13254;175917.link:43827;24871;1309992;1309992_12:20:00;121642.0;124343.0;bus
218812;1;6;174380.link:56057;461511.link:68767;3654;144517;144517_12:32:00;26842.0;619329.0;bus
418464;0;3;317199.link:59218;59733.link:48392;24871;1309992;1309992_12:20:00;201295.0;578918.0;bus
309350;1;4;235859.link:28700;405447.link:49773;12526;889712;262729_12:05:00;283477.0;404599.0;bus
215680;0;7;626591.link:60893;466366.link:45867;18695;1053536;1053536_12:27:00;384423.0;356138.0;bus
214988;1;6;313619.link:69650;97826.link:40862;23106;996655;45731_12:13:00;127783.0;411474.0;bus
211683;0;9;626591.link:60893;466366.link:45867;18695;1053536;1053536_12:27:00;384423.0;356138.0;bus
68410;1;4;406696.link:64288;599600.link:47433;13598;1422485;1193305_12:13:00;313612.0;596680.0;bus
74838;0;1;365736.link:67511;476146.link:81451;4840;807743;807743_12:25:00;593923.0;620704.0;bus
71093;1;4;196387.link:61355;574578.link:40433;7883;563541;395427_12:13:00;598422.0;377654.0;bus
405737;0;1;279879.link:66703;9641.link:49135;9289;1137759;63074_12:19:00;311119.0;226748.0;bus
14904;2;7;33133.link:47954;483646.link:73017;14914;618201;126633_12:33:00;354177.0;473203.0;bus
191766;1;6;149530.link:56939;9641.link:49135;9289;1137759;63074_12:19:00;488812.0;226748.0;bus
152440;0;1;270219.link:51861;557401.link:54015;18874;1450073;1450073_12:11:00;10361.0;6570.0;bus
73117;1;4;396470.link:18797;184814.link:5323;3654;295338;59882_12:10:00;33445.0;486173.0;bus
217333;0;5;210722.link:22413;557401.link:54015;18874;1450073;1450073_12:11:00;533743.0;6570.0;bus
220996;1;4;568217.link:68768;184814.link:5323;3654;295338;59882_12:10:00;619329.0;486173.0;bus
247625;1;14;662009.link:32522;657926.link:12503;16059;662596;26151_12:34:00;96974.0;649912.0;rail
324036;1;4;607875.link:55885;560972.link:10924;13245;589833;1590591_12:40:00;262138.0;431096.0;bus
254341;1;4;168343.link:11400;137292.link:78999;15259;240682;811352_12:26:00;568853.0;368285.0;bus
425898;1;4;385812.link:69583;382205.link:62146;21108;1192653;736600_12:30:00;88902.0;40950.0;bus
72253;0;5;366416.link:52329;314100.link:53744;18688;247681;247681_12:22:00;241819.0;234841.0;bus
402421;0;3;572948.link:59411;382205.link:62146;21108;1192653;736600_12:30:00;96974.0;40950.0;bus
83484;0;7;609932.link:22133;133385.link:49126;24325;88727;88727_12:30:00;96974.0;661913.0;bus
28025;1;2;186598.link:22626;370304.link:61574;24400;40825;1112983_12:34:00;219604.0;439177.0;bus
269214;1;6;668649.link:52584;531722.link:56414;22293;952366;1369743_12:42:00;581234.0;181821.0;bus
278467;0;1;595865.link:69580;195918.link:5332;5468;905927;23350_12:29:00;578598.0;203737.0;bus
226464;0;7;271923.link:12230;638231.link:54784;9289;1673844;647170_12:40:00;96974.0;133834.0;bus
6684;1;4;292095.link:40285;356846.link:29890;5773;1701556;1584945_12:44:00;74433.0;40782.0;bus
118177;0;5;89375.link:18799;130572.link:14643;19170;1268747;491685_12:29:00;41137.0;539706.0;bus
358228;0;5;650692.link:81558;488041.link:38504;20612;330889;583109_12:42:00;240045.0;319123.0;bus
189611;2;11;1339.link:42050;74543.link:76018;18688;247681;247681_12:22:00;41520.0;351478.0;bus
290386;0;1;522843.link:13953;153538.link:80913;24101;137163;137163_12:38:00;181437.0;14442.0;bus
376721;2;3;19061.link:71160;56361.link:56858;7883;563541;395427_12:13:00;653405.0;240045.0;bus
355693;1;4;435758.link:27709;130572.link:14643;19170;1268747;491685_12:29:00;483239.0;539706.0;bus
72117;1;4;38216.link:79856;532123.link:78408;7839;372860;562022_12:47:00;543244.0;108286.0;bus
293221;1;4;651559.link:72757;76662.link:66246;22781;277292;1158512_12:06:00;257468.0;244346.0;bus
282826;1;4;46740.link:27898;510267.link:69533;15259;240682;811352_12:26:00;237219.0;160244.0;bus
320081;1;4;406752.link:14642;348244.link:54330;19170;1622255;506841_12:43:00;539706.0;483239.0;bus
179577;0;1;244640.link:20907;602275.link:53030;3299;93476;93476_11:52:00;103883.0;240045.0;bus
129622;1;8;586600.link:13573;413346.link:7226;3654;144517;144517_12:32:00;96974.0;162454.0;bus
212556;0;1;234677.link:76759;602275.link:53030;3299;93476;93476_11:52:00;392269.0;240045.0;bus
414728;1;4;370025.link:11403;626591.link:60894;10278;546534;546534_12:10:00;568853.0;384423.0;bus
108192;2;19;575778.link:69591;119636.link:50016;3583;138538;1510710_12:49:00;96062.0;566620.0;bus
174972;1;4;163231.link:28889;147812.link:59273;20417;976629;976629_12:12:00;320286.0;240045.0;bus
57238;2;7;314100.link:53744;593354.link:75575;18688;247681;247681_12:22:00;234841.0;453230.0;bus
246284;1;2;362816.link:45159;148862.link:48741;15259;240682;811352_12:26:00;539093.0;384423.0;bus
333349;2;7;240451.link:55676;378326.link:22627;24400;40825;1112983_12:34:00;450847.0;675018.0;bus
106527;1;6;174380.link:56057;181758.link:38921;3654;144517;144517_12:32:00;26842.0;309803.0;bus
32070;1;4;663005.link:51938;253925.link:25513;12701;1014337;1383365_12:41:00;509564.0;109682.0;bus
362253;1;6;197854.link:15079;528071.link:70827;4271;517759;517759_12:21:00;655169.0;411470.0;bus
70968;2;5;147812.link:56813;451458.link:67867;373;1182068;350168_12:13:00;240045.0;115044.0;bus
441283;1;4;72018.link:58788;611413.link:72769;22781;277292;1158512_12:06:00;208691.0;210166.0;bus
195269;1;6;9641.link:49135;552013.link:71779;9289;1137759;63074_12:19:00;226748.0;58232.0;bus
279332;0;1;383361.link:77252;360448.link:34513;5503;204545;845377_12:41:00;666522.0;96974.0;bus
156539;1;6;383361.link:77252;360448.link:34513;5503;204545;845377_12:41:00;666522.0;96974.0;bus
26342;1;2;474898.link:46471;552013.link:71779;9289;1137759;63074_12:19:00;315054.0;58232.0;bus
178187;1;10;292095.link:40285;175917.link:43827;5773;1701556;1584945_12:44:00;74433.0;124343.0;bus
280328;0;1;356846.link:29890;175917.link:43827;5773;1701556;1584945_12:44:00;40782.0;124343.0;bus
101773;1;12;575778.link:69591;143123.link:53399;3583;138538;1510710_12:49:00;96062.0;48879.0;bus
130628;1;8;174380.link:56057;83215.link:79401;13951;896249;672843_12:32:00;26842.0;279185.0;bus
280325;1;6;429780.link:45000;89375.link:18799;19170;593598;1307101_12:49:00;36373.0;41137.0;bus
130363;1;6;174380.link:56057;348621.link:51316;13951;896249;672843_12:32:00;26842.0;399896.0;bus
118177;0;7;406752.link:14642;571090.link:10102;12526;341182;778464_12:37:00;539706.0;157124.0;bus
75628;2;7;442234.link:41170;172479.link:7444;12743;1180575;876409_12:29:00;535411.0;491520.0;bus
302540;1;10;157324.link:15495;175917.link:43827;5773;1701556;1584945_12:44:00;41137.0;124343.0;bus
264320;3;6;502946.link:25453;341545.link:13374;13668;1030855;1422615_12:44:00;36385.0;557364.0;bus
424054;0;5;443516.link:52789;175917.link:43827;5773;1701556;1584945_12:44:00;185600.0;124343.0;bus
168308;1;4;236592.link:28874;543167.link:25663;24134;1425752;810740_12:28:00;463521.0;502169.0;bus
120868;0;3;147812.link:56813;367598.link:56070;373;1182068;350168_12:13:00;240045.0;26842.0;bus
91155;1;4;344771.link:38500;49607.link:47544;20612;330889;583109_12:42:00;321224.0;400312.0;bus
273999;0;5;147812.link:56813;367598.link:56070;373;1182068;350168_12:13:00;240045.0;26842.0;bus
81991;0;3;147812.link:56813;367598.link:56070;373;1182068;350168_12:13:00;240045.0;26842.0;bus
415530;0;1;637917.link:60771;49607.link:47544;20612;330889;583109_12:42:00;166097.0;400312.0;bus
135284;0;1;9641.link:49135;367598.link:56070;9289;1137759;63074_12:19:00;226748.0;26842.0;bus
173828;1;2;284693.link:58222;536295.link:74022;9292;336232;336232_12:55:00;189869.0;597954.0;bus
363376;0;3;406280.link:54742;373385.link:70404;24101;137163;137163_12:38:00;493871.0;109387.0;bus
296560;0;3;147812.link:56813;367598.link:56070;373;1182068;350168_12:13:00;240045.0;26842.0;bus
115420;0;3;147812.link:56813;367598.link:56070;373;1182068;350168_12:13:00;240045.0;26842.0;bus
244192;0;3;147812.link:56813;367598.link:56070;373;1182068;350168_12:13:00;240045.0;26842.0;bus
266910;2;7;650692.link:81558;49607.link:47544;20612;330889;583109_12:42:00;240045.0;400312.0;bus
90942;0;3;147812.link:56813;367598.link:56070;373;1182068;350168_12:13:00;240045.0;26842.0;bus
221434;1;4;181758.link:38921;13410.link:40286;3654;144517;144517_12:32:00;309803.0;74433.0;bus
360097;2;5;416478.link:8409;477313.link:6529;4271;517759;517759_12:21:00;624474.0;145154.0;bus
305624;1;8;174380.link:56057;13410.link:40286;3654;144517;144517_12:32:00;26842.0;74433.0;bus
38918;1;4;589621.link:67177;431060.link:16905;23536;137506;1614291_12:38:00;341863.0;601422.0;bus
126278;0;1;53851.link:61582;458433.link:24695;966;9465;1074527_12:47:00;96974.0;413913.0;bus
246208;1;8;358836.link:7463;13410.link:40286;3654;144517;144517_12:32:00;594422.0;74433.0;bus
145461;2;11;514565.link:14296;458433.link:24695;966;9465;1074527_12:47:00;485025.0;413913.0;bus
32371;1;4;572907.link:44317;600782.link:44311;20612;92588;1349578_12:36:00;352212.0;589889.0;bus
217333;0;7;557401.link:54015;92514.link:10101;12526;889712;1480065_12:45:00;6570.0;157124.0;bus
152440;0;3;557401.link:54015;92514.link:10101;12526;889712;1480065_12:45:00;6570.0;157124.0;bus
336446;1;8;170659.link:56815;61917.link:35395;17075;1710768;982559_12:54:00;240045.0;248401.0;bus
57612;0;3;572948.link:59411;174380.link:56057;13653;353804;460732_13:00:00;96974.0;26842.0;bus
414150;1;10;22861.link:26546;668428.link:81139;22293;1149182;361927_12:28:00;502007.0;36038.0;bus
289562;1;4;51494.link:34113;514519.link:41038;8390;98964;201949_12:35:00;402482.0;323305.0;bus
200102;0;3;406280.link:54742;612297.link:14860;24101;137163;137163_12:38:00;493871.0;510106.0;bus
178142;0;3;184368.link:13251;633196.link:14451;10853;267788;557039_12:25:00;433925.0;165969.0;bus
142259;0;1;666891.link:5306;612297.link:14860;24101;137163;137163_12:38:00;257564.0;510106.0;bus
41435;2;5;153538.link:80913;612297.link:14860;24101;137163;137163_12:38:00;14442.0;510106.0;bus
142274;0;1;670756.link:80905;612297.link:14860;24101;137163;137163_12:38:00;440091.0;510106.0;bus
258456;0;3;366532.link:24560;612297.link:14860;24101;137163;137163_12:38:00;364587.0;510106.0;bus
96166;0;3;366532.link:24560;612297.link:14860;24101;137163;137163_12:38:00;364587.0;510106.0;bus
83582;1;8;635139.link:25290;108621.link:56818;23106;1288234;995550_12:33:00;609285.0;240045.0;bus
128091;1;4;458433.link:24695;388516.link:14789;966;9465;1074527_12:47:00;413913.0;138335.0;bus
116056;2;7;170659.link:56815;230654.link:14036;17075;1710768;982559_12:54:00;240045.0;288417.0;bus
152868;1;4;512051.link:30695;556527.link:54014;12743;1180575;876409_12:29:00;301283.0;6570.0;bus
313284;1;4;451458.link:67867;396306.link:31270;13653;353804;460732_13:00:00;115044.0;109112.0;bus
47342;1;4;452220.link:14575;46295.link:76459;14914;618201;126633_12:33:00;301018.0;612531.0;bus
216732;1;4;571090.link:10102;344571.link:6227;12526;341182;778464_12:37:00;157124.0;457764.0;bus
365167;0;3;623665.link:14297;169078.link:76555;5185;712844;659532_12:28:00;142702.0;630406.0;bus
284347;1;6;229457.link:55515;344571.link:6227;12526;341182;778464_12:37:00;514562.0;457764.0;bus
145009;1;2;479467.link:70733;477080.link:42859;7195;774173;878023_12:50:00;486154.0;240045.0;rail
118145;1;4;452220.link:14575;143091.link:56819;14914;618201;126633_12:33:00;301018.0;240045.0;bus
336216;3;6;458446.link:37928;477080.link:42859;7195;774173;878023_12:50:00;42579.0;240045.0;rail
106946;1;8;462215.link:pt_462215;662009.link:37849;16059;258178;122279_12:52:00;480693.0;96974.0;rail
174215;3;6;579762.link:40432;328923.link:15428;14820;1381533;1381533_12:54:00;377654.0;187028.0;bus
3830;1;4;76935.link:59831;607177.link:78251;18626;1519494;1519494_13:02:00;150263.0;362925.0;bus
109669;1;10;410688.link:10330;1339.link:42050;5468;905927;733963_12:59:00;96974.0;41520.0;bus
124932;3;8;458433.link:24695;181806.link:73428;966;9465;1074527_12:47:00;413913.0;619060.0;bus
118629;0;1;551376.link:57137;667976.link:10427;20612;92588;1349578_12:36:00;84551.0;486154.0;bus
410338;1;4;502946.link:25453;380787.link:33356;13668;1030855;1422615_12:44:00;36385.0;237786.0;bus
180251;1;2;358836.link:7463;438297.link:7184;3654;144517;144517_12:32:00;594422.0;185600.0;bus
110498;0;5;507710.link:59124;380787.link:33356;13668;1030855;1422615_12:44:00;36305.0;237786.0;bus
278376;1;6;458433.link:24695;181806.link:73428;966;9465;1074527_12:47:00;413913.0;619060.0;bus
77133;1;4;560972.link:10925;419294.link:21834;13245;460649;262879_12:54:00;431096.0;338364.0;bus
125118;2;5;511025.link:69065;6776.link:11508;5409;40740;841167_12:45:00;211576.0;138454.0;bus
207052;0;3;497590.link:40861;354356.link:34688;17075;1710768;982559_12:54:00;411474.0;165718.0;bus
252611;0;3;1339.link:42050;64337.link:66103;18688;247681;247681_12:22:00;41520.0;354561.0;bus
25293;3;10;674159.link:33406;91877.link:29786;8390;98964;1134478_13:05:00;385007.0;221208.0;bus
82431;1;6;602275.link:53031;169975.link:20900;3299;1374432;892890_12:53:00;240045.0;651472.0;bus
105136;1;4;526251.link:42051;181806.link:73428;5409;40740;841167_12:45:00;41520.0;619060.0;bus
35245;1;4;1339.link:42050;217472.link:32989;5468;905927;733963_12:59:00;41520.0;552946.0;bus
116557;0;3;108621.link:56817;349065.link:30543;23106;57185;449913_12:53:00;240045.0;504931.0;bus
100024;0;5;441804.link:43830;635139.link:25290;23106;666145;645709_12:33:00;124343.0;609285.0;bus
16353;0;3;441804.link:43830;635139.link:25290;23106;666145;645709_12:33:00;124343.0;609285.0;bus
132328;1;6;593729.link:46548;572948.link:1330;21108;1163569;125880_12:50:00;93016.0;96974.0;bus
273712;2;3;491001.link:44791;466411.link:7327;10853;267788;557039_12:25:00;130052.0;189237.0;bus
402472;3;4;493058.link:55974;575778.link:69591;3583;138538;1510710_12:49:00;549576.0;96062.0;bus
181467;1;4;354356.link:34688;96435.link:6885;17075;1710768;982559_12:54:00;165718.0;326494.0;bus
314679;1;6;341623.link:6558;263861.link:54325;21480;987021;721451_12:46:00;451556.0;51975.0;bus
211436;1;8;635139.link:25290;175917.link:43827;23106;996655;1626877_12:53:00;609285.0;124343.0;bus
73401;1;6;593729.link:46548;451458.link:67867;21108;1163569;125880_12:50:00;93016.0;115044.0;bus
92370;1;4;593729.link:46548;451458.link:67867;21108;1163569;125880_12:50:00;93016.0;115044.0;bus
272951;1;8;593729.link:46548;451458.link:67867;21108;1163569;125880_12:50:00;93016.0;115044.0;bus
61349;1;4;83.link:76141;326401.link:43135;7839;372860;562022_12:47:00;220682.0;41075.0;bus
277499;1;4;170724.link:69001;248991.link:36976;21108;1163569;125880_12:50:00;88902.0;552862.0;bus
42692;1;4;371822.link:58019;353106.link:76881;21446;1000069;969327_13:06:00;364587.0;318802.0;bus
277639;1;6;458433.link:24695;53851.link:72263;966;9465;1074527_12:47:00;413913.0;96974.0;bus
428657;1;8;451458.link:67867;266755.link:44503;13653;353804;460732_13:00:00;115044.0;164179.0;bus
107827;0;3;14928.link:70219;481394.link:4083;14604;1185324;41401_13:05:00;36053.0;272103.0;bus
283262;0;1;159131.link:26976;662009.link:37849;10939;294701;46501_13:00:00;384423.0;96974.0;rail
3980;1;8;14928.link:70219;642486.link:19913;14604;1185324;41401_13:05:00;36053.0;315004.0;bus
377773;0;1;474898.link:46471;189718.link:36338;9289;764976;764976_12:55:00;315054.0;514801.0;bus
338864;0;3;170659.link:56815;647143.link:36733;17075;1710768;982559_12:54:00;240045.0;336100.0;bus
319388;1;2;25396.link:67197;568865.link:59661;23536;137506;1614291_12:38:00;146752.0;206381.0;bus
28458;0;1;284693.link:58222;183110.link:45617;9292;336232;336232_12:55:00;189869.0;91713.0;bus
297419;1;4;313619.link:55432;599600.link:47433;5773;1701556;1584945_12:44:00;127783.0;596680.0;bus
144757;0;5;607177.link:78251;441911.link:39121;18626;1519494;1519494_13:02:00;362925.0;299164.0;bus
260262;1;4;357088.link:41025;72504.link:66200;8390;1211691;931816_13:06:00;300257.0;493871.0;bus
120637;1;4;488041.link:38504;596298.link:32124;20612;330889;583109_12:42:00;319123.0;456204.0;bus
19635;3;10;390861.link:26161;628441.link:5324;13951;298549;590356_13:01:00;348366.0;486173.0;bus
243739;1;10;292095.link:40285;627970.link:14964;5773;1701556;1584945_12:44:00;74433.0;240045.0;bus
272977;1;10;443516.link:52789;627970.link:14964;5773;1701556;1584945_12:44:00;185600.0;240045.0;bus
72674;1;4;421201.link:41601;252066.link:39437;13653;353804;460732_13:00:00;256697.0;437654.0;bus
71329;1;4;647143.link:36733;276830.link:48295;17075;1710768;982559_12:54:00;336100.0;419235.0;bus
299031;1;4;18104.link:4784;456851.link:68426;23106;996655;1626877_12:53:00;532218.0;201466.0;bus
3830;1;6;607177.link:78251;374231.link:37672;14604;1185324;41401_13:05:00;362925.0;675788.0;bus
180251;1;4;136398.link:28292;148033.link:9383;21991;1288999;255517_13:08:00;185600.0;520392.0;rail
305610;1;6;106632.link:77253;307730.link:27984;5503;1117701;1133800_13:02:00;666522.0;417625.0;bus
163586;2;7;193313.link:71959;398674.link:14405;7839;1160035;717051_12:55:00;416475.0;395083.0;bus
245656;1;2;302031.link:39648;466411.link:7327;4983;1270929;650296_13:13:00;276656.0;189237.0;bus
255207;2;11;340612.link:24587;431060.link:16906;3654;144517;144517_12:32:00;171387.0;601422.0;bus
247625;1;16;311917.link:39091;557401.link:54015;18874;1570418;1570418_12:41:00;590295.0;6570.0;bus
284640;1;2;281348.link:41783;459595.link:55514;12526;1501702;1501702_13:06:00;80511.0;514562.0;bus
124520;0;5;435836.link:22133;506012.link:14407;7839;1160035;717051_12:55:00;96974.0;295248.0;bus
447340;0;1;380787.link:33357;41162.link:49389;21536;403452;403452_12:55:00;237786.0;671895.0;bus
165662;2;7;560699.link:17191;633332.link:23040;21536;96389;627200_13:05:00;130860.0;187688.0;bus
264984;0;7;380787.link:33357;41162.link:49389;21536;403452;403452_12:55:00;237786.0;671895.0;bus
15370;2;7;666996.link:43701;650692.link:81557;20612;92588;1349578_12:36:00;315504.0;240045.0;bus
248950;1;4;1339.link:42050;270791.link:6121;5468;905927;733963_12:59:00;41520.0;323161.0;bus
279332;0;3;410688.link:10330;623855.link:52612;22934;948975;1053180_13:09:00;96974.0;297737.0;bus
156539;1;8;662009.link:32522;451543.link:pt_451543;16059;662596;995275_13:14:00;96974.0;480693.0;rail
5430;3;10;220865.link:33131;604336.link:1152;2984;992958;992958_13:12:00;549576.0;206977.0;bus
229603;0;3;505687.link:16010;446040.link:48624;22781;277292;418306_13:06:00;420643.0;484211.0;bus
172237;0;7;380787.link:33357;180543.link:77801;21536;403452;403452_12:55:00;237786.0;646015.0;bus
172228;0;7;380787.link:33357;180543.link:77801;21536;403452;403452_12:55:00;237786.0;646015.0;bus
93730;1;8;291143.link:32522;598300.link:5218;11523;91410;695951_13:14:00;96974.0;576387.0;rail
287960;0;7;380787.link:33357;180543.link:77801;21536;403452;403452_12:55:00;237786.0;646015.0;bus
119184;2;3;68826.link:44994;38351.link:37642;3299;1374432;892890_12:53:00;611505.0;37460.0;bus
160202;1;12;148862.link:48741;403093.link:21031;15259;386101;1657222_13:05:00;384423.0;43597.0;bus
278376;1;8;174380.link:56057;119636.link:50016;373;1265524;1265524_13:09:00;26842.0;566620.0;bus
246284;1;4;160607.link:48741;474259.link:60507;10278;1014075;1499253_13:05:00;384423.0;266462.0;bus
422059;1;8;160607.link:48741;474259.link:60507;10278;1014075;1499253_13:05:00;384423.0;266462.0;bus
35381;3;10;394254.link:68698;595833.link:22861;2984;992958;992958_13:12:00;455158.0;429552.0;bus
97303;0;1;183110.link:45617;346745.link:7883;9292;336232;336232_12:55:00;91713.0;353008.0;bus
115773;0;1;572346.link:45627;346745.link:7883;9292;336232;336232_12:55:00;78933.0;353008.0;bus
432960;1;2;456323.link:64149;403093.link:21031;15259;386101;1657222_13:05:00;334701.0;43597.0;bus
179217;1;2;183110.link:45617;346745.link:7883;9292;336232;336232_12:55:00;91713.0;353008.0;bus
261183;1;4;318517.link:36258;363777.link:15059;24134;1434786;1434786_12:54:00;193210.0;655169.0;bus
20890;2;3;272662.link:10964;11016.link:13378;18688;247681;247681_12:22:00;454480.0;169742.0;bus
267826;2;7;427299.link:64054;565376.link:63056;23304;199742;199742_13:05:00;480503.0;496096.0;bus
54828;2;7;667751.link:5769;526251.link:42051;5409;40740;1478921_13:00:00;418354.0;41520.0;bus
34068;2;7;7750.link:41757;319084.link:39197;12526;1501702;1501702_13:06:00;378316.0;337282.0;bus
57189;1;2;314100.link:53744;11016.link:13378;18688;247681;247681_12:22:00;234841.0;169742.0;bus
52088;0;1;502603.link:13108;73357.link:71141;7883;1134964;1296237_12:54:00;599727.0;565436.0;bus
306885;0;1;253389.link:43941;474259.link:60507;17075;1710768;982559_12:54:00;338841.0;266462.0;bus
82956;0;1;96435.link:6885;474259.link:60507;17075;1710768;982559_12:54:00;326494.0;266462.0;bus
196795;0;3;363777.link:15060;8422.link:65540;22781;277292;418306_13:06:00;655169.0;371725.0;bus
145009;1;4;108621.link:56817;618014.link:56449;23106;666145;1429121_13:13:00;240045.0;584454.0;bus
216356;2;7;29494.link:36104;431060.link:16905;12526;1501702;1501702_13:06:00;154159.0;601422.0;bus
15708;2;7;593737.link:35908;401928.link:80813;20612;705237;1385240_13:16:00;168043.0;191428.0;bus
126050;1;4;170724.link:69001;604400.link:14392;3794;1343297;739304_13:12:00;88902.0;485025.0;bus
130398;2;9;291143.link:32522;110159.link:72050;11523;91410;695951_13:14:00;96974.0;618524.0;rail
186800;1;6;558111.link:42627;612124.link:47611;18092;200082;483369_13:12:00;303334.0;202857.0;bus
132328;1;8;662009.link:32522;670907.link:9293;16059;662596;995275_13:14:00;96974.0;601422.0;rail
429315;0;1;185197.link:8939;523789.link:69083;9289;1673844;1110483_13:15:00;603484.0;135122.0;bus
269214;1;8;506814.link:56413;291631.link:69649;23106;666145;1429121_13:13:00;181821.0;127783.0;bus
261744;0;1;308348.link:75993;652669.link:2580;24134;1434786;1434786_12:54:00;614144.0;576344.0;bus
66913;0;1;477499.link:55118;652669.link:2580;5185;229567;229567_12:54:00;473673.0;576344.0;bus
14907;2;7;223969.link:75749;111708.link:72838;16784;348850;1121730_12:36:00;405626.0;220715.0;bus
276584;1;2;507772.link:57352;623915.link:9005;18695;864117;593162_12:55:00;641329.0;141305.0;bus
271836;3;6;391841.link:25005;540050.link:59318;9292;336232;336232_12:55:00;320850.0;547347.0;bus
301390;2;5;414474.link:54944;166572.link:32139;3299;1374432;892890_12:53:00;2019.0;38935.0;bus
271592;1;10;462215.link:pt_462215;662009.link:37849;16059;258178;656006_13:12:00;480693.0;96974.0;rail
443582;2;3;421369.link:16375;452412.link:22713;22781;1484165;962228_12:57:00;107089.0;575433.0;bus
314679;1;8;263861.link:54325;451340.link:59748;19170;233783;1497486_13:00:00;51975.0;578286.0;bus
332024;0;1;380629.link:31702;658600.link:58173;13668;749590;749590_13:15:00;476973.0;557364.0;bus
328556;0;1;655401.link:59555;452412.link:22713;22781;1484165;962228_12:57:00;72476.0;575433.0;bus
47408;1;4;20040.link:53454;278039.link:27998;23304;199742;199742_13:05:00;534574.0;664587.0;bus
313220;4;13;217917.link:12476;53851.link:72263;3794;1343297;739304_13:12:00;91217.0;96974.0;bus
400332;1;4;423025.link:30413;405447.link:49773;18874;1570418;1570418_12:41:00;11977.0;404599.0;bus
248891;0;1;69256.link:50022;119489.link:21762;373;1265524;1265524_13:09:00;307175.0;200976.0;bus
431106;1;4;174380.link:56057;119489.link:21762;373;1265524;1265524_13:09:00;26842.0;200976.0;bus
106946;1;10;291143.link:32522;471849.link:28500;11523;91410;695951_13:14:00;96974.0;384423.0;rail
93089;2;11;170724.link:69001;53851.link:72263;3794;1343297;739304_13:12:00;88902.0;96974.0;bus
309230;1;4;557401.link:54015;405447.link:49773;18874;1570418;1570418_12:41:00;6570.0;404599.0;bus
272977;1;12;477080.link:42860;283994.link:55178;7195;81719;1364867_13:18:00;240045.0;589889.0;rail
219016;2;7;179445.link:76674;53851.link:72263;3794;1343297;739304_13:12:00;111873.0;96974.0;bus
71093;1;6;579762.link:40432;280110.link:58223;14820;1381533;1381533_12:54:00;377654.0;189869.0;bus
175002;2;7;524292.link:7333;338123.link:57380;13598;1422485;321950_12:53:00;519629.0;240045.0;bus
307376;1;12;160607.link:48741;14928.link:70219;10278;1014075;1499253_13:05:00;384423.0;36053.0;bus
120315;1;10;160607.link:48741;14928.link:70219;10278;1014075;1499253_13:05:00;384423.0;36053.0;bus
208504;2;7;34214.link:27152;338123.link:57380;13598;1422485;321950_12:53:00;125439.0;240045.0;bus
418387;0;3;147812.link:56813;280658.link:55226;20417;943853;1190335_13:13:00;240045.0;81231.0;bus
30639;1;6;647143.link:36733;14928.link:70219;17075;1710768;982559_12:54:00;336100.0;36053.0;bus
155068;0;1;451458.link:67867;226796.link:47867;14415;763558;763558_13:12:00;115044.0;50190.0;bus
57612;0;5;174380.link:56057;119489.link:21762;373;1265524;1265524_13:09:00;26842.0;200976.0;bus
56004;1;4;174380.link:56057;119489.link:21762;373;1265524;1265524_13:09:00;26842.0;200976.0;bus
269169;1;6;399103.link:14810;669574.link:63088;22293;1617785;740897_13:02:00;628422.0;648074.0;bus
9364;3;6;499522.link:5311;9641.link:49135;7839;372860;562022_12:47:00;281940.0;226748.0;bus
100024;0;7;444375.link:9221;191619.link:15731;2556;1411644;434132_13:16:00;520392.0;96974.0;rail
109669;2;13;526251.link:42051;279975.link:10336;5409;40740;1478921_13:00:00;41520.0;96974.0;bus
342821;2;7;175917.link:43827;108621.link:56818;23106;996655;1626877_12:53:00;124343.0;240045.0;bus
368934;0;5;107029.link:81495;367235.link:25452;13668;749590;749590_13:15:00;110645.0;36385.0;bus
225954;2;7;670907.link:9293;657926.link:12503;16059;662596;995275_13:14:00;601422.0;649912.0;rail
417077;0;5;391841.link:25005;263407.link:45590;9292;336232;336232_12:55:00;320850.0;156271.0;bus
143529;0;3;284693.link:58222;263407.link:45590;9292;336232;336232_12:55:00;189869.0;156271.0;bus
85433;1;4;367598.link:56070;572948.link:1330;13653;134833;1198664_13:15:00;26842.0;96974.0;bus
214988;1;8;497590.link:40861;444213.link:23746;17075;1710768;982559_12:54:00;411474.0;270530.0;bus
285763;1;8;451458.link:67867;572948.link:1330;13653;134833;1198664_13:15:00;115044.0;96974.0;bus
246925;4;23;367598.link:56070;572948.link:1330;13653;134833;1198664_13:15:00;26842.0;96974.0;bus
344411;0;1;474259.link:60507;444213.link:23746;17075;1710768;982559_12:54:00;266462.0;270530.0;bus
305772;1;8;629769.link:12501;148033.link:9383;16059;262437;604921_13:12:00;649912.0;520392.0;rail
32769;1;4;483556.link:30544;401763.link:35526;23106;1288234;350476_13:13:00;504931.0;79241.0;bus
376721;2;5;602275.link:53031;669978.link:24775;3299;1374432;892890_12:53:00;240045.0;144625.0;bus
118629;0;3;479467.link:70734;85869.link:49025;7195;81719;1364867_13:18:00;486154.0;195798.0;rail
58045;0;1;160607.link:48741;519904.link:5166;13129;1599282;1599282_13:12:00;384423.0;404355.0;bus
343988;0;5;160607.link:48741;519904.link:5166;13129;1599282;1599282_13:12:00;384423.0;404355.0;bus
70968;2;7;185197.link:8939;231210.link:55657;9289;1673844;1110483_13:15:00;603484.0;498803.0;bus
124932;3;10;174380.link:56057;375019.link:54404;24325;1076323;1076323_13:19:00;26842.0;243828.0;bus
148201;1;8;672350.link:45796;503466.link:56231;18626;1519494;1519494_13:02:00;150263.0;547657.0;bus
90949;0;1;209748.link:20417;503466.link:56231;18626;1519494;1519494_13:02:00;339182.0;547657.0;bus
149863;1;4;226796.link:47867;131511.link:34636;14415;763558;763558_13:12:00;50190.0;199308.0;bus
2257;1;4;508789.link:75269;507869.link:12913;7989;1073960;836240_13:24:00;370790.0;110772.0;bus
274770;0;5;199199.link:46517;154878.link:1916;18092;236536;1065937_13:26:00;664177.0;295305.0;bus
268890;0;1;406477.link:67312;216052.link:6116;23304;199742;199742_13:05:00;589200.0;523993.0;bus
73117;2;7;398058.link:48133;342731.link:5205;3654;1241653;1241653_13:12:00;113539.0;33445.0;bus
127362;0;1;217917.link:12476;82963.link:48853;14415;763558;763558_13:12:00;91217.0;168569.0;bus
284347;1;8;344571.link:28562;557401.link:54015;12526;889712;66709_13:25:00;457764.0;6570.0;bus
63428;0;1;141538.link:33427;202520.link:27454;20910;584652;584652_13:19:00;34271.0;163462.0;bus
387698;0;3;363777.link:15060;202520.link:27454;20910;584652;584652_13:19:00;655169.0;163462.0;bus
322133;0;1;519904.link:5166;606401.link:14406;13129;1599282;1599282_13:12:00;404355.0;295248.0;bus
124520;0;7;506012.link:14407;577543.link:49924;22560;890601;577525_13:07:00;295248.0;21775.0;bus
327516;0;1;200912.link:67887;108085.link:27456;20910;584652;584652_13:19:00;379006.0;342582.0;bus
372711;0;1;226229.link:44009;453718.link:50949;23106;666145;1429121_13:13:00;634585.0;638176.0;bus
66913;0;3;652669.link:2580;514519.link:41038;8390;98964;1134478_13:05:00;576344.0;323305.0;bus
261744;0;3;652669.link:2580;160283.link:20675;13676;183404;183404_13:01:00;576344.0;183818.0;bus
5393;1;6;615752.link:49168;471952.link:49641;9289;1673844;1110483_13:15:00;226748.0;104408.0;bus
94912;0;1;519904.link:5166;606401.link:14406;13129;1599282;1599282_13:12:00;404355.0;295248.0;bus
7133;2;7;650117.link:48698;577543.link:49924;22560;890601;577525_13:07:00;530054.0;21775.0;bus
276398;2;3;545209.link:15585;247198.link:51995;18874;1355854;1355854_13:14:00;88225.0;367059.0;bus
283262;0;3;410688.link:10330;552441.link:11507;5468;905927;927237_13:29:00;96974.0;138454.0;bus
388495;0;3;14391.link:81487;548386.link:22425;13668;749590;749590_13:15:00;559204.0;134700.0;bus
59190;2;7;568865.link:59661;669361.link:30704;23536;586760;1440008_13:20:00;206381.0;615173.0;bus
255695;2;5;606936.link:48550;669361.link:30704;23536;586760;1440008_13:20:00;22170.0;615173.0;bus
148201;1;10;503466.link:56231;95048.link:15804;7883;563541;1080553_13:33:00;547657.0;320850.0;bus
10902;2;5;242344.link:20228;168608.link:20236;21446;1158378;1216039_13:05:00;630005.0;503430.0;bus
207780;0;5;545209.link:15585;552396.link:21811;18874;1355854;1355854_13:14:00;88225.0;502969.0;bus
102216;0;1;420634.link:26940;180427.link:56504;10278;1014075;1499253_13:05:00;138905.0;648007.0;bus
284093;1;6;143814.link:57271;310111.link:12285;23536;586760;1440008_13:20:00;185983.0;560248.0;bus
106761;1;4;1339.link:42050;246877.link:70637;1573;130617;130617_13:13:00;41520.0;648439.0;bus
158570;1;2;366416.link:52329;409284.link:25161;14415;763558;763558_13:12:00;241819.0;358951.0;bus
70182;3;8;503466.link:56231;346745.link:44226;7883;563541;1080553_13:33:00;547657.0;353008.0;bus
402472;3;6;243521.link:34508;492912.link:71416;10977;836938;1328745_13:31:00;96974.0;666332.0;bus
441283;1;6;611413.link:72769;125136.link:52598;22781;1484165;962228_12:57:00;210166.0;182874.0;bus
36662;2;7;251532.link:19502;50743.link:38930;3654;74268;74268_13:20:00;526672.0;594422.0;bus
175002;2;9;106883.link:56857;239506.link:40844;14604;1127120;1127120_13:34:00;240045.0;269868.0;bus
255207;2;13;431060.link:16905;160212.link:41776;12526;341182;1705233_13:17:00;601422.0;378316.0;bus
146871;2;7;180427.link:56504;87005.link:76353;10278;1014075;1499253_13:05:00;648007.0;284116.0;bus
321041;1;10;174380.link:56057;401763.link:35526;373;1265524;1265524_13:09:00;26842.0;79241.0;bus
130100;1;4;217917.link:12476;594887.link:52633;14415;763558;763558_13:12:00;91217.0;586561.0;bus
191766;1;8;615752.link:49168;373343.link:11388;7839;1160035;717051_12:55:00;226748.0;648867.0;bus
80075;0;1;69692.link:39870;588652.link:55411;24400;1246556;1099603_13:24:00;607814.0;219604.0;bus
9364;3;8;615752.link:49168;53130.link:34435;9289;1673844;1110483_13:15:00;226748.0;514801.0;bus
34858;1;4;11016.link:13378;183499.link:56356;12907;1246410;270895_13:28:00;169742.0;437261.0;bus
94603;1;4;226796.link:47867;594887.link:52633;14415;763558;763558_13:12:00;50190.0;586561.0;bus
405737;0;3;615752.link:49168;373343.link:11388;7839;1160035;717051_12:55:00;226748.0;648867.0;bus
90141;0;3;627970.link:79468;364639.link:29891;5773;1557431;1045469_13:17:00;240045.0;362509.0;bus
68997;2;7;477080.link:42860;399963.link:37927;7195;81719;1151654_13:38:00;240045.0;42579.0;rail
390568;1;4;400743.link:48623;72504.link:66201;22781;1484165;962228_12:57:00;484211.0;493871.0;bus
261105;0;1;400743.link:48623;72504.link:66201;22781;1484165;962228_12:57:00;484211.0;493871.0;bus
243737;1;12;602275.link:53031;148974.link:45545;3299;1374432;892890_12:53:00;240045.0;607694.0;bus
15370;2;9;31045.link:56813;635458.link:52595;10278;546534;125866_13:34:00;240045.0;55150.0;bus
32371;2;7;564788.link:44312;610735.link:44318;20612;125244;811054_13:22:00;589889.0;352212.0;bus
71857;0;1;653099.link:50980;292161.link:30412;12743;1180575;1565460_13:29:00;234535.0;11977.0;bus
354989;0;7;106632.link:77253;411707.link:18093;12637;1439437;322929_13:30:00;666522.0;509793.0;bus
276137;0;7;174380.link:56057;104887.link:72099;24325;1076323;1076323_13:19:00;26842.0;459081.0;bus
222922;0;1;612078.link:72051;291143.link:32523;11523;872799;1375214_13:27:00;618524.0;96974.0;rail
120519;1;8;358836.link:7463;13410.link:40286;3654;1241653;1241653_13:12:00;594422.0;74433.0;bus
197655;0;3;107029.link:81495;507710.link:59125;13668;749590;749590_13:15:00;110645.0;36305.0;bus
338692;0;1;87005.link:76353;437042.link:35396;10278;1014075;1499253_13:05:00;284116.0;248401.0;bus
326140;1;2;211659.link:79701;420480.link:79707;8390;98964;174942_13:35:00;480880.0;570415.0;bus
388115;0;3;14391.link:81487;507710.link:59125;13668;749590;749590_13:15:00;559204.0;36305.0;bus
181781;1;8;272212.link:72474;321426.link:36487;17075;812416;812416_13:28:00;266462.0;602048.0;bus
118548;0;1;84427.link:79223;272400.link:47129;12701;990102;990102_13:26:00;609050.0;461606.0;bus
247625;1;18;557401.link:54015;92514.link:10101;12526;889712;66709_13:25:00;6570.0;157124.0;bus
123011;1;6;1339.link:42050;4350.link:69084;5468;905927;927237_13:29:00;41520.0;135122.0;bus
97873;1;4;662009.link:37849;444375.link:9220;2556;530411;1048158_13:17:00;96974.0;520392.0;rail
121385;1;6;662009.link:37849;444375.link:9220;2556;530411;1048158_13:17:00;96974.0;520392.0;rail
218812;2;9;154878.link:1916;277214.link:69591;18092;236536;1065937_13:26:00;295305.0;96062.0;bus
19693;0;1;662009.link:37849;444375.link:9220;2556;530411;1048158_13:17:00;96974.0;520392.0;rail
415530;0;3;301795.link:17898;212567.link:53658;22858;490329;490329_13:38:00;400312.0;41128.0;rail
442772;0;1;343671.link:55494;83009.link:15065;13676;1154013;138767_13:32:00;597342.0;655169.0;bus
342821;2;9;477080.link:42860;479467.link:70734;7195;81719;1151654_13:38:00;240045.0;486154.0;rail
120479;1;6;662009.link:37849;444375.link:9220;2556;530411;1048158_13:17:00;96974.0;520392.0;rail
271592;1;12;662009.link:37849;444375.link:9220;2556;530411;1048158_13:17:00;96974.0;520392.0;rail
348502;4;5;217472.link:32989;4350.link:69084;5468;905927;927237_13:29:00;552946.0;135122.0;bus
178002;2;7;1645.link:15311;126593.link:45475;10853;267788;1556326_13:15:00;121642.0;572234.0;bus
81543;1;6;662009.link:37849;444375.link:9220;2556;530411;1048158_13:17:00;96974.0;520392.0;rail
397023;0;1;475117.link:50064;240233.link:32153;12701;1243301;684288_13:32:00;161413.0;38935.0;bus
299739;0;1;514721.link:4056;89375.link:18799;5773;1557431;1045469_13:17:00;68938.0;41137.0;bus
187371;0;1;147430.link:1332;494608.link:3896;24325;1076323;1076323_13:19:00;426284.0;666208.0;bus
313798;1;6;154878.link:1916;277214.link:69591;18092;236536;1065937_13:26:00;295305.0;96062.0;bus
322100;0;1;398674.link:14404;435836.link:13589;7839;372860;562022_12:47:00;395083.0;96974.0;bus
424054;0;7;441804.link:43830;456153.link:59219;24871;828136;828136_13:18:00;124343.0;201295.0;bus
316395;1;4;116271.link:5331;348621.link:51316;13951;1484474;1484474_13:25:00;203737.0;399896.0;bus
70629;1;4;250288.link:8494;661392.link:74252;20612;125244;811054_13:22:00;486154.0;523239.0;bus
216906;0;1;532123.link:78408;435836.link:13589;7839;372860;562022_12:47:00;108286.0;96974.0;bus
223887;2;11;392640.link:53742;147199.link:64148;15259;1018570;495584_13:41:00;43597.0;334701.0;bus
241313;0;1;410636.link:8131;241030.link:64056;16784;1090741;1090741_13:36:00;224192.0;496605.0;bus
302540;1;12;441804.link:43830;456153.link:59219;24871;828136;828136_13:18:00;124343.0;201295.0;bus
418464;1;6;350650.link:48393;456153.link:59219;24871;828136;828136_13:18:00;578918.0;201295.0;bus
318355;0;1;296256.link:20784;435836.link:13589;7839;372860;562022_12:47:00;19704.0;96974.0;bus
280328;0;3;441804.link:43830;456153.link:59219;24871;828136;828136_13:18:00;124343.0;201295.0;bus
178187;1;12;441804.link:43830;456153.link:59219;24871;828136;828136_13:18:00;124343.0;201295.0;bus
322714;2;7;499522.link:5311;435836.link:13589;7839;372860;562022_12:47:00;281940.0;96974.0;bus
145838;2;11;155742.link:49193;143091.link:56819;14914;618201;1512748_13:13:00;93008.0;240045.0;bus
159319;3;4;392640.link:53742;101206.link:4813;15259;1018570;495584_13:41:00;43597.0;186346.0;bus
35116;2;7;514565.link:14296;26883.link:37515;11988;762814;296057_13:37:00;485025.0;411153.0;bus
123253;1;4;160212.link:41776;344571.link:6227;12526;341182;1705233_13:17:00;378316.0;457764.0;bus
208504;2;9;31045.link:56813;69468.link:76354;10278;546534;125866_13:34:00;240045.0;284116.0;bus
72474;1;4;595865.link:69580;115586.link:5768;5468;905927;927237_13:29:00;578598.0;418354.0;bus
271073;1;2;322490.link:40007;1645.link:15311;24871;828136;828136_13:18:00;493086.0;121642.0;bus
270029;0;1;23502.link:30792;412898.link:21450;14604;1185324;41401_13:05:00;93790.0;110925.0;bus
402903;0;1;574564.link:69986;661879.link:71517;14415;763558;763558_13:12:00;366603.0;169742.0;bus
14162;1;4;120465.link:11010;280110.link:58223;3299;1374432;892890_12:53:00;548561.0;189869.0;bus
422898;2;3;79333.link:78175;540652.link:32711;7839;1160035;717051_12:55:00;128946.0;545479.0;bus
215560;1;2;88352.link:56938;667609.link:3442;9289;1673844;1110483_13:15:00;488812.0;639853.0;bus
320486;1;2;358339.link:68461;661879.link:71517;14415;763558;763558_13:12:00;165999.0;169742.0;bus
180251;1;6;635139.link:25290;23317.link:50950;23106;996655;756942_13:33:00;609285.0;638176.0;bus
84829;0;1;390377.link:2755;581508.link:54324;19170;593598;1707952_13:29:00;615480.0;51975.0;bus
410338;1;6;167503.link:33357;452808.link:46185;21536;1062401;1635660_13:29:00;237786.0;485397.0;bus
284093;1;8;369013.link:14825;212447.link:24613;19170;233783;1633584_13:40:00;560248.0;150917.0;bus
162286;2;11;274959.link:57777;581508.link:54324;19170;593598;1707952_13:29:00;196004.0;51975.0;bus
273712;2;5;164482.link:7328;121889.link:39637;4983;453353;1032574_13:43:00;189237.0;276656.0;bus
370428;0;1;11220.link:24064;280110.link:58223;20417;943853;1190335_13:13:00;112413.0;189869.0;bus
123253;1;6;344571.link:28562;19193.link:56352;12526;889712;599865_13:45:00;457764.0;506856.0;bus
355693;2;7;670907.link:9293;657926.link:12503;16059;662596;618580_13:34:00;601422.0;649912.0;rail
160412;2;5;341113.link:59258;573498.link:14431;22560;890601;577525_13:07:00;556796.0;225816.0;bus
211706;2;3;594160.link:30572;196387.link:61355;7883;563541;1080553_13:33:00;255103.0;598422.0;bus
211436;1;10;441804.link:43830;208089.link:40012;24871;828136;828136_13:18:00;124343.0;61333.0;bus
246284;1;6;272212.link:72474;460064.link:36734;17075;812416;812416_13:28:00;266462.0;336100.0;bus
305195;1;6;174380.link:56057;624488.link:48404;373;1265524;1265524_13:09:00;26842.0;222519.0;bus
414728;1;6;160607.link:48741;97826.link:40862;10278;1014075;1499253_13:05:00;384423.0;411474.0;bus
20732;1;2;451340.link:59748;161153.link:pt_161153;19170;1622255;479301_13:23:00;578286.0;247666.0;bus
10914;0;1;103937.link:42909;197854.link:15078;8390;98964;174942_13:35:00;292365.0;655169.0;bus
384831;1;4;341623.link:6558;263861.link:54325;21480;987021;153738_13:26:00;451556.0;51975.0;bus
2257;2;7;598486.link:80576;544686.link:75272;7989;1724492;1724492_13:30:00;110772.0;370790.0;bus
130715;1;4;147199.link:64148;365736.link:67510;15259;1018570;495584_13:41:00;334701.0;593923.0;bus
336216;3;8;56361.link:56857;457449.link:8230;7883;590838;315355_13:34:00;240045.0;593236.0;bus
313832;2;5;170724.link:69001;217917.link:12476;3794;1343297;642419_13:42:00;88902.0;91217.0;bus
348312;1;12;604219.link:34507;228806.link:4259;11988;762814;296057_13:37:00;96974.0;549833.0;bus
427976;0;1;360448.link:67145;635139.link:25290;5503;1117701;1240517_13:32:00;96974.0;609285.0;bus
93996;0;1;573498.link:14431;626591.link:60893;22560;890601;577525_13:07:00;225816.0;384423.0;bus
321041;1;12;227726.link:55840;32477.link:75166;18309;886828;886828_13:35:00;79241.0;364372.0;bus
79884;0;1;366537.link:41013;477499.link:55117;5185;712844;712844_13:28:00;30824.0;473673.0;bus
422059;1;10;272212.link:72474;575104.link:34689;17075;812416;812416_13:28:00;266462.0;165718.0;bus
216356;2;9;431060.link:16905;240701.link:60793;19170;233783;1633584_13:40:00;601422.0;610144.0;bus
315706;0;1;74543.link:78758;142503.link:52634;18874;1355854;1355854_13:14:00;351478.0;586561.0;bus
258357;0;1;74636.link:22432;283167.link:24110;24400;239653;1596187_13:39:00;296807.0;110406.0;bus
279548;1;2;217917.link:12476;604400.link:14392;3794;1343297;642419_13:42:00;91217.0;485025.0;bus
414902;0;1;635458.link:52595;492685.link:47479;10278;546534;125866_13:34:00;55150.0;243285.0;bus
316663;2;7;573498.link:14431;450501.link:12280;22560;890601;577525_13:07:00;225816.0;577786.0;bus
253935;0;1;573498.link:14431;450501.link:12280;22560;890601;577525_13:07:00;225816.0;577786.0;bus
336742;1;6;87005.link:76353;31045.link:56814;10278;1014075;1499253_13:05:00;284116.0;240045.0;bus
197785;1;6;69692.link:39870;508147.link:7348;24400;1246556;1099603_13:24:00;607814.0;403484.0;bus
348502;4;7;523789.link:69083;128120.link:36757;9289;1673844;299673_13:40:00;135122.0;508585.0;bus
76608;0;1;9641.link:49135;4350.link:69084;9289;1137759;633210_13:19:00;226748.0;135122.0;bus
336446;2;11;437042.link:35396;142433.link:56816;22293;952366;1717050_13:42:00;248401.0;240045.0;bus
269169;2;9;669574.link:63088;565376.link:63056;13598;188735;1050114_13:45:00;648074.0;496096.0;bus
419931;2;3;253925.link:25513;166572.link:32138;12701;990102;990102_13:26:00;109682.0;38935.0;bus
20672;2;7;224082.link:63559;13000.link:59749;19170;1268747;1268747_13:49:00;447989.0;578286.0;bus
305772;1;10;635139.link:25290;186941.link:53447;23106;996655;756942_13:33:00;609285.0;544870.0;bus
29006;0;1;497590.link:40861;365105.link:22032;18309;886828;886828_13:35:00;411474.0;176002.0;bus
386894;0;5;227726.link:55840;365105.link:22032;18309;886828;886828_13:35:00;79241.0;176002.0;bus
72372;0;1;558111.link:42627;525923.link:31305;3583;138538;157572_13:49:00;303334.0;652547.0;bus
218812;2;11;53851.link:61582;3829.link:76625;966;9465;584194_13:47:00;96974.0;440011.0;bus
164342;2;3;321730.link:36236;68703.link:67416;16604;1264494;1271565_13:46:00;181427.0;36305.0;rail
403438;4;5;518098.link:53740;148862.link:48740;15259;1018570;495584_13:41:00;36685.0;384423.0;bus
106874;0;1;74543.link:78758;574431.link:54239;18874;1355854;1355854_13:14:00;351478.0;249144.0;bus
256364;1;6;553261.link:20948;574431.link:54239;18874;1355854;1355854_13:14:00;533743.0;249144.0;bus
159646;2;7;365736.link:67510;148862.link:48740;15259;1018570;495584_13:41:00;593923.0;384423.0;bus
224794;1;8;513061.link:43952;468301.link:26547;17075;812416;812416_13:28:00;254915.0;502007.0;bus
54665;2;7;220865.link:33131;525923.link:31305;3583;138538;157572_13:49:00;549576.0;652547.0;bus
89005;0;1;133142.link:81496;615331.link:912;21536;1062401;1635660_13:29:00;110645.0;590788.0;bus
78716;0;5;507710.link:59125;72018.link:58788;22781;277292;418306_13:06:00;36305.0;208691.0;bus
304451;0;1;197070.link:60651;46295.link:76459;20612;705237;1385240_13:16:00;651472.0;612531.0;bus
124760;0;3;607875.link:55885;471273.link:12653;5185;843437;912770_13:49:00;262138.0;54124.0;bus
23772;1;2;189718.link:36338;451458.link:67867;9289;1137759;633210_13:19:00;514801.0;115044.0;bus
312952;0;1;604219.link:34507;595577.link:54766;11988;762814;296057_13:37:00;96974.0;189325.0;bus
408394;0;1;72504.link:66201;47907.link:60455;24134;1425752;1425752_13:28:00;493871.0;539086.0;bus
278376;2;11;162037.link:66392;575778.link:69591;22934;948975;134176_13:36:00;538556.0;96062.0;bus
397839;0;1;534972.link:55907;627970.link:79467;7989;1073960;836240_13:24:00;6206.0;240045.0;bus
225954;2;9;311917.link:56358;39456.link:73605;12743;1180575;1565460_13:29:00;590295.0;582818.0;bus
270815;0;1;525238.link:26056;627970.link:79467;7989;1073960;836240_13:24:00;406411.0;240045.0;bus
273710;2;3;184429.link:42235;205912.link:49031;24871;828136;828136_13:18:00;354256.0;195798.0;bus
5877;2;7;525923.link:31305;622878.link:49754;3583;138538;157572_13:49:00;652547.0;562607.0;bus
305927;0;1;329285.link:9364;205912.link:49031;24871;828136;828136_13:18:00;572234.0;195798.0;bus
173141;0;3;170659.link:56815;360476.link:53877;18309;886828;886828_13:35:00;240045.0;500749.0;bus
245656;1;4;164482.link:7328;451605.link:59869;10853;886660;886660_13:41:00;189237.0;166311.0;bus
141301;0;1;129540.link:81488;227716.link:24297;21536;1062401;1635660_13:29:00;559204.0;377344.0;bus
97976;1;4;174380.link:56057;147812.link:59273;373;1265524;1265524_13:09:00;26842.0;240045.0;bus
4382;2;5;182741.link:1584;172479.link:7444;12743;1180575;1565460_13:29:00;100649.0;491520.0;bus
304424;1;6;174380.link:56057;147812.link:59273;373;1265524;1265524_13:09:00;26842.0;240045.0;bus
90918;1;6;174380.link:56057;147812.link:59273;373;1265524;1265524_13:09:00;26842.0;240045.0;bus
90534;1;6;174380.link:56057;147812.link:59273;373;1265524;1265524_13:09:00;26842.0;240045.0;bus
268837;4;11;599600.link:47433;635458.link:52595;22293;1149182;762630_13:28:00;596680.0;55150.0;bus
272951;1;10;185197.link:8939;147812.link:59273;373;1265524;1265524_13:09:00;603484.0;240045.0;bus
115434;1;4;174380.link:56057;147812.link:59273;373;1265524;1265524_13:09:00;26842.0;240045.0;bus
411557;1;8;174380.link:56057;147812.link:59273;373;1265524;1265524_13:09:00;26842.0;240045.0;bus
272063;1;8;398058.link:48133;147812.link:59273;373;1265524;1265524_13:09:00;113539.0;240045.0;bus
109669;2;15;575778.link:69591;143123.link:53399;3583;138538;157572_13:49:00;96062.0;48879.0;bus
273882;1;10;316226.link:46518;147812.link:59273;373;1265524;1265524_13:09:00;664177.0;240045.0;bus
272910;1;10;174380.link:56057;147812.link:59273;373;1265524;1265524_13:09:00;26842.0;240045.0;bus
26342;1;4;141932.link:41591;272385.link:25087;24325;1076323;1076323_13:19:00;520518.0;526530.0;bus
159646;2;9;148862.link:48740;58756.link:58682;15259;1220406;1220406_13:55:00;384423.0;1207.0;bus
319388;1;4;568865.link:59661;247198.link:51995;10221;180646;180646_13:34:00;206381.0;367059.0;bus
259729;1;2;205692.link:24298;636520.link:6577;21536;96389;1541297_13:50:00;377344.0;482918.0;bus
126149;3;6;360448.link:67145;635139.link:25290;5503;1117701;731434_13:42:00;96974.0;609285.0;bus
285763;1;10;191619.link:15731;471849.link:28500;10939;108503;1059359_13:49:00;96974.0;384423.0;rail
225857;1;4;240701.link:60793;504532.link:16906;19170;593598;1707952_13:29:00;610144.0;601422.0;bus
85433;1;6;191619.link:15731;471849.link:28500;10939;108503;1059359_13:49:00;96974.0;384423.0;rail
246925;4;25;191619.link:15731;471849.link:28500;10939;108503;1059359_13:49:00;96974.0;384423.0;rail
23772;1;4;451458.link:67867;572948.link:1330;3578;1501909;447703_14:00:00;115044.0;96974.0;bus
43012;2;7;406280.link:54742;208901.link:53992;8390;98964;174942_13:35:00;493871.0;503678.0;bus
242695;0;1;560902.link:4230;591484.link:46307;23555;618422;618422_13:40:00;90327.0;38935.0;bus
246342;2;7;198457.link:6833;97826.link:40862;17075;812416;812416_13:28:00;338841.0;411474.0;bus
92451;1;4;367598.link:56070;116271.link:5331;3578;1501909;447703_14:00:00;26842.0;203737.0;bus
305077;1;2;460064.link:36734;97826.link:40862;17075;812416;812416_13:28:00;336100.0;411474.0;bus
277639;2;9;53851.link:61582;458433.link:24695;966;9465;584194_13:47:00;96974.0;413913.0;bus
270125;0;1;206091.link:60258;591484.link:46307;23555;618422;618422_13:40:00;254804.0;38935.0;bus
90543;0;1;19880.link:55376;591484.link:46307;23555;618422;618422_13:40:00;467091.0;38935.0;bus
119827;0;1;395174.link:59424;411028.link:72116;4112;1007392;1007392_13:57:00;520076.0;288745.0;bus
104371;3;8;514565.link:14296;458433.link:24695;966;9465;584194_13:47:00;485025.0;413913.0;bus
131941;1;4;506012.link:14407;269982.link:73195;13129;1630040;1630040_13:51:00;295248.0;344640.0;bus
388115;0;5;68703.link:67416;52441.link:38909;16604;1264494;1271565_13:46:00;36305.0;655169.0;rail
343988;0;7;666535.link:75866;269982.link:73195;13129;1630040;1630040_13:51:00;404355.0;344640.0;bus
58045;0;3;666535.link:75866;269982.link:73195;13129;1630040;1630040_13:51:00;404355.0;344640.0;bus
212556;0;3;650692.link:81557;90276.link:52394;10853;267788;1556326_13:15:00;240045.0;384180.0;bus
197655;0;5;68703.link:67416;52441.link:38909;16604;1264494;1271565_13:46:00;36305.0;655169.0;rail
261105;0;3;406280.link:54742;110472.link:41026;8390;98964;174942_13:35:00;493871.0;300257.0;bus
37354;2;7;563094.link:73084;246877.link:70636;1573;674174;819352_13:50:00;231803.0;648439.0;bus
225569;1;4;143814.link:57271;167140.link:73604;10221;180646;180646_13:34:00;185983.0;357856.0;bus
76608;0;3;523789.link:69083;130726.link:32988;5409;40740;618459_13:45:00;135122.0;552946.0;bus
53536;1;6;568865.link:59661;167140.link:73604;10221;180646;180646_13:34:00;206381.0;357856.0;bus
293221;2;7;611413.link:72769;649430.link:72758;22781;1484165;822412_13:57:00;210166.0;257468.0;bus
56004;1;6;543367.link:63640;214988.link:63179;18309;886828;886828_13:35:00;200976.0;141968.0;bus
176193;1;4;313619.link:69650;531722.link:56414;23106;996655;756942_13:33:00;127783.0;181821.0;bus
248891;0;3;543367.link:63640;214988.link:63179;18309;886828;886828_13:35:00;200976.0;141968.0;bus
439720;0;1;339592.link:17224;499961.link:58056;21536;627765;627765_13:35:00;176484.0;437353.0;bus
336742;1;8;143091.link:56819;215378.link:52507;14914;618201;1491497_13:53:00;240045.0;201276.0;bus
208251;1;8;106883.link:56858;488041.link:38504;23304;296562;688849_13:54:00;240045.0;319123.0;bus
338864;1;6;460064.link:36734;170659.link:56816;17075;812416;812416_13:28:00;336100.0;240045.0;bus
13920;1;4;61318.link:24010;574578.link:40433;14604;1185324;41401_13:05:00;357644.0;377654.0;bus
91351;0;1;276861.link:49024;477080.link:42859;7195;774173;934887_13:50:00;195798.0;240045.0;rail
179577;0;3;108621.link:56817;635139.link:25290;23106;57185;900791_13:33:00;240045.0;609285.0;bus
372498;0;1;458446.link:37928;477080.link:42859;7195;774173;934887_13:50:00;42579.0;240045.0;rail
248950;2;7;550946.link:6124;526251.link:42051;5409;40740;618459_13:45:00;323161.0;41520.0;bus
221434;2;7;292095.link:40285;440295.link:38920;7725;1690580;1450106_13:57:00;74433.0;309803.0;bus
78301;0;5;167503.link:33357;508147.link:7348;21536;1062401;1635660_13:29:00;237786.0;403484.0;bus
431106;1;6;543367.link:63640;453669.link:73584;18309;886828;886828_13:35:00;200976.0;430066.0;bus
342821;3;12;479467.link:70733;477080.link:42859;7195;774173;934887_13:50:00;486154.0;240045.0;rail
267230;1;4;215378.link:52507;149488.link:7334;14914;618201;1491497_13:53:00;201276.0;519629.0;bus
369251;0;1;129540.link:81488;508147.link:7348;21536;1062401;1635660_13:29:00;559204.0;403484.0;bus
110498;0;7;167503.link:33357;508147.link:7348;21536;1062401;1635660_13:29:00;237786.0;403484.0;bus
145838;2;13;108621.link:56817;427669.link:53446;23106;666145;913428_13:53:00;240045.0;544870.0;bus
325478;1;4;652669.link:2580;168608.link:20236;21446;1158378;1355747_13:35:00;576344.0;503430.0;bus
402472;3;8;492912.link:71416;224009.link:25213;9289;1673844;299673_13:40:00;666332.0;234165.0;bus
388495;1;6;587949.link:22424;380787.link:33356;13668;1030855;30333_13:44:00;134700.0;237786.0;bus
273260;1;8;458433.link:24695;181806.link:73428;966;9465;584194_13:47:00;413913.0;619060.0;bus
360097;2;7;439616.link:6513;560972.link:10925;13245;460649;1334942_13:54:00;145154.0;431096.0;bus
90949;0;3;503466.link:56231;574578.link:40433;7883;563541;1080553_13:33:00;547657.0;377654.0;bus
351580;0;1;509794.link:60663;586600.link:13589;3654;74268;74268_13:20:00;146476.0;96974.0;bus
6948;1;2;246877.link:70636;407684.link:21651;1573;674174;819352_13:50:00;648439.0;661913.0;bus
147784;1;4;164482.link:7328;415431.link:13254;10853;886660;886660_13:41:00;189237.0;121642.0;bus
83582;1;10;56361.link:56857;346745.link:44227;7883;590838;315355_13:34:00;240045.0;353008.0;bus
10914;0;3;605244.link:38904;507710.link:67440;16604;837655;336690_13:50:00;655169.0;36305.0;rail
81752;0;3;170659.link:56815;290918.link:16658;18309;886828;886828_13:35:00;240045.0;94836.0;bus
92140;1;8;562395.link:67866;402843.link:50256;10221;180646;180646_13:34:00;168613.0;525746.0;bus
280325;1;8;157324.link:15495;142629.link:29892;5773;1701556;1062571_13:59:00;41137.0;532129.0;bus
993;1;4;607682.link:73018;338123.link:57380;13598;1422485;597083_13:33:00;473203.0;240045.0;bus
359918;1;4;56614.link:14861;301834.link:51849;24101;110210;14506_14:01:00;510106.0;115726.0;bus
350328;0;1;408026.link:27573;578266.link:39211;3578;1501909;447703_14:00:00;315773.0;255668.0;bus
448598;0;1;349391.link:78443;322730.link:78442;24400;239653;1596187_13:39:00;624391.0;163408.0;bus
380754;1;2;334050.link:61682;360448.link:34513;5503;204545;790706_13:51:00;263804.0;96974.0;bus
77494;0;1;374122.link:71238;14391.link:81487;21536;627765;627765_13:35:00;180584.0;559204.0;bus
276398;2;5;247198.link:51995;609157.link:46987;10221;180646;180646_13:34:00;367059.0;535884.0;bus
94547;3;6;92514.link:10101;130572.link:14643;12526;889712;599865_13:45:00;157124.0;539706.0;bus
305624;1;10;292095.link:40285;12480.link:31353;5773;1701556;1062571_13:59:00;74433.0;350978.0;bus
382332;0;3;469406.link:75848;582577.link:42721;10221;180646;180646_13:34:00;385993.0;337066.0;bus
323864;0;1;56614.link:14861;230550.link:22015;24101;110210;14506_14:01:00;510106.0;553312.0;bus
387870;1;8;623665.link:14297;569496.link:65917;5185;712844;712844_13:28:00;142702.0;295335.0;bus
336459;2;3;668428.link:81138;531722.link:56414;22293;1617785;1499636_14:02:00;36038.0;181821.0;bus
83531;0;1;263484.link:9534;581508.link:54324;21480;915170;817585_14:04:00;309005.0;51975.0;bus
97303;0;3;346745.link:44226;56361.link:56858;7883;563541;1080553_13:33:00;353008.0;240045.0;bus
80103;2;5;186598.link:22626;430694.link:39882;24400;239653;1596187_13:39:00;219604.0;37980.0;bus
313284;2;7;56602.link:16914;53851.link:72263;966;9465;584194_13:47:00;571950.0;96974.0;bus
374945;0;1;73357.link:71141;541639.link:56228;7883;590838;315355_13:34:00;565436.0;547657.0;bus
93996;0;3;159131.link:26976;662009.link:37849;10939;294701;1299040_14:00:00;384423.0;96974.0;rail
184991;1;2;228806.link:4259;604219.link:34506;11988;762814;296057_13:37:00;549833.0;96974.0;bus
376683;2;7;479147.link:40085;541639.link:56228;7883;590838;315355_13:34:00;615284.0;547657.0;bus
306733;1;8;170724.link:69001;604219.link:34506;11988;762814;296057_13:37:00;88902.0;96974.0;bus
150360;1;10;228806.link:4259;604219.link:34506;11988;762814;296057_13:37:00;549833.0;96974.0;bus
122313;1;6;217917.link:12476;604219.link:34506;11988;762814;296057_13:37:00;91217.0;96974.0;bus
123011;1;8;523789.link:69083;667609.link:3442;9289;1673844;299673_13:40:00;135122.0;639853.0;bus
253818;1;6;310879.link:53679;365736.link:67510;10278;546534;125866_13:34:00;437411.0;593923.0;bus
75879;0;1;202267.link:54238;594887.link:52633;18874;838869;273061_14:02:00;249144.0;586561.0;bus
265864;2;11;283719.link:2035;106883.link:56858;14604;1185324;41401_13:05:00;227097.0;240045.0;bus
320486;1;4;11016.link:13378;180714.link:20396;12907;1342085;1355061_14:08:00;169742.0;22644.0;bus
85433;1;8;148862.link:48741;61857.link:14432;22560;1621047;684392_14:08:00;384423.0;225816.0;bus
55831;1;2;526251.link:42051;279975.link:10336;5409;40740;618459_13:45:00;41520.0;96974.0;bus
317082;1;4;450501.link:43537;61857.link:14432;22560;1621047;684392_14:08:00;577786.0;225816.0;bus
220288;2;7;457790.link:70685;271164.link:24691;10977;836938;1100563_14:01:00;113539.0;442961.0;bus
211706;2;5;142101.link:61356;266131.link:55999;14604;1127120;1127120_13:34:00;598422.0;407854.0;bus
149707;2;5;290918.link:16658;388070.link:55492;18309;886828;886828_13:35:00;94836.0;232408.0;bus
424704;1;2;512051.link:30695;212463.link:18805;12743;1180575;1565460_13:29:00;301283.0;357296.0;bus
57612;0;7;543367.link:63640;388070.link:55492;18309;886828;886828_13:35:00;200976.0;232408.0;bus
355693;2;9;311917.link:56358;212463.link:18805;12743;1180575;1565460_13:29:00;590295.0;357296.0;bus
91351;0;3;338123.link:56812;445472.link:7002;13598;1422485;31368_14:13:00;240045.0;359575.0;bus
272951;1;12;650692.link:81558;449857.link:5752;20612;330889;1335929_14:02:00;240045.0;262305.0;bus
57189;1;4;11016.link:13378;676705.link:19236;12907;1342085;1355061_14:08:00;169742.0;576936.0;bus
289189;0;1;26937.link:34409;352534.link:10211;20412;794770;794770_14:05:00;208460.0;671973.0;bus
244796;1;8;406752.link:14642;438297.link:7184;19170;1622255;1569171_14:03:00;539706.0;185600.0;bus
434654;0;1;455516.link:1478;438297.link:7184;19170;1622255;1569171_14:03:00;193450.0;185600.0;bus
272910;1;12;650692.link:81558;610735.link:77515;20612;330889;1335929_14:02:00;240045.0;352212.0;bus
179217;2;5;594160.link:30572;95048.link:15804;7883;563541;1543067_14:13:00;255103.0;320850.0;bus
305610;1;8;342114.link:50463;453838.link:71256;3280;870654;412189_13:35:00;417625.0;201725.0;bus
299031;2;7;483646.link:73017;452220.link:14575;14914;618201;1491497_13:53:00;473203.0;301018.0;bus
305871;0;1;343979.link:4383;577087.link:61137;10853;886660;886660_13:41:00;202943.0;496096.0;bus
269456;0;1;257575.link:30379;577087.link:61137;10853;886660;886660_13:41:00;172645.0;496096.0;bus
252329;0;1;146639.link:29890;186941.link:53447;5773;1701556;1062571_13:59:00;362509.0;544870.0;bus
993;1;6;106883.link:56857;239506.link:40844;14604;1404386;1569085_14:14:00;240045.0;269868.0;bus
306885;0;3;272212.link:72474;626591.link:60894;10278;546534;125866_13:34:00;266462.0;384423.0;bus
226602;2;7;406752.link:14642;160212.link:41776;12526;341182;1697517_13:57:00;539706.0;378316.0;bus
270029;0;3;469740.link:32517;626591.link:60894;10278;546534;125866_13:34:00;120778.0;384423.0;bus
82956;0;3;272212.link:72474;626591.link:60894;10278;546534;125866_13:34:00;266462.0;384423.0;bus
254341;2;7;631720.link:78998;365736.link:67510;15259;1220406;1220406_13:55:00;368285.0;593923.0;bus
160769;0;3;609932.link:22133;301861.link:27858;24325;1076323;1076323_13:19:00;96974.0;142944.0;bus
34916;0;1;484547.link:72867;181806.link:73428;10977;836938;1100563_14:01:00;506935.0;619060.0;bus
300078;4;11;392073.link:25883;635458.link:52595;22293;880011;1642929_14:03:00;411613.0;55150.0;bus
23772;1;6;191619.link:15731;471849.link:28500;12862;1119543;515335_14:08:00;96974.0;384423.0;rail
184991;1;4;575778.link:69591;622878.link:49754;2984;1330703;76715_14:12:00;96062.0;562607.0;bus
322714;2;9;609932.link:22133;595865.link:69580;1573;1476385;1386002_14:15:00;96974.0;578598.0;bus
38799;1;2;83.link:76141;606401.link:14406;7839;372860;848911_13:47:00;220682.0;295248.0;bus
411557;1;10;650692.link:81558;49607.link:47544;20612;330889;1335929_14:02:00;240045.0;400312.0;bus
336459;2;5;506814.link:56413;464586.link:56447;23106;57185;1129603_14:13:00;181821.0;532962.0;bus
122920;0;1;134155.link:51608;402529.link:61092;24325;1076323;1076323_13:19:00;643247.0;413359.0;bus
275165;0;1;110041.link:25551;402529.link:61092;24325;1076323;1076323_13:19:00;292845.0;413359.0;bus
102371;2;7;418913.link:25098;402529.link:61092;24325;1076323;1076323_13:19:00;453189.0;413359.0;bus
280328;0;5;456153.link:59219;377796.link:79205;10853;267788;746895_13:40:00;201295.0;172645.0;bus
199654;0;1;108085.link:27457;108734.link:33426;20910;209116;209116_14:02:00;342582.0;34271.0;bus
395977;3;6;445472.link:7002;49607.link:47544;20612;330889;1335929_14:02:00;359575.0;400312.0;bus
130486;1;12;148862.link:48741;213154.link:79264;22560;1621047;684392_14:08:00;384423.0;73644.0;bus
380754;1;4;279975.link:72263;116271.link:5331;5409;40740;875377_14:15:00;96974.0;203737.0;bus
101773;3;16;539881.link:61627;572948.link:1329;3578;627819;25055_14:10:00;140551.0;96974.0;bus
158708;2;7;148862.link:48741;213154.link:79264;22560;1621047;684392_14:08:00;384423.0;73644.0;bus
62830;0;1;287478.link:19479;442021.link:66972;20412;794770;794770_14:05:00;43210.0;587447.0;bus
322100;0;3;609932.link:22133;1339.link:42050;1573;1476385;1386002_14:15:00;96974.0;41520.0;bus
130100;1;6;594887.link:52633;237365.link:78757;18874;838869;273061_14:02:00;586561.0;351478.0;bus
318355;0;3;609932.link:22133;1339.link:42050;1573;1476385;1386002_14:15:00;96974.0;41520.0;bus
249994;1;4;449030.link:27574;572948.link:1329;3578;627819;25055_14:10:00;315773.0;96974.0;bus
412715;2;3;536295.link:74022;440374.link:52532;9292;173824;173824_14:08:00;597954.0;369190.0;bus
313284;2;9;575778.link:69591;43200.link:61936;2984;1330703;76715_14:12:00;96062.0;297737.0;bus
13761;2;7;543074.link:78446;69692.link:39870;24400;1246556;226203_14:11:00;624391.0;607814.0;bus
304424;1;8;650692.link:81558;169975.link:20900;20612;330889;1335929_14:02:00;240045.0;651472.0;bus
78241;0;1;550112.link:20804;640414.link:67589;24101;110210;14506_14:01:00;272656.0;179684.0;bus
77986;0;1;18762.link:23807;640414.link:67589;24101;110210;14506_14:01:00;669812.0;179684.0;bus
81543;1;8;635139.link:25290;108621.link:56818;23106;1288234;1033300_13:53:00;609285.0;240045.0;bus
120479;1;8;635139.link:25290;108621.link:56818;23106;1288234;1033300_13:53:00;609285.0;240045.0;bus
271592;1;14;635139.link:25290;108621.link:56818;23106;1288234;1033300_13:53:00;609285.0;240045.0;bus
387698;1;6;385747.link:27455;83009.link:15065;20910;209116;209116_14:02:00;163462.0;655169.0;bus
427976;0;3;635139.link:25290;108621.link:56818;23106;1288234;1033300_13:53:00;609285.0;240045.0;bus
290386;1;4;153538.link:80912;522843.link:13954;24101;110210;14506_14:01:00;14442.0;181437.0;bus
97873;1;6;635139.link:25290;108621.link:56818;23106;1288234;1033300_13:53:00;609285.0;240045.0;bus
168136;0;1;99032.link:54003;83009.link:15065;20910;209116;209116_14:02:00;567018.0;655169.0;bus
85986;3;8;49478.link:9292;662009.link:37849;16059;258178;1655452_14:12:00;601422.0;96974.0;rail
94541;2;7;49478.link:9292;662009.link:37849;16059;258178;1655452_14:12:00;601422.0;96974.0;rail
22451;2;3;275445.link:39198;585269.link:9535;12526;889712;599865_13:45:00;337282.0;309005.0;bus
38972;2;3;181015.link:29842;344571.link:6227;12526;341182;1697517_13:57:00;562977.0;457764.0;bus
363376;1;6;77680.link:70407;72504.link:66201;24101;110210;14506_14:01:00;109387.0;493871.0;bus
199605;0;1;550112.link:20804;72504.link:66201;24101;110210;14506_14:01:00;272656.0;493871.0;bus
268878;2;7;388168.link:4458;143091.link:56819;14914;618201;1491497_13:53:00;626712.0;240045.0;bus
313220;4;15;277214.link:69591;316226.link:46518;18092;200082;1126045_14:12:00;96062.0;664177.0;bus
176390;1;4;427299.link:64054;167010.link:6994;24492;105650;684316_13:33:00;480503.0;428970.0;bus
70629;2;7;575489.link:74249;667976.link:10427;20612;92588;854039_13:56:00;523239.0;486154.0;bus
348502;4;9;128120.link:36757;347902.link:61435;7839;1160035;255674_13:55:00;508585.0;41075.0;bus
258412;1;6;640414.link:67589;197854.link:15078;24101;110210;14506_14:01:00;179684.0;655169.0;bus
106946;1;12;148862.link:48741;404017.link:49925;22560;1621047;684392_14:08:00;384423.0;21775.0;bus
299739;0;3;89375.link:18799;581508.link:54324;19170;593598;1206319_14:09:00;41137.0;51975.0;bus
306733;1;10;291143.link:32522;471849.link:28500;11523;91410;981900_14:14:00;96974.0;384423.0;rail
122313;1;8;291143.link:32522;471849.link:28500;11523;91410;981900_14:14:00;96974.0;384423.0;rail
55831;1;4;360448.link:67145;106632.link:77253;5503;1117701;1057570_14:22:00;96974.0;666522.0;bus
231367;2;11;374122.link:71238;461813.link:6576;21536;1619135;179207_14:21:00;180584.0;482918.0;bus
336446;2;13;106883.link:56857;249948.link:22042;14604;1404386;1569085_14:14:00;240045.0;593522.0;bus
93392;0;1;292123.link:2767;581508.link:54324;19170;593598;1206319_14:09:00;282972.0;51975.0;bus
269528;0;1;633196.link:14451;90276.link:52394;10853;267788;746895_13:40:00;165969.0;384180.0;bus
253129;0;1;110159.link:72050;471849.link:28500;11523;91410;981900_14:14:00;618524.0;384423.0;rail
424054;0;9;456153.link:59219;90276.link:52394;10853;267788;746895_13:40:00;201295.0;384180.0;bus
323416;4;5;56614.link:14861;197854.link:15078;24101;110210;14506_14:01:00;510106.0;655169.0;bus
179577;0;5;444375.link:9221;657926.link:12500;16059;1035645;537596_14:11:00;520392.0;649912.0;rail
94912;0;3;606401.link:14406;9641.link:49135;7839;372860;848911_13:47:00;295248.0;226748.0;bus
189283;0;1;652625.link:48179;635813.link:21812;18874;838869;273061_14:02:00;125714.0;502969.0;bus
108644;1;4;170724.link:69001;263861.link:54325;21480;987021;1216854_14:06:00;88902.0;51975.0;bus
284347;1;10;556527.link:54014;228691.link:39796;18874;1355854;1448699_14:14:00;6570.0;327757.0;bus
376116;0;1;453718.link:50949;635139.link:25290;23106;666145;913428_13:53:00;638176.0;609285.0;bus
38972;2;5;344571.link:28562;650649.link:53698;12526;889712;260793_14:25:00;457764.0;294168.0;bus
273615;0;1;321309.link:4783;635139.link:25290;23106;666145;913428_13:53:00;532218.0;609285.0;bus
338864;1;8;56361.link:56857;16959.link:56370;7883;1134964;1162186_14:14:00;240045.0;236346.0;bus
148201;1;12;391841.link:25005;540050.link:59318;9292;173824;173824_14:08:00;320850.0;547347.0;bus
84829;0;3;581508.link:54324;674010.link:69003;21480;915170;817585_14:04:00;51975.0;91217.0;bus
222921;2;3;80135.link:37499;46109.link:48727;22560;1621047;684392_14:08:00;216781.0;611303.0;bus
273632;0;1;59733.link:48392;627970.link:14964;5773;1701556;1062571_13:59:00;578918.0;240045.0;bus
120519;1;10;292095.link:40285;627970.link:14964;5773;1701556;1062571_13:59:00;74433.0;240045.0;bus
273882;1;12;477080.link:42860;85869.link:49025;7195;81719;117241_14:18:00;240045.0;195798.0;rail
246208;1;10;292095.link:40285;627970.link:14964;5773;1701556;1062571_13:59:00;74433.0;240045.0;bus
187460;2;9;270791.link:6121;410688.link:34513;5468;905927;153695_13:59:00;323161.0;96974.0;bus
247084;1;2;440234.link:3443;537962.link:81758;9289;1137759;221156_14:19:00;639853.0;294771.0;bus
126149;3;8;635139.link:25290;175917.link:43827;23106;996655;878660_14:13:00;609285.0;124343.0;bus
376683;2;9;541639.link:56228;43239.link:25942;18626;1181327;1466680_14:12:00;547657.0;442846.0;bus
93996;0;5;572948.link:59411;174380.link:56057;21108;1192653;1192653_14:30:00;96974.0;26842.0;bus
312997;2;7;53851.link:61582;458433.link:24695;966;9465;744670_14:17:00;96974.0;413913.0;bus
292710;1;2;648929.link:42716;434509.link:73522;13373;935127;935127_14:22:00;477437.0;593781.0;bus
121385;1;8;635139.link:25290;59733.link:48392;23106;996655;878660_14:13:00;609285.0;578918.0;bus
164120;1;4;271923.link:12230;231210.link:55657;9289;1673844;1055965_14:15:00;96974.0;498803.0;bus
278376;2;13;53851.link:61582;458433.link:24695;966;9465;744670_14:17:00;96974.0;413913.0;bus
133557;1;6;168132.link:22317;93976.link:28291;21991;1707385;371993_14:24:00;417625.0;185600.0;rail
250761;2;7;53851.link:61582;475639.link:pt_475639;966;9465;744670_14:17:00;96974.0;643700.0;bus
376116;0;3;444375.link:9221;187458.link:51184;16059;1035645;300221_14:31:00;520392.0;417625.0;rail
299739;0;5;263861.link:54325;585269.link:9535;21480;987021;1216854_14:06:00;51975.0;309005.0;bus
85986;3;10;572948.link:59411;552013.link:71779;21108;1192653;1192653_14:30:00;96974.0;58232.0;bus
32522;1;4;529716.link:22031;620583.link:75167;18309;592187;592187_14:19:00;176002.0;364372.0;bus
166861;2;3;93633.link:18768;505687.link:16009;24134;1425752;738255_14:28:00;581830.0;420643.0;bus
83582;1;12;346745.link:7883;543708.link:47749;9292;173824;173824_14:08:00;353008.0;131779.0;bus
224639;2;11;87272.link:67511;480832.link:4813;15259;240682;94287_14:26:00;593923.0;186346.0;bus
422898;2;5;166480.link:61763;222569.link:46469;18695;1559753;1559753_14:29:00;545479.0;641329.0;bus
158570;1;4;194240.link:25160;462638.link:24078;14415;786434;211669_14:25:00;358951.0;596070.0;bus
78994;1;4;648929.link:42716;358043.link:59731;13373;935127;935127_14:22:00;477437.0;54016.0;bus
118548;0;3;272400.link:47129;650692.link:81557;20612;92588;854039_13:56:00;461606.0;240045.0;bus
101773;3;18;191619.link:15731;471849.link:28500;2556;1411644;44554_14:16:00;96974.0;384423.0;rail
83531;0;3;263861.link:54325;438297.link:7185;19170;233783;1235838_14:20:00;51975.0;185600.0;bus
269169;2;11;120060.link:45285;34214.link:27152;13598;1422485;31368_14:13:00;125808.0;125439.0;bus
179377;5;6;488089.link:77418;650692.link:81557;20612;92588;854039_13:56:00;94514.0;240045.0;bus
160250;2;7;87272.link:67511;258716.link:pt_258716;15259;240682;94287_14:26:00;593923.0;422816.0;bus
26342;1;6;88290.link:25088;373933.link:27093;24325;935982;935982_14:20:00;526530.0;480735.0;bus
68104;1;2;360476.link:53877;227726.link:55839;18309;592187;592187_14:19:00;500749.0;79241.0;bus
221847;2;15;13000.link:59749;89375.link:18799;19170;1268747;289688_14:29:00;578286.0;41137.0;bus
417574;0;1;106422.link:5081;197070.link:60651;3299;93476;1138300_13:52:00;80337.0;651472.0;bus
90918;1;8;56361.link:56857;290494.link:71131;7883;1134964;1162186_14:14:00;240045.0;368764.0;bus
312992;2;7;451458.link:67867;385812.link:69583;21108;1192653;1192653_14:30:00;115044.0;88902.0;bus
279443;4;11;388516.link:16913;385812.link:69583;21108;1192653;1192653_14:30:00;138335.0;88902.0;bus
290718;2;5;416817.link:59658;72504.link:66201;22781;1484165;822412_13:57:00;532736.0;493871.0;bus
378480;0;1;257700.link:6228;29494.link:36104;12526;889712;260793_14:25:00;457764.0;154159.0;bus
305772;1;12;427669.link:53446;565376.link:63056;23304;296562;688849_13:54:00;544870.0;496096.0;bus
252329;0;3;427669.link:53446;565376.link:63056;23304;296562;688849_13:54:00;544870.0;496096.0;bus
33503;0;1;111216.link:36486;474259.link:60507;17075;1710768;114895_14:14:00;602048.0;266462.0;bus
223887;2;13;456323.link:64148;88079.link:4945;15259;240682;94287_14:26:00;334701.0;234302.0;bus
94541;2;9;572948.link:59411;593729.link:46549;21108;1192653;1192653_14:30:00;96974.0;93016.0;bus
26571;1;4;275347.link:15987;142877.link:5191;20412;794770;794770_14:05:00;193.0;598653.0;bus
105980;1;6;458433.link:24695;53851.link:72263;966;9465;744670_14:17:00;413913.0;96974.0;bus
271565;1;8;458433.link:24695;53851.link:72263;966;9465;744670_14:17:00;413913.0;96974.0;bus
229603;1;6;400743.link:48623;505687.link:16009;22781;1484165;822412_13:57:00;484211.0;420643.0;bus
186240;1;6;458433.link:24695;53851.link:72263;966;9465;744670_14:17:00;413913.0;96974.0;bus
237318;2;3;658600.link:58173;507710.link:59125;13668;749590;1100682_14:15:00;557364.0;36305.0;bus
77494;0;3;14391.link:81487;507710.link:59125;13668;749590;1100682_14:15:00;559204.0;36305.0;bus
127196;0;1;451458.link:67867;86832.link:38323;21108;1192653;1192653_14:30:00;115044.0;240495.0;bus
304451;0;3;69229.link:78978;590466.link:39340;16784;348850;623573_14:36:00;612531.0;21183.0;bus
109669;3;18;332338.link:47612;277214.link:69591;18092;236536;136822_14:26:00;202857.0;96062.0;bus
314698;0;1;292123.link:2767;438297.link:7184;19170;1268747;289688_14:29:00;282972.0;185600.0;bus
150360;1;12;662009.link:37849;444375.link:9220;7949;669596;200027_14:17:00;96974.0;520392.0;rail
272063;1;10;56361.link:56857;346745.link:44227;7883;1134964;1162186_14:14:00;240045.0;353008.0;bus
149863;2;7;251839.link:34635;420429.link:47870;14415;786434;211669_14:25:00;199308.0;50190.0;bus
132717;1;4;263484.link:9534;247714.link:49782;12526;341182;1107727_14:37:00;309005.0;375043.0;bus
278113;1;4;1339.link:42050;667510.link:7573;5468;905927;929171_14:29:00;41520.0;602778.0;bus
92149;0;1;669150.link:50253;247198.link:51995;10221;1151108;1151108_14:35:00;525746.0;367059.0;bus
315706;0;3;142503.link:52634;280940.link:12479;14415;786434;211669_14:25:00;586561.0;91217.0;bus
322133;0;3;606401.link:14406;435836.link:13589;7839;372860;848911_13:47:00;295248.0;96974.0;bus
68788;0;1;427299.link:64054;446307.link:41376;23304;296562;688849_13:54:00;480503.0;672813.0;bus
276398;3;8;652015.link:46986;247198.link:51995;10221;1151108;1151108_14:35:00;535884.0;367059.0;bus
249602;1;2;604741.link:39762;16635.link:27916;21108;1192653;1192653_14:30:00;617326.0;124866.0;bus
269456;0;3;120060.link:15713;427669.link:53446;5773;1557431;70601_14:32:00;125808.0;544870.0;bus
83858;3;10;49478.link:9292;662009.link:37849;16059;258178;6429_14:32:00;601422.0;96974.0;rail
319200;0;1;486011.link:55512;344571.link:6227;12526;341182;702236_14:17:00;379758.0;457764.0;bus
400332;2;7;263484.link:9534;344571.link:6227;12526;341182;702236_14:17:00;309005.0;457764.0;bus
246342;2;9;497590.link:40861;635139.link:25290;23106;57185;1129603_14:13:00;411474.0;609285.0;bus
108181;1;6;161443.link:49642;9641.link:49135;9289;1137759;221156_14:19:00;104408.0;226748.0;bus
433685;0;1;658181.link:63940;540652.link:32711;7839;1160035;255674_13:55:00;528441.0;545479.0;bus
319388;1;6;247198.link:51995;419227.link:38003;18874;1355854;1448699_14:14:00;367059.0;533401.0;bus
209598;2;7;401928.link:80813;272400.link:47129;20612;705237;1717354_14:36:00;191428.0;461606.0;bus
267671;1;4;161052.link:27151;120060.link:63078;14914;618201;778459_14:33:00;125439.0;125808.0;bus
283394;1;6;119636.link:50016;184814.link:5325;22934;948975;220246_14:09:00;566620.0;486173.0;bus
208383;2;11;668428.link:81138;668649.link:52584;22293;952366;1230101_14:42:00;36038.0;581234.0;bus
186240;1;8;575778.link:69591;119636.link:50016;2984;1330703;979444_14:42:00;96062.0;566620.0;bus
355693;3;12;270219.link:51861;557401.link:54015;18874;838869;273061_14:02:00;10361.0;6570.0;bus
178187;1;14;456153.link:59216;598486.link:80576;7989;135520;674700_14:20:00;201295.0;110772.0;bus
315590;0;1;61108.link:32538;604400.link:14392;14415;786434;211669_14:25:00;94891.0;485025.0;bus
411494;0;1;332625.link:66577;167116.link:32332;14604;1404386;1569085_14:14:00;584295.0;204740.0;bus
93089;2;13;277214.link:69591;379601.link:52803;18092;110891;944291_14:39:00;96062.0;295305.0;bus
225569;2;7;161859.link:21809;289988.link:34254;10221;1151108;1151108_14:35:00;385993.0;325266.0;bus
77133;2;7;400194.link:21833;560972.link:10924;13245;589833;741128_14:40:00;338364.0;431096.0;bus
222810;2;7;593354.link:75575;46923.link:1218;18874;1355854;1448699_14:14:00;453230.0;543264.0;bus
428302;0;1;220865.link:33131;379601.link:52803;18092;110891;944291_14:39:00;549576.0;295305.0;bus
133557;1;8;438297.link:7184;87198.link:26379;19170;1268747;289688_14:29:00;185600.0;298776.0;bus
302540;1;14;456153.link:59216;544686.link:75272;7989;135520;674700_14:20:00;201295.0;370790.0;bus
72024;1;4;175804.link:56354;650649.link:53698;12526;889712;323072_14:45:00;628138.0;294168.0;bus
421269;2;3;23317.link:50950;401763.link:35526;23106;1288234;290935_14:33:00;638176.0;79241.0;bus
342821;3;14;108621.link:56817;441804.link:43830;23106;666145;1057247_14:33:00;240045.0;124343.0;bus
257556;1;6;420429.link:47870;136857.link:13589;14415;786434;211669_14:25:00;50190.0;96974.0;bus
109199;0;1;142503.link:52634;136857.link:13589;14415;786434;211669_14:25:00;586561.0;96974.0;bus
361417;2;3;386421.link:48011;374122.link:22231;20412;794770;794770_14:05:00;98941.0;180584.0;bus
336216;4;11;275492.link:8231;56361.link:56858;7883;563541;1543067_14:13:00;593236.0;240045.0;bus
220996;2;7;264048.link:61626;272065.link:70652;5409;40740;908189_14:30:00;140551.0;578598.0;bus
305610;2;11;453838.link:64668;427545.link:1197;13644;199392;1273243_14:45:00;201725.0;466408.0;bus
81829;0;1;77113.link:55211;574578.link:40433;20417;976629;36287_14:12:00;436843.0;377654.0;bus
87547;0;1;291443.link:56199;374122.link:22231;20412;794770;794770_14:05:00;529437.0;180584.0;bus
367325;1;2;450336.link:50396;374122.link:22231;20412;794770;794770_14:05:00;153056.0;180584.0;bus
259507;0;1;142877.link:5191;374122.link:22231;20412;794770;794770_14:05:00;598653.0;180584.0;bus
177742;2;11;509229.link:55227;574578.link:40433;20417;976629;36287_14:12:00;81231.0;377654.0;bus
411557;1;12;301795.link:17898;64852.link:30010;22858;446110;1167748_14:38:00;400312.0;189869.0;rail
113398;1;4;275347.link:15987;374122.link:22231;20412;794770;794770_14:05:00;193.0;180584.0;bus
156578;2;11;379601.link:52803;612124.link:47611;18092;110891;944291_14:39:00;295305.0;202857.0;bus
273615;0;3;148033.link:9382;93976.link:28291;21991;1707385;804577_14:44:00;520392.0;185600.0;rail
305042;0;1;529716.link:22031;170659.link:56816;18309;592187;592187_14:19:00;176002.0;240045.0;bus
355885;3;10;148033.link:9382;93976.link:28291;21991;1707385;804577_14:44:00;520392.0;185600.0;rail
319200;0;3;344571.link:28562;557401.link:54015;12526;889712;323072_14:45:00;457764.0;6570.0;bus
302216;1;8;168132.link:22317;93976.link:28291;21991;1707385;804577_14:44:00;417625.0;185600.0;rail
386894;1;8;529716.link:22031;170659.link:56816;18309;592187;592187_14:19:00;176002.0;240045.0;bus
398161;1;4;381176.link:40729;261002.link:31608;7772;1356800;1356800_14:41:00;272045.0;189869.0;bus
374413;4;5;618623.link:54684;261002.link:31608;7772;1356800;1356800_14:41:00;548561.0;189869.0;bus
130465;1;2;404017.link:49925;9641.link:49135;22560;1621047;684392_14:08:00;21775.0;226748.0;bus
397023;0;3;166572.link:32138;602275.link:53030;3299;93476;1138300_13:52:00;38935.0;240045.0;bus
90543;0;3;166572.link:32138;602275.link:53030;3299;93476;1138300_13:52:00;38935.0;240045.0;bus
16855;1;2;361020.link:28775;602275.link:53030;3299;93476;1138300_13:52:00;393496.0;240045.0;bus
418464;1;8;456153.link:59216;16562.link:71014;7989;135520;674700_14:20:00;201295.0;545504.0;bus
304424;2;11;197070.link:60651;602275.link:53030;3299;93476;1138300_13:52:00;651472.0;240045.0;bus
397736;2;3;71304.link:63302;602275.link:53030;3299;93476;1138300_13:52:00;663969.0;240045.0;bus
164171;2;3;596416.link:5108;9641.link:49135;22560;1621047;684392_14:08:00;658993.0;226748.0;bus
208463;0;1;425071.link:52566;142433.link:56816;22293;952366;1230101_14:42:00;47388.0;240045.0;bus
402398;1;4;9641.link:49135;4350.link:69084;9289;1137759;221156_14:19:00;226748.0;135122.0;bus
94912;0;5;9641.link:49135;4350.link:69084;9289;1137759;221156_14:19:00;226748.0;135122.0;bus
413825;3;4;411384.link:27533;142433.link:56816;22293;952366;1230101_14:42:00;288417.0;240045.0;bus
283394;1;8;184814.link:5325;80450.link:26160;13951;896249;1485865_14:32:00;486173.0;348366.0;bus
119827;0;3;612923.link:71937;602275.link:53030;3299;93476;1138300_13:52:00;351973.0;240045.0;bus
268717;0;1;551124.link:5075;602275.link:53030;3299;93476;1138300_13:52:00;212160.0;240045.0;bus
7407;0;1;61857.link:14432;9641.link:49135;22560;1621047;684392_14:08:00;225816.0;226748.0;bus
274770;1;8;379601.link:52803;316226.link:46518;18092;110891;944291_14:39:00;295305.0;664177.0;bus
304399;0;1;90683.link:5059;602275.link:53030;3299;93476;1138300_13:52:00;550394.0;240045.0;bus
241346;0;1;437042.link:35396;142433.link:56816;22293;952366;1230101_14:42:00;248401.0;240045.0;bus
190801;1;4;456323.link:64148;510267.link:69533;15259;240682;94287_14:26:00;334701.0;160244.0;bus
363376;1;8;406280.link:54742;674159.link:33444;8390;964255;964255_14:06:00;493871.0;385007.0;bus
270125;0;3;166572.link:32138;602275.link:53030;3299;93476;1138300_13:52:00;38935.0;240045.0;bus
178447;0;1;336219.link:51667;602275.link:53030;3299;93476;1138300_13:52:00;70767.0;240045.0;bus
187460;2;11;277214.link:69591;590143.link:22893;18092;110891;944291_14:39:00;96062.0;38250.0;bus
22451;2;5;263484.link:9534;142575.link:14866;21480;915170;418201_14:44:00;309005.0;451556.0;bus
279332;1;6;43200.link:61936;410688.link:34513;22934;948975;220246_14:09:00;297737.0;96974.0;bus
314698;0;3;136398.link:28292;168132.link:22316;21991;1288999;1091208_14:48:00;185600.0;417625.0;rail
418387;1;6;509229.link:55227;147812.link:59273;20417;976629;36287_14:12:00;81231.0;240045.0;bus
416411;0;1;15003.link:72843;249227.link:45359;23304;296562;688849_13:54:00;181330.0;319123.0;bus
225151;1;6;170724.link:69001;609932.link:13589;21480;987021;1219862_14:46:00;88902.0;96974.0;bus
405179;0;1;575487.link:45868;148862.link:48741;18695;1559753;1559753_14:29:00;356138.0;384423.0;bus
357549;1;6;362816.link:45159;148862.link:48741;15259;240682;94287_14:26:00;539093.0;384423.0;bus
124424;0;1;555266.link:45855;148862.link:48741;18695;1559753;1559753_14:29:00;177342.0;384423.0;bus
432759;1;6;232055.link:9004;148862.link:48741;18695;1559753;1559753_14:29:00;141305.0;384423.0;bus
221878;2;11;50743.link:38930;443516.link:52788;7725;1690580;1674302_14:37:00;594422.0;185600.0;bus
170459;1;6;384542.link:26594;72018.link:58788;22781;277292;1232336_14:06:00;453079.0;208691.0;bus
164342;2;5;507710.link:59125;72018.link:58788;22781;277292;1232336_14:06:00;36305.0;208691.0;bus
10914;0;5;507710.link:59125;72018.link:58788;22781;277292;1232336_14:06:00;36305.0;208691.0;bus
246342;2;11;635139.link:25290;258602.link:37842;5503;204545;567970_14:51:00;609285.0;646696.0;bus
372498;0;3;106883.link:56857;36548.link:59795;14604;1404386;1569085_14:14:00;240045.0;487915.0;bus
140847;1;4;651559.link:72757;611413.link:72769;22781;277292;1232336_14:06:00;257468.0;210166.0;bus
179577;0;7;311917.link:56358;39456.link:73605;12743;1180575;357274_14:29:00;590295.0;582818.0;bus
86746;1;2;248288.link:66809;94640.link:65246;24325;935982;935982_14:20:00;191993.0;315147.0;bus
305624;2;13;610576.link:31352;89375.link:18799;5773;1557431;70601_14:32:00;350978.0;41137.0;bus
226234;0;1;610576.link:31352;89375.link:18799;5773;1557431;70601_14:32:00;350978.0;41137.0;bus
269456;0;5;427669.link:53446;571590.link:54113;23106;666145;1057247_14:33:00;544870.0;320996.0;bus
259507;0;3;374122.link:71238;227716.link:24297;21536;1659357;1659357_14:24:00;180584.0;377344.0;bus
93392;0;3;581508.link:54324;383361.link:77252;21480;915170;418201_14:44:00;51975.0;666522.0;bus
368934;1;8;502946.link:25453;341545.link:13374;13668;1030855;1523161_14:44:00;36385.0;557364.0;bus
230501;3;6;355819.link:6559;209810.link:76918;21536;1659357;1659357_14:24:00;576012.0;576695.0;bus
32070;2;7;504665.link:22544;395254.link:51937;12701;878720;71334_14:40:00;109682.0;509564.0;bus
222922;0;3;604219.link:34507;26883.link:37515;11988;762814;1703209_14:52:00;96974.0;411153.0;bus
103073;1;2;172479.link:7444;78370.link:15355;12743;1180575;357274_14:29:00;491520.0;265296.0;bus
336216;4;13;477080.link:42860;399963.link:37927;7195;81719;337800_14:58:00;240045.0;42579.0;rail
271565;1;10;360448.link:67145;635139.link:25290;5503;1117701;75661_14:42:00;96974.0;609285.0;bus
92091;0;1;333997.link:42709;181675.link:16909;10221;1151108;1151108_14:35:00;337066.0;168613.0;bus
417574;0;3;197070.link:60651;575489.link:74249;20612;705237;1717354_14:36:00;651472.0;523239.0;bus
233104;2;3;56558.link:12517;72504.link:66200;8390;1211691;1049959_14:53:00;377348.0;493871.0;bus
82694;0;1;531014.link:70841;97826.link:40862;23106;1288234;290935_14:33:00;507793.0;411474.0;bus
369251;0;3;132189.link:17140;370304.link:61574;24400;239653;821287_14:44:00;403484.0;439177.0;bus
397350;0;1;485375.link:30793;400083.link:26943;14604;1404386;1569085_14:14:00;93790.0;36053.0;bus
305871;0;3;120060.link:15713;443516.link:52788;5773;1557431;70601_14:32:00;125808.0;185600.0;bus
83858;3;12;572948.link:59411;451458.link:67867;13653;353804;1550521_15:00:00;96974.0;115044.0;bus
226566;2;7;275445.link:39198;181443.link:42072;12526;341182;1107727_14:37:00;337282.0;154159.0;bus
98233;2;3;522611.link:64287;213225.link:33805;14914;618201;778459_14:33:00;313612.0;441005.0;bus
208251;2;11;249227.link:45359;106883.link:56857;23304;296562;688849_13:54:00;319123.0;240045.0;bus
443465;2;3;32251.link:49887;605244.link:38904;16604;1446840;1446840_14:52:00;463521.0;655169.0;rail
263897;0;1;611413.link:72769;649430.link:72758;22781;1484165;799189_14:57:00;210166.0;257468.0;bus
87547;0;3;374122.link:71238;349550.link:17190;21536;1659357;1659357_14:24:00;180584.0;130860.0;bus
80075;1;4;186598.link:22626;470614.link:67483;24400;239653;821287_14:44:00;219604.0;607814.0;bus
241283;1;4;114986.link:6996;450107.link:53406;3299;1374432;156820_14:53:00;134979.0;557425.0;bus
381230;0;1;312697.link:33067;170724.link:69001;21108;1163569;1163569_14:50:00;664084.0;88902.0;bus
347444;0;1;142575.link:14866;609932.link:13589;21480;915170;418201_14:44:00;451556.0;96974.0;bus
420249;0;1;314863.link:9776;572907.link:44315;20612;705237;1717354_14:36:00;103883.0;352212.0;bus
116557;1;6;23317.link:50950;108621.link:56818;23106;1288234;290935_14:33:00;638176.0;240045.0;bus
349834;2;3;106632.link:77253;341623.link:6558;21480;987021;1219862_14:46:00;666522.0;451556.0;bus
216634;2;5;629769.link:12501;662009.link:37849;16059;258178;637552_14:52:00;649912.0;96974.0;rail
94912;0;7;523789.link:69083;526251.link:42051;5409;40740;336875_14:45:00;135122.0;41520.0;bus
172611;0;1;374122.link:71238;508147.link:7348;21536;1659357;1659357_14:24:00;180584.0;403484.0;bus
91351;0;5;445472.link:7002;589222.link:1860;3299;1374432;156820_14:53:00;359575.0;103883.0;bus
130398;3;12;612078.link:72051;662009.link:37849;11523;1183930;1458762_14:52:00;618524.0;96974.0;rail
362903;0;1;28010.link:41037;197854.link:15079;8390;1211691;1049959_14:53:00;323305.0;655169.0;bus
79453;0;1;649430.link:72758;300109.link:31447;22781;1484165;799189_14:57:00;257468.0;560205.0;bus
110498;0;9;132189.link:17140;378326.link:22627;24400;239653;821287_14:44:00;403484.0;675018.0;bus
157796;0;1;390377.link:2755;581508.link:54324;19170;593598;857647_14:49:00;615480.0;51975.0;bus
305624;2;15;89375.link:18799;581508.link:54324;19170;593598;857647_14:49:00;41137.0;51975.0;bus
367786;1;4;484637.link:68812;79526.link:65944;13668;1030855;1523161_14:44:00;626868.0;287685.0;bus
127908;1;6;342114.link:27987;360448.link:34513;5503;204545;567970_14:51:00;417625.0;96974.0;bus
417574;0;5;661392.link:74252;159896.link:58703;20612;125244;1148204_14:42:00;523239.0;99045.0;bus
68767;1;4;526024.link:37766;660488.link:45656;24492;105650;683554_14:33:00;588121.0;590495.0;bus
153837;1;4;181675.link:16909;281776.link:13586;10221;1151108;1151108_14:35:00;168613.0;96974.0;bus
355693;3;14;557401.link:54015;130572.link:14643;12526;889712;323072_14:45:00;6570.0;539706.0;bus
120637;2;7;272425.link:32123;249227.link:45359;20612;705237;1717354_14:36:00;456204.0;319123.0;bus
73536;0;1;284752.link:56994;341113.link:59258;7839;1160035;554074_14:55:00;141548.0;556796.0;bus
91155;2;7;49607.link:47545;249227.link:45359;20612;705237;1717354_14:36:00;400312.0;319123.0;bus
73056;0;1;341623.link:6558;263861.link:54325;21480;987021;1219862_14:46:00;451556.0;51975.0;bus
133684;1;4;604400.link:14392;263861.link:54325;21480;987021;1219862_14:46:00;485025.0;51975.0;bus
187977;0;1;87070.link:39761;572948.link:1330;21108;1163569;1163569_14:50:00;617326.0;96974.0;bus
236338;0;1;299970.link:68366;507710.link:59125;22781;1484165;799189_14:57:00;94257.0;36305.0;bus
293592;0;1;611413.link:72769;507710.link:59125;22781;1484165;799189_14:57:00;210166.0;36305.0;bus
93173;2;9;590143.link:22892;277214.link:69591;18092;841381;462030_14:55:00;38250.0;96062.0;bus
322133;0;5;609932.link:13589;674010.link:69003;21480;915170;418201_14:44:00;96974.0;91217.0;bus
120479;1;10;650692.link:81558;507141.link:47130;20612;125244;1148204_14:42:00;240045.0;461606.0;bus
390295;3;10;101627.link:76691;477499.link:55118;5185;106880;390301_14:54:00;576806.0;473673.0;bus
124424;0;3;159131.link:26976;662009.link:37849;10939;294701;931119_15:00:00;384423.0;96974.0;rail
82956;0;5;159131.link:26976;662009.link:37849;10939;294701;931119_15:00:00;384423.0;96974.0;rail
120315;1;12;14928.link:70219;607177.link:78251;14604;1185324;707258_15:05:00;36053.0;362925.0;bus
405179;0;3;159131.link:26976;662009.link:37849;10939;294701;931119_15:00:00;384423.0;96974.0;rail
320486;2;7;546693.link:20395;661879.link:71517;12907;1706634;1661948_14:50:00;22644.0;169742.0;bus
306885;0;5;159131.link:26976;662009.link:37849;10939;294701;931119_15:00:00;384423.0;96974.0;rail
270029;0;5;159131.link:26976;662009.link:37849;10939;294701;931119_15:00:00;384423.0;96974.0;rail
187371;1;4;641904.link:3893;126802.link:1620;24325;935982;935982_14:20:00;666208.0;436335.0;bus
429015;0;1;266755.link:44503;375019.link:54404;13653;353804;1550521_15:00:00;164179.0;243828.0;bus
147614;1;6;421041.link:64823;431060.link:16905;12526;889712;323072_14:45:00;541373.0;601422.0;bus
199661;0;1;652669.link:2579;254705.link:22606;5185;712844;1379321_14:28:00;576344.0;262138.0;bus
5393;2;9;161443.link:49642;9641.link:49135;9289;407528;1669538_14:49:00;104408.0;226748.0;bus
291167;0;1;332256.link:76550;281844.link:41010;5185;106880;390301_14:54:00;630406.0;30824.0;bus
90265;0;1;668428.link:81138;142433.link:56815;22293;1617785;1617785_15:02:00;36038.0;240045.0;bus
257556;1;8;435836.link:22133;591291.link:71961;7839;1160035;554074_14:55:00;96974.0;401984.0;bus
124760;1;6;563379.link:65925;15481.link:68794;5185;712844;1379321_14:28:00;54124.0;194530.0;bus
71053;0;1;672350.link:45796;503466.link:56231;18626;449595;1521462_14:50:00;150263.0;547657.0;bus
83181;0;1;51386.link:53548;359245.link:33650;24325;935982;935982_14:20:00;197004.0;541588.0;bus
78301;0;7;132189.link:17140;322730.link:78442;24400;239653;821287_14:44:00;403484.0;163408.0;bus
273260;1;10;174380.link:56057;13410.link:40286;3654;523174;1706717_14:45:00;26842.0;74433.0;bus
68104;1;4;610783.link:11538;457790.link:70685;373;995885;995885_14:33:00;79241.0;113539.0;bus
269456;1;8;518182.link:54116;186941.link:53447;23106;996655;715171_14:53:00;320996.0;544870.0;bus
305871;0;5;136398.link:28292;168132.link:22316;21991;1288999;649364_15:08:00;185600.0;417625.0;rail
120519;1;12;650692.link:81558;458952.link:72371;20612;125244;1148204_14:42:00;240045.0;456204.0;bus
34916;0;3;174380.link:56057;13410.link:40286;3654;523174;1706717_14:45:00;26842.0;74433.0;bus
139726;0;1;303711.link:38579;302634.link:31269;24325;935982;935982_14:20:00;630669.0;109112.0;bus
316395;2;7;19956.link:23764;457790.link:70685;13951;911207;645377_15:01:00;636350.0;113539.0;bus
9517;0;1;647653.link:68801;302634.link:31269;24325;935982;935982_14:20:00;639833.0;109112.0;bus
276137;1;10;552918.link:3881;302634.link:31269;24325;935982;935982_14:20:00;459081.0;109112.0;bus
112987;0;1;303711.link:38579;302634.link:31269;24325;935982;935982_14:20:00;630669.0;109112.0;bus
102371;2;9;44962.link:24662;302634.link:31269;24325;935982;935982_14:20:00;413359.0;109112.0;bus
351580;0;3;435836.link:22133;398674.link:14405;7839;1160035;554074_14:55:00;96974.0;395083.0;bus
374413;4;7;284693.link:58222;346745.link:7883;9292;654396;654396_14:55:00;189869.0;353008.0;bus
275165;0;3;44962.link:24662;166588.link:29068;24325;935982;935982_14:20:00;413359.0;520518.0;bus
403359;2;7;19956.link:23764;451458.link:67867;13951;911207;645377_15:01:00;636350.0;115044.0;bus
150254;1;8;168132.link:22316;148033.link:9383;21991;1288999;649364_15:08:00;417625.0;520392.0;rail
71053;0;3;503466.link:56231;95048.link:15804;7883;563541;813170_15:13:00;547657.0;320850.0;bus
322307;0;1;133868.link:80882;166588.link:29068;24325;935982;935982_14:20:00;252259.0;520518.0;bus
270815;0;3;147812.link:56813;451458.link:67867;373;995885;995885_14:33:00;240045.0;115044.0;bus
343622;1;2;481194.link:73707;95048.link:15804;9292;887052;887052_15:04:00;117561.0;320850.0;bus
302545;0;1;534972.link:55907;627970.link:79467;7989;1073960;1073960_14:44:00;6206.0;240045.0;bus
119473;0;1;1645.link:15311;627970.link:79467;7989;1073960;1073960_14:44:00;121642.0;240045.0;bus
72366;0;1;493058.link:55974;451458.link:67867;373;995885;995885_14:33:00;549576.0;115044.0;bus
397839;0;3;147812.link:56813;451458.link:67867;373;995885;995885_14:33:00;240045.0;115044.0;bus
303865;0;1;569984.link:45954;95048.link:15804;9292;887052;887052_15:04:00;239517.0;320850.0;bus
303462;2;3;46374.link:73665;346745.link:7882;9292;887052;887052_15:04:00;164569.0;353008.0;bus
77494;0;5;507710.link:59125;322467.link:71277;22781;1484165;799189_14:57:00;36305.0;831.0;bus
417077;1;8;263407.link:45590;346745.link:7882;9292;887052;887052_15:04:00;156271.0;353008.0;bus
233171;2;7;652669.link:2580;446040.link:48624;22781;277292;277292_15:06:00;576344.0;484211.0;bus
148664;0;1;263407.link:45590;346745.link:7882;9292;887052;887052_15:04:00;156271.0;353008.0;bus
375814;0;1;575489.link:74249;650692.link:81557;20612;705237;1717354_14:36:00;523239.0;240045.0;bus
244243;0;1;263407.link:45590;346745.link:7882;9292;887052;887052_15:04:00;156271.0;353008.0;bus
303689;0;1;263407.link:45590;346745.link:7882;9292;887052;887052_15:04:00;156271.0;353008.0;bus
179097;0;1;569984.link:45954;346745.link:7882;9292;887052;887052_15:04:00;239517.0;353008.0;bus
260117;0;1;406280.link:54742;446040.link:48624;22781;277292;277292_15:06:00;493871.0;484211.0;bus
253818;1;8;87272.link:67511;403093.link:21031;15259;386101;140869_15:05:00;593923.0;43597.0;bus
101773;3;20;160607.link:48741;474259.link:60507;10278;1014075;493146_15:05:00;384423.0;266462.0;bus
122313;1;10;160607.link:48741;474259.link:60507;10278;1014075;493146_15:05:00;384423.0;266462.0;bus
354131;0;1;148862.link:48741;403093.link:21031;15259;386101;140869_15:05:00;384423.0;43597.0;bus
90949;0;5;579762.link:40432;397053.link:28890;20417;943853;690578_15:15:00;377654.0;320286.0;bus
316352;0;1;69473.link:79402;367598.link:56070;13951;911207;645377_15:01:00;279185.0;26842.0;bus
306733;1;12;160607.link:48741;474259.link:60507;10278;1014075;493146_15:05:00;384423.0;266462.0;bus
97303;0;5;147812.link:56813;367598.link:56070;373;995885;995885_14:33:00;240045.0;26842.0;bus
130465;1;4;9641.link:49135;4350.link:69084;9289;407528;1669538_14:49:00;226748.0;135122.0;bus
208251;2;13;106883.link:56857;192466.link:2034;14604;1404386;507962_15:14:00;240045.0;227097.0;bus
273632;0;3;56361.link:56857;387539.link:10529;7883;1134964;224448_15:14:00;240045.0;666115.0;bus
268717;0;3;108621.link:56817;618014.link:56449;23106;666145;737545_15:13:00;240045.0;584454.0;bus
81543;1;10;650692.link:81558;209711.link:49690;20612;125244;1148204_14:42:00;240045.0;168043.0;bus
268890;1;4;479467.link:70733;458446.link:37928;7195;774173;890823_15:10:00;486154.0;42579.0;rail
43625;3;4;672378.link:56528;655401.link:59555;22781;1484165;799189_14:57:00;188440.0;72476.0;bus
401816;0;1;184814.link:5325;410688.link:34513;22934;948975;597288_14:36:00;486173.0;96974.0;bus
168136;0;3;197854.link:15079;577595.link:50431;8390;1211691;1049959_14:53:00;655169.0;221208.0;bus
14162;2;7;280110.link:58223;618623.link:54685;3299;93476;889095_15:12:00;189869.0;548561.0;bus
272063;1;12;346745.link:7883;263407.link:33559;9292;654396;654396_14:55:00;353008.0;156271.0;bus
16855;1;4;31045.link:56813;69468.link:76354;10278;1222823;1222823_14:58:00;240045.0;284116.0;bus
83396;1;4;593729.link:46548;604400.link:14392;3794;1343297;822637_15:12:00;93016.0;485025.0;bus
127908;1;8;243521.link:34508;421201.link:41601;22704;181783;181783_15:15:00;96974.0;256697.0;bus
122920;0;3;44962.link:24662;609932.link:13589;24325;935982;935982_14:20:00;413359.0;96974.0;bus
237481;2;3;499961.link:58056;14391.link:81487;13668;749590;1557561_15:15:00;437353.0;559204.0;bus
220411;1;6;526251.link:42051;367598.link:56070;5409;40740;432711_15:00:00;41520.0;26842.0;bus
429315;1;4;607389.link:54776;181806.link:73428;5409;40740;432711_15:00:00;640541.0;619060.0;bus
325533;1;6;203929.link:5129;652669.link:2580;5185;106880;390301_14:54:00;308684.0;576344.0;bus
428657;2;11;480702.link:44503;126802.link:1620;13653;134833;1101810_15:15:00;164179.0;436335.0;bus
427976;0;5;147812.link:56813;172359.link:30832;20417;943853;690578_15:15:00;240045.0;506231.0;bus
79911;2;3;281844.link:41010;652669.link:2580;5185;106880;390301_14:54:00;30824.0;576344.0;bus
305610;2;13;635139.link:25290;18104.link:4784;23106;1288234;1599589_15:13:00;609285.0;532218.0;bus
99023;0;1;22861.link:26546;609002.link:56505;10278;1222823;1222823_14:58:00;502007.0;648007.0;bus
104127;1;6;462215.link:pt_462215;662009.link:37849;16059;258178;835944_15:12:00;480693.0;96974.0;rail
179377;5;8;108621.link:56817;635139.link:25290;23106;57185;1344761_14:53:00;240045.0;609285.0;bus
186229;4;9;558111.link:42627;595833.link:22861;3583;138538;492045_15:18:00;303334.0;429552.0;bus
90534;1;8;602275.link:53031;166572.link:32139;3299;1374432;156820_14:53:00;240045.0;38935.0;bus
118548;0;5;108621.link:56817;635139.link:25290;23106;57185;1344761_14:53:00;240045.0;609285.0;bus
70298;0;1;503466.link:56231;144352.link:31875;7883;563541;813170_15:13:00;547657.0;615284.0;bus
273615;0;5;438297.link:7184;310111.link:12285;3654;523174;1706717_14:45:00;185600.0;560248.0;bus
134984;0;1;398674.link:14405;347902.link:61435;7839;1160035;554074_14:55:00;395083.0;41075.0;bus
247990;1;4;545209.link:15585;659607.link:51862;18874;1355854;882172_15:14:00;88225.0;10361.0;bus
73056;0;3;263861.link:54325;451340.link:59748;19170;233783;774280_15:00:00;51975.0;578286.0;bus
83396;1;6;604400.link:14392;604219.link:34506;11988;762814;1703209_14:52:00;485025.0;96974.0;bus
223088;1;6;170724.link:69001;604219.link:34506;11988;762814;1703209_14:52:00;88902.0;96974.0;bus
20864;1;4;432020.link:7446;50743.link:38930;7725;1690580;272612_15:17:00;155273.0;594422.0;bus
105980;1;8;277214.link:69591;590143.link:22893;18092;200082;1650234_15:12:00;96062.0;38250.0;bus
90265;0;3;56361.link:56857;457449.link:8230;7883;1134964;224448_15:14:00;240045.0;593236.0;bus
13920;1;6;579762.link:40432;365797.link:72821;20417;943853;690578_15:15:00;377654.0;16153.0;bus
208463;0;3;56361.link:56857;64.link:48541;7883;1134964;224448_15:14:00;240045.0;247897.0;bus
367325;1;4;374122.link:71238;499961.link:58057;21536;47352;47352_14:49:00;180584.0;437353.0;bus
293592;0;3;68703.link:67423;52441.link:9454;7922;277496;661957_15:19:00;36305.0;655169.0;rail
188843;2;11;292095.link:40285;142629.link:29892;5773;1701556;1304838_15:19:00;74433.0;532129.0;bus
413825;3;6;56361.link:56857;64.link:48541;7883;1134964;224448_15:14:00;240045.0;247897.0;bus
246925;4;27;160607.link:48741;14928.link:70219;10278;1014075;493146_15:05:00;384423.0;36053.0;bus
305042;0;3;56361.link:56857;64.link:48541;7883;1134964;224448_15:14:00;240045.0;247897.0;bus
34916;0;5;292095.link:40285;219847.link:54197;5773;1701556;1304838_15:19:00;74433.0;496190.0;bus
108179;2;7;292016.link:11389;9641.link:49135;7839;372860;492410_14:47:00;648867.0;226748.0;bus
273260;1;12;292095.link:40285;219847.link:54197;5773;1701556;1304838_15:19:00;74433.0;496190.0;bus
187977;0;3;662009.link:32522;657926.link:12503;16059;662596;499795_15:14:00;96974.0;649912.0;rail
993;2;9;266983.link:29124;272376.link:79496;16784;348850;623573_14:36:00;153250.0;240045.0;bus
281487;0;1;237365.link:78757;635813.link:21812;18874;1664225;1664225_15:02:00;351478.0;502969.0;bus
58736;2;3;292016.link:11389;9641.link:49135;7839;372860;492410_14:47:00;648867.0;226748.0;bus
172824;1;6;427299.link:64054;374497.link:56811;24492;105650;683554_14:33:00;480503.0;240045.0;bus
276137;1;12;302634.link:31269;572948.link:1330;13653;134833;1101810_15:15:00;109112.0;96974.0;bus
45538;0;1;159131.link:26976;662009.link:37849;2556;530411;1650870_15:17:00;384423.0;96974.0;rail
226234;0;3;89375.link:18799;87198.link:26379;19170;1268747;637277_15:09:00;41137.0;298776.0;bus
72366;0;3;451458.link:67867;572948.link:1330;13653;134833;1101810_15:15:00;115044.0;96974.0;bus
305871;0;7;187458.link:51184;191619.link:15731;7949;1513132;813827_15:16:00;417625.0;96974.0;rail
71396;0;1;14928.link:70219;92815.link:35203;10278;1014075;493146_15:05:00;36053.0;664685.0;bus
319200;0;5;556527.link:54014;228691.link:39796;18874;1355854;882172_15:14:00;6570.0;327757.0;bus
91155;2;9;488041.link:38504;149951.link:20355;23304;1670079;1670079_15:14:00;319123.0;355485.0;bus
9517;0;3;302634.link:31269;572948.link:1330;13653;134833;1101810_15:15:00;109112.0;96974.0;bus
75628;3;10;545209.link:15585;228691.link:39796;18874;1355854;882172_15:14:00;88225.0;327757.0;bus
19616;0;1;271036.link:1331;572948.link:1330;13653;134833;1101810_15:15:00;426284.0;96974.0;bus
402472;4;11;454730.link:47076;271923.link:13589;9289;407528;1669538_14:49:00;234165.0;96974.0;bus
255267;1;4;7750.link:41757;319084.link:39197;12526;889712;1428329_15:05:00;378316.0;337282.0;bus
316352;0;3;367598.link:56070;226796.link:47867;14415;903366;903366_15:15:00;26842.0;50190.0;bus
256022;1;4;7750.link:41757;319084.link:39197;12526;889712;1428329_15:05:00;378316.0;337282.0;bus
127655;5;6;367598.link:56070;226796.link:47867;14415;903366;903366_15:15:00;26842.0;50190.0;bus
440909;0;1;448956.link:54740;370104.link:59556;22781;277292;277292_15:06:00;182874.0;72476.0;bus
397839;0;5;451458.link:67867;226796.link:47867;14415;903366;903366_15:15:00;115044.0;50190.0;bus
374677;1;4;358929.link:60225;584467.link:pt_584467;9292;887052;887052_15:04:00;131779.0;18468.0;bus
397350;0;3;400083.link:26943;513061.link:43952;17075;1087617;1087617_15:14:00;36053.0;254915.0;bus
355885;3;12;438297.link:7184;130572.link:14643;19170;1268747;637277_15:09:00;185600.0;539706.0;bus
403359;2;9;185197.link:8939;231210.link:55657;9289;1673844;719122_15:15:00;603484.0;498803.0;bus
173459;4;7;526277.link:13529;612923.link:71937;3299;93476;889095_15:12:00;467143.0;351973.0;bus
102216;1;4;609002.link:56505;286679.link:26941;10278;1222823;1222823_14:58:00;648007.0;138905.0;bus
55150;1;2;162037.link:66392;493058.link:55974;3583;138538;492045_15:18:00;538556.0;549576.0;bus
268890;1;6;311527.link:76935;255977.link:23048;13598;188735;115860_15:25:00;42579.0;373171.0;bus
195245;1;8;342114.link:27987;383361.link:77252;5503;204545;117190_15:21:00;417625.0;666522.0;bus
157796;0;3;581508.link:54324;142575.link:14866;21480;915170;1434027_15:24:00;51975.0;451556.0;bus
397736;2;5;147812.link:56813;602094.link:64716;20417;943853;690578_15:15:00;240045.0;566437.0;bus
306733;1;14;272212.link:72474;460064.link:36734;17075;1087617;1087617_15:14:00;266462.0;336100.0;bus
291572;3;4;60334.link:16378;530779.link:30788;22781;277292;277292_15:06:00;107089.0;38074.0;bus
82177;0;1;263407.link:45590;180474.link:36626;9292;887052;887052_15:04:00;156271.0;577777.0;bus
416581;2;3;265920.link:52396;577087.link:61137;10853;246347;411936_14:58:00;384180.0;496096.0;bus
130398;3;14;410688.link:10330;552441.link:11507;5468;905927;101827_15:29:00;96974.0;138454.0;bus
51703;0;1;12480.link:31353;175917.link:43827;5773;1701556;1304838_15:19:00;350978.0;124343.0;bus
376395;0;1;126593.link:45476;577087.link:61137;10853;246347;411936_14:58:00;572234.0;496096.0;bus
305912;0;1;213198.link:25250;577087.link:61137;10853;246347;411936_14:58:00;130052.0;496096.0;bus
256189;2;3;45335.link:17521;669361.link:30704;23536;586760;1160116_15:20:00;366131.0;615173.0;bus
83858;3;14;451458.link:67867;544638.link:36387;14415;903366;903366_15:15:00;115044.0;358764.0;bus
192688;4;13;431060.link:16905;212447.link:24613;3654;1236595;1236595_15:30:00;601422.0;150917.0;bus
130465;1;6;523789.link:69083;526251.link:42051;5409;40740;406519_15:15:00;135122.0;41520.0;bus
439898;2;3;374122.link:71238;508147.link:7348;21536;412987;245455_15:15:00;180584.0;403484.0;bus
396190;0;1;629179.link:77159;310111.link:12285;23536;586760;1160116_15:20:00;564417.0;560248.0;bus
109669;3;20;410688.link:10330;1339.link:42050;5468;905927;101827_15:29:00;96974.0;41520.0;bus
108181;1;8;615752.link:49168;514568.link:43399;7839;1160035;554074_14:55:00;226748.0;99682.0;bus
290886;2;3;435426.link:33412;197854.link:15078;8390;98964;105338_15:22:00;602238.0;655169.0;bus
181781;2;11;321426.link:36487;597159.link:6878;17075;1087617;1087617_15:14:00;602048.0;323659.0;bus
124424;0;5;410688.link:10330;1339.link:42050;5468;905927;101827_15:29:00;96974.0;41520.0;bus
30639;1;8;14928.link:70219;180427.link:56504;10278;1014075;493146_15:05:00;36053.0;648007.0;bus
243739;1;12;147812.link:56813;282505.link:2433;20417;943853;690578_15:15:00;240045.0;125049.0;bus
405179;0;5;410688.link:10330;1339.link:42050;5468;905927;101827_15:29:00;96974.0;41520.0;bus
416411;1;4;488041.link:38504;330433.link:1473;23304;1670079;1670079_15:14:00;319123.0;626712.0;bus
271592;1;16;147812.link:56813;282505.link:2433;20417;943853;690578_15:15:00;240045.0;125049.0;bus
178187;2;17;507869.link:12913;184368.link:13251;7989;1073960;893657_15:24:00;110772.0;433925.0;bus
283394;1;10;80450.link:26160;559224.link:76140;7839;1160035;554074_14:55:00;348366.0;220682.0;bus
98233;2;5;637917.link:60771;419256.link:11422;20612;330889;1423837_15:22:00;166097.0;84755.0;bus
122313;1;12;272212.link:72474;575104.link:34689;17075;1087617;1087617_15:14:00;266462.0;165718.0;bus
314698;0;5;187458.link:51184;471849.link:28500;7949;1513132;813827_15:16:00;417625.0;384423.0;rail
109199;0;3;271923.link:12230;88352.link:56938;9289;1673844;719122_15:15:00;96974.0;488812.0;bus
382287;3;10;400743.link:48623;125136.link:52598;22781;1484165;799189_14:57:00;484211.0;182874.0;bus
428302;1;4;154878.link:1916;569906.link:17281;18092;236536;491151_15:26:00;295305.0;549576.0;bus
45538;0;3;572948.link:1330;106632.link:77253;12637;1439437;1439437_15:30:00;96974.0;666522.0;bus
355885;3;14;406752.link:14642;160212.link:41776;12526;341182;112102_15:17:00;539706.0;378316.0;bus
426776;4;13;367598.link:56070;106632.link:77253;12637;1439437;1439437_15:30:00;26842.0;666522.0;bus
7407;0;3;615752.link:49168;53130.link:34435;9289;1673844;719122_15:15:00;226748.0;514801.0;bus
225151;1;8;435836.link:22133;373343.link:11388;7839;1160035;554074_14:55:00;96974.0;648867.0;bus
72366;0;5;191619.link:15731;598300.link:5218;11523;1184702;1184702_15:34:00;96974.0;576387.0;rail
97976;2;7;650692.link:81558;661392.link:74252;20612;330889;1423837_15:22:00;240045.0;523239.0;bus
362903;0;3;605244.link:38904;507710.link:67422;7922;420390;68672_15:31:00;655169.0;36305.0;rail
319283;2;3;229457.link:55515;100488.link:41786;12526;341182;112102_15:17:00;514562.0;80511.0;bus
116557;1;8;338123.link:56812;54199.link:45364;13598;1422485;36870_15:33:00;240045.0;422896.0;bus
418387;1;8;627970.link:79468;483342.link:14450;7989;135520;1055363_15:20:00;240045.0;6206.0;bus
93392;0;5;106632.link:77253;411707.link:18093;12637;1439437;1439437_15:30:00;666522.0;509793.0;bus
179837;6;13;572907.link:44317;600782.link:44311;20612;92588;92588_15:16:00;352212.0;589889.0;bus
393410;2;7;258844.link:65947;507710.link:59125;13668;749590;1557561_15:15:00;287685.0;36305.0;bus
178926;0;1;569984.link:45954;261002.link:31608;9292;887052;887052_15:04:00;239517.0;189869.0;bus
77996;2;5;122624.link:8410;366532.link:51027;4271;741102;741102_15:14:00;624474.0;364587.0;bus
12003;2;3;23143.link:24652;366532.link:51027;4271;741102;741102_15:14:00;452829.0;364587.0;bus
223088;1;8;191619.link:15731;110159.link:72050;11523;1184702;1184702_15:34:00;96974.0;618524.0;rail
279332;1;8;662009.link:37849;444375.link:9220;2556;530411;1650870_15:17:00;96974.0;520392.0;rail
168961;2;5;122624.link:8410;366532.link:51027;4271;741102;741102_15:14:00;624474.0;364587.0;bus
101696;1;6;662009.link:37849;444375.link:9220;2556;530411;1650870_15:17:00;96974.0;520392.0;rail
18814;2;5;235859.link:28700;405447.link:49773;12526;889712;1428329_15:05:00;283477.0;404599.0;bus
191766;2;11;292016.link:11389;435836.link:13589;7839;372860;492410_14:47:00;648867.0;96974.0;bus
271565;1;12;635139.link:25290;108621.link:56818;23106;1288234;1599589_15:13:00;609285.0;240045.0;bus
81319;0;1;365848.link:56450;108621.link:56818;23106;1288234;1599589_15:13:00;584454.0;240045.0;bus
147614;1;8;431060.link:16905;131670.link:67791;3654;1236595;1236595_15:30:00;601422.0;252486.0;bus
337381;1;2;23317.link:50950;108621.link:56818;23106;1288234;1599589_15:13:00;638176.0;240045.0;bus
150360;1;14;635139.link:25290;108621.link:56818;23106;1288234;1599589_15:13:00;609285.0;240045.0;bus
92149;0;3;429333.link:51996;311917.link:39091;18874;1664225;1664225_15:02:00;367059.0;590295.0;bus
79175;2;3;117202.link:3185;164581.link:7540;18409;375227;706902_15:35:00;180112.0;151381.0;rail
276398;3;10;429333.link:51996;311917.link:39091;18874;1664225;1664225_15:02:00;367059.0;590295.0;bus
389315;2;3;285691.link:65539;469859.link:55605;22781;1484165;799189_14:57:00;371725.0;328631.0;bus
214628;0;1;575104.link:34689;668649.link:52584;17075;1087617;1087617_15:14:00;165718.0;581234.0;bus
223126;2;5;43377.link:37496;83015.link:20757;22560;890601;369238_15:07:00;216781.0;503138.0;bus
102975;1;4;160212.link:41776;344571.link:6227;12526;341182;112102_15:17:00;378316.0;457764.0;bus
139726;0;3;396306.link:31270;1339.link:42050;1573;456319;456319_15:30:00;109112.0;41520.0;bus
71006;2;3;276861.link:49024;477080.link:42859;7195;774173;487577_15:30:00;195798.0;240045.0;rail
290886;2;5;52441.link:15082;216798.link:36257;5185;712844;1084191_15:28:00;655169.0;308684.0;bus
102371;2;11;396306.link:31270;1339.link:42050;1573;456319;456319_15:30:00;109112.0;41520.0;bus
119396;0;1;127268.link:43426;467594.link:77785;7989;1073960;893657_15:24:00;328202.0;496096.0;bus
58736;2;5;615752.link:49168;355544.link:3454;9289;1673844;719122_15:15:00;226748.0;315054.0;bus
112987;0;3;396306.link:31270;1339.link:42050;1573;456319;456319_15:30:00;109112.0;41520.0;bus
55636;0;1;628441.link:5324;359245.link:33650;10977;836938;1065353_15:31:00;486173.0;541588.0;bus
38799;1;4;506012.link:14407;83015.link:20757;22560;890601;369238_15:07:00;295248.0;503138.0;bus
328710;2;3;122624.link:8410;505687.link:16009;4271;741102;741102_15:14:00;624474.0;420643.0;bus
376721;3;8;669978.link:24775;280110.link:58223;3299;1374432;156820_14:53:00;144625.0;189869.0;bus
132202;0;1;472641.link:29627;540652.link:32711;7839;1160035;554074_14:55:00;413814.0;545479.0;bus
97538;1;4;424020.link:44162;280110.link:58223;3299;1374432;156820_14:53:00;672664.0;189869.0;bus
376808;1;4;355841.link:2463;155340.link:44756;20417;943853;690578_15:15:00;37142.0;465390.0;bus
220411;1;8;367598.link:56070;142575.link:14867;12637;1439437;1439437_15:30:00;26842.0;451556.0;bus
216634;2;7;572948.link:1330;65664.link:41112;12637;1439437;1439437_15:30:00;96974.0;27464.0;bus
328556;1;4;452412.link:22713;363777.link:15059;22781;1484165;799189_14:57:00;575433.0;655169.0;bus
214988;2;11;444213.link:23745;97826.link:40862;17075;1087617;1087617_15:14:00;270530.0;411474.0;bus
104127;1;8;410688.link:10330;600692.link:33104;22934;948975;236033_15:36:00;96974.0;554130.0;bus
303865;0;3;391841.link:25005;541639.link:56228;7883;1134964;224448_15:14:00;320850.0;547657.0;bus
343622;1;4;391841.link:25005;541639.link:56228;7883;1134964;224448_15:14:00;320850.0;547657.0;bus
376925;0;1;608103.link:6888;97826.link:40862;17075;1087617;1087617_15:14:00;326494.0;411474.0;bus
81829;0;3;579762.link:40432;541639.link:56228;7883;1134964;224448_15:14:00;377654.0;547657.0;bus
118548;0;7;444375.link:9221;657926.link:12500;16059;1035645;405461_15:31:00;520392.0;649912.0;rail
276137;1;14;662009.link:32522;657926.link:12503;16059;662596;1431042_15:34:00;96974.0;649912.0;rail
9517;0;5;191619.link:15731;471849.link:28500;11523;1184702;1184702_15:34:00;96974.0;384423.0;rail
83396;1;8;662009.link:32522;657926.link:12503;16059;662596;1431042_15:34:00;96974.0;649912.0;rail
179377;5;10;635139.link:25290;360448.link:34513;5503;204545;467072_15:31:00;609285.0;96974.0;bus
294487;1;4;216798.link:36257;366537.link:41013;5185;712844;1084191_15:28:00;308684.0;30824.0;bus
19616;0;3;191619.link:15731;471849.link:28500;11523;1184702;1184702_15:34:00;96974.0;384423.0;rail
288180;1;4;523174.link:14205;560972.link:10924;13245;589833;1501986_15:40:00;61954.0;431096.0;bus
33503;0;3;272212.link:72474;365736.link:67510;10278;1222823;1222823_14:58:00;266462.0;593923.0;bus
237318;2;5;507710.link:59125;651559.link:72757;22781;277292;277292_15:06:00;36305.0;257468.0;bus
83531;0;5;443516.link:52789;627970.link:14964;5773;1701556;1304838_15:19:00;185600.0;240045.0;bus
179221;1;12;36182.link:72611;626591.link:60893;22560;890601;369238_15:07:00;668146.0;384423.0;bus
302216;1;10;443516.link:52789;627970.link:14964;5773;1701556;1304838_15:19:00;185600.0;240045.0;bus
369221;0;1;291746.link:61575;508147.link:7348;24400;910485;180767_15:20:00;439177.0;403484.0;bus
305624;2;17;581508.link:54324;674010.link:69003;21480;915170;1434027_15:24:00;51975.0;91217.0;bus
29249;2;3;397053.link:28890;280110.link:58223;20417;943853;690578_15:15:00;320286.0;189869.0;bus
244796;1;10;443516.link:52789;627970.link:14964;5773;1701556;1304838_15:19:00;185600.0;240045.0;bus
85529;5;6;573498.link:14431;626591.link:60893;22560;890601;369238_15:07:00;225816.0;384423.0;bus
130486;2;15;675534.link:79263;626591.link:60893;22560;890601;369238_15:07:00;73644.0;384423.0;bus
115434;1;6;147812.link:56813;280110.link:58223;20417;943853;690578_15:15:00;240045.0;189869.0;bus
90918;2;11;230840.link:71130;56361.link:56858;7883;563541;813170_15:13:00;368764.0;240045.0;bus
97857;2;3;509997.link:10528;56361.link:56858;7883;563541;813170_15:13:00;666115.0;240045.0;bus
191351;0;1;101206.link:4813;370025.link:11403;15259;1018570;1131369_15:41:00;186346.0;568853.0;bus
425129;2;3;291382.link:70161;661879.link:71517;12907;44744;77136_15:30:00;80885.0;169742.0;bus
79911;2;5;652669.link:2580;303852.link:43362;21446;1158378;754401_15:22:00;576344.0;575578.0;bus
253129;0;3;160607.link:48741;31045.link:56814;10278;1014075;493146_15:05:00;384423.0;240045.0;bus
343879;0;1;266131.link:55999;229515.link:50576;14604;1404386;507962_15:14:00;407854.0;25668.0;bus
208504;3;12;87005.link:76353;31045.link:56814;10278;1014075;493146_15:05:00;284116.0;240045.0;bus
317082;2;7;573498.link:14431;450501.link:12280;22560;890601;369238_15:07:00;225816.0;577786.0;bus
157499;1;6;168132.link:22317;93976.link:28291;21991;1707385;373117_15:44:00;417625.0;185600.0;rail
16855;2;7;87005.link:76353;31045.link:56814;10278;1014075;493146_15:05:00;284116.0;240045.0;bus
398825;0;1;87005.link:76353;31045.link:56814;10278;1014075;493146_15:05:00;284116.0;240045.0;bus
325533;1;8;652669.link:2580;82563.link:51410;21446;1000069;171450_15:23:00;576344.0;220811.0;bus
254265;2;3;573498.link:14431;450501.link:12280;22560;890601;369238_15:07:00;225816.0;577786.0;bus
58212;1;2;573498.link:14431;450501.link:12280;22560;890601;369238_15:07:00;225816.0;577786.0;bus
229052;2;7;341113.link:59258;450501.link:12280;22560;890601;369238_15:07:00;556796.0;577786.0;bus
108179;2;9;9641.link:49135;4350.link:69084;9289;1137759;1254021_15:19:00;226748.0;135122.0;bus
45538;0;5;106632.link:77253;388125.link:15502;21480;987021;845062_15:26:00;666522.0;552925.0;bus
349307;1;4;174380.link:56057;128120.link:36757;9289;1673844;311388_15:40:00;26842.0;508585.0;bus
276137;1;16;545209.link:15585;182741.link:1584;12743;1180575;1678631_15:29:00;88225.0;100649.0;bus
30650;2;3;134825.link:22041;197574.link:53254;14604;1185324;707258_15:05:00;593522.0;395385.0;bus
306038;0;1;467462.link:25971;663005.link:51938;12701;1014337;752593_15:47:00;120804.0;509564.0;bus
299031;3;10;452220.link:14574;607682.link:73018;13598;1422485;36870_15:33:00;301018.0;473203.0;bus
77748;1;4;303852.link:43362;428905.link:6670;21446;1158378;754401_15:22:00;575578.0;105314.0;bus
119473;0;3;108621.link:56817;571590.link:54113;23106;57185;1029683_15:33:00;240045.0;320996.0;bus
229041;0;1;615752.link:49168;85026.link:11436;9289;1673844;719122_15:15:00;226748.0;144775.0;bus
20732;2;5;429780.link:45000;13000.link:59749;19170;1268747;312007_15:49:00;36373.0;578286.0;bus
164171;2;5;615752.link:49168;85026.link:11436;9289;1673844;719122_15:15:00;226748.0;144775.0;bus
34459;1;4;545209.link:15585;442234.link:41170;12743;1180575;1678631_15:29:00;88225.0;535411.0;bus
188822;1;4;342731.link:58390;13000.link:59749;19170;1268747;312007_15:49:00;33445.0;578286.0;bus
316395;2;9;398058.link:48133;165427.link:63000;3654;472000;472000_15:45:00;113539.0;243166.0;bus
388115;0;7;23604.link:15080;670756.link:80905;24101;276899;276899_15:30:00;655169.0;440091.0;bus
422247;2;3;56299.link:29944;626591.link:60894;10278;1222823;1222823_14:58:00;595880.0;384423.0;bus
399875;0;1;5303.link:14902;626591.link:60894;10278;1222823;1222823_14:58:00;481560.0;384423.0;bus
402472;4;13;586600.link:13573;165427.link:63000;3654;472000;472000_15:45:00;96974.0;243166.0;bus
71535;0;1;255750.link:26333;626591.link:60894;10278;1222823;1222823_14:58:00;445914.0;384423.0;bus
122920;0;5;586600.link:13573;649039.link:30174;3654;472000;472000_15:45:00;96974.0;339906.0;bus
286373;0;1;279879.link:66703;451458.link:67867;9289;1137759;1254021_15:19:00;311119.0;115044.0;bus
42315;1;4;371822.link:58019;51494.link:34112;21446;1000069;371723_15:53:00;364587.0;402482.0;bus
185795;1;6;593729.link:46548;53851.link:72263;3794;1343297;1560640_15:42:00;93016.0;96974.0;bus
172611;0;3;132189.link:17140;547637.link:71992;24400;239653;239653_15:39:00;403484.0;629429.0;bus
446001;0;1;72018.link:58788;611413.link:72769;22781;277292;277292_15:06:00;208691.0;210166.0;bus
68258;2;3;579762.link:40432;36548.link:59795;14604;1404386;507962_15:14:00;377654.0;487915.0;bus
229596;0;3;23604.link:15081;63725.link:37792;11812;699296;699296_15:50:00;655169.0;639154.0;bus
209598;3;10;507141.link:47130;525176.link:80810;20612;330889;1423837_15:22:00;461606.0;191428.0;bus
92149;0;5;545209.link:15585;512051.link:30695;12743;1180575;1678631_15:29:00;88225.0;301283.0;bus
144893;4;9;54199.link:45364;34214.link:27152;13598;1422485;36870_15:33:00;422896.0;125439.0;bus
136226;0;5;23604.link:15081;63725.link:37792;11812;699296;699296_15:50:00;655169.0;639154.0;bus
183161;3;8;442234.link:41170;172479.link:7444;12743;1180575;1678631_15:29:00;535411.0;491520.0;bus
76608;1;6;209708.link:72868;425730.link:71417;22704;181783;1553692_15:44:00;506935.0;666332.0;bus
85986;3;12;552013.link:71779;11016.link:13378;14415;903366;903366_15:15:00;58232.0;169742.0;bus
303865;0;5;541639.link:56228;76935.link:59830;18626;449595;449595_15:50:00;547657.0;150263.0;bus
362903;0;5;507710.link:59124;341545.link:13374;13668;1030855;1478917_15:44:00;36305.0;557364.0;bus
13664;1;4;186598.link:22626;240451.link:55676;24400;239653;239653_15:39:00;219604.0;450847.0;bus
174972;4;9;66064.link:14811;17865.link:52583;22293;1149182;406058_15:28:00;628422.0;581234.0;bus
236338;0;3;507710.link:59124;341545.link:13374;13668;1030855;1478917_15:44:00;36305.0;557364.0;bus
314933;2;5;308771.link:22248;11016.link:13378;14415;903366;903366_15:15:00;406682.0;169742.0;bus
385476;0;1;308771.link:22248;11016.link:13378;14415;903366;903366_15:15:00;406682.0;169742.0;bus
343622;1;6;541639.link:56228;76935.link:59830;18626;449595;449595_15:50:00;547657.0;150263.0;bus
408313;2;3;141538.link:33427;525495.link:60596;11812;699296;699296_15:50:00;34271.0;248136.0;bus
347444;0;3;609932.link:22133;133385.link:49126;24325;116705;116705_15:40:00;96974.0;661913.0;bus
328556;1;6;23604.link:15081;525495.link:60596;11812;699296;699296_15:50:00;655169.0;248136.0;bus
250986;2;3;590143.link:22892;568217.link:68768;18092;841381;5943_15:55:00;38250.0;619329.0;bus
100093;2;7;188469.link:53121;61917.link:35395;22293;1149182;406058_15:28:00;71796.0;248401.0;bus
299103;2;5;565376.link:63065;61917.link:35395;22293;1149182;406058_15:28:00;496096.0;248401.0;bus
270029;0;7;604219.link:34507;385812.link:69583;11988;762814;762814_15:52:00;96974.0;88902.0;bus
198124;0;3;23604.link:15081;525495.link:60596;11812;699296;699296_15:50:00;655169.0;248136.0;bus
269456;1;10;427669.link:53446;565376.link:63056;23304;1670079;1670079_15:14:00;544870.0;496096.0;bus
387698;1;8;23604.link:15080;76316.link:74518;24101;276899;276899_15:30:00;655169.0;652499.0;bus
258412;1;8;23604.link:15081;647593.link:43870;11812;699296;699296_15:50:00;655169.0;520666.0;bus
72796;1;4;451458.link:67867;264048.link:61626;3578;1501909;874481_16:00:00;115044.0;140551.0;bus
413213;4;13;456851.link:68426;531564.link:74549;23106;996655;996655_15:33:00;201466.0;19488.0;bus
446001;0;3;611413.link:72769;657454.link:74203;22781;1484165;1247661_15:57:00;210166.0;557956.0;bus
286373;0;3;451458.link:67867;572948.link:1330;3578;1501909;874481_16:00:00;115044.0;96974.0;bus
104281;2;3;124920.link:33649;169526.link:61110;24325;116705;116705_15:40:00;541588.0;273531.0;bus
32309;1;4;197070.link:60651;90683.link:5059;3299;93476;889095_15:12:00;651472.0;550394.0;bus
993;2;11;627970.link:79468;199641.link:63095;5773;1557431;242299_15:52:00;240045.0;534574.0;bus
279332;1;10;635139.link:25290;350523.link:54635;23106;1288234;4002_15:53:00;609285.0;564930.0;bus
208504;3;14;143091.link:56819;161052.link:27151;14914;618201;1112302_15:53:00;240045.0;125439.0;bus
64187;1;4;535022.link:75992;177420.link:75965;24134;1425752;1639697_15:28:00;614144.0;417150.0;bus
6948;1;4;133385.link:49126;169526.link:61110;24325;116705;116705_15:40:00;661913.0;273531.0;bus
305912;0;3;565376.link:63056;388168.link:4458;23304;1670079;1670079_15:14:00;496096.0;626712.0;bus
145838;3;16;427669.link:53446;388168.link:4458;23304;1670079;1670079_15:14:00;544870.0;626712.0;bus
84952;2;11;440295.link:38920;568217.link:68768;3654;1236595;1236595_15:30:00;309803.0;619329.0;bus
81319;0;3;477080.link:42860;479467.link:70734;7195;81719;910271_15:58:00;240045.0;486154.0;rail
253129;0;5;477080.link:42860;479467.link:70734;7195;81719;910271_15:58:00;240045.0;486154.0;rail
214988;2;13;497590.link:40861;291631.link:69649;23106;666145;797498_15:53:00;411474.0;127783.0;bus
416581;2;5;565376.link:63056;388168.link:4458;23304;1670079;1670079_15:14:00;496096.0;626712.0;bus
296187;3;4;284693.link:58222;536295.link:74022;9292;422855;422855_16:00:00;189869.0;597954.0;bus
47293;1;2;161052.link:27151;522611.link:64287;14914;618201;1112302_15:53:00;125439.0;313612.0;bus
217787;1;4;385812.link:69583;388516.link:14789;966;9465;205546_15:47:00;88902.0;138335.0;bus
82956;0;7;604219.link:34507;228806.link:4259;11988;762814;762814_15:52:00;96974.0;549833.0;bus
128091;2;7;130726.link:32988;526251.link:42051;5409;40740;1147203_15:45:00;552946.0;41520.0;bus
157499;1;8;443516.link:52789;440295.link:38920;7725;1690580;989320_15:57:00;185600.0;309803.0;bus
108179;2;11;523789.link:69083;526251.link:42051;5409;40740;1147203_15:45:00;135122.0;41520.0;bus
376395;0;3;120060.link:15713;427669.link:53446;5773;1557431;242299_15:52:00;125808.0;544870.0;bus
393842;1;2;443701.link:55158;380787.link:33356;13668;1030855;1478917_15:44:00;266881.0;237786.0;bus
220288;4;11;26883.link:37515;367598.link:56070;966;9465;205546_15:47:00;411153.0;26842.0;bus
129586;1;6;458433.link:24695;181806.link:73428;966;9465;205546_15:47:00;413913.0;619060.0;bus
129454;1;6;458433.link:24695;181806.link:73428;966;9465;205546_15:47:00;413913.0;619060.0;bus
127159;2;3;579813.link:35596;174380.link:56057;12637;1014477;555377_15:50:00;274152.0;26842.0;bus
33611;1;4;14928.link:70219;329836.link:28167;14604;1185324;471780_16:05:00;36053.0;667505.0;bus
413573;3;4;506814.link:56413;427669.link:53446;23106;666145;797498_15:53:00;181821.0;544870.0;bus
197655;0;7;23604.link:15080;612297.link:14860;24101;276899;276899_15:30:00;655169.0;510106.0;bus
146896;1;8;458433.link:24695;181806.link:73428;966;9465;205546_15:47:00;413913.0;619060.0;bus
195245;1;10;383361.link:77252;174380.link:56057;12637;1014477;555377_15:50:00;666522.0;26842.0;bus
426776;5;16;383361.link:77252;174380.link:56057;12637;1014477;555377_15:50:00;666522.0;26842.0;bus
75278;1;4;83.link:76141;38049.link:76458;7839;1480521;1094003_15:51:00;220682.0;95392.0;bus
5987;1;4;383361.link:77252;174380.link:56057;12637;1014477;555377_15:50:00;666522.0;26842.0;bus
354989;1;10;431040.link:18092;572948.link:1330;12637;1014477;555377_15:50:00;509793.0;96974.0;bus
74581;3;4;228560.link:26722;291143.link:32523;11523;872799;1134993_15:53:00;576387.0;96974.0;rail
244796;1;12;477080.link:42860;283994.link:55178;7195;81719;910271_15:58:00;240045.0;589889.0;rail
398825;0;3;477080.link:42860;283994.link:55178;7195;81719;910271_15:58:00;240045.0;589889.0;rail
72372;1;4;568217.link:68768;190376.link:81240;18092;841381;5943_15:55:00;619329.0;303334.0;bus
343879;0;3;568668.link:78252;672350.link:45796;18626;449595;449595_15:50:00;25668.0;150263.0;bus
269169;4;15;161052.link:27151;120060.link:63078;14914;618201;1112302_15:53:00;125439.0;125808.0;bus
112738;0;1;68703.link:67416;236592.link:49851;16604;317292;317292_15:45:00;36305.0;463521.0;rail
20920;1;4;11016.link:13378;641095.link:69989;14415;240626;349194_16:04:00;169742.0;366603.0;bus
345505;1;4;344571.link:28562;19193.link:56352;12526;889712;1170130_16:05:00;457764.0;506856.0;bus
259681;2;3;636520.link:6577;180543.link:77801;21536;422914;422914_15:50:00;482918.0;646015.0;bus
402903;1;4;11016.link:13378;661174.link:68462;14415;240626;349194_16:04:00;169742.0;165999.0;bus
95469;0;1;32251.link:49887;507710.link:67440;16604;837655;790436_15:52:00;463521.0;36305.0;rail
226602;4;11;29494.link:36104;130572.link:14643;12526;889712;1670120_15:45:00;154159.0;539706.0;bus
157796;1;6;341623.link:6558;263861.link:54325;21480;987021;628560_15:46:00;451556.0;51975.0;bus
434654;1;4;438297.link:7184;87198.link:26379;19170;1268747;312007_15:49:00;185600.0;298776.0;bus
38482;1;4;450501.link:43540;547569.link:65894;18695;41125;41125_15:58:00;577786.0;160244.0;bus
312952;1;4;316232.link:67816;354552.link:47045;10350;685551;685551_15:54:00;177156.0;40950.0;bus
150360;1;16;477080.link:42860;85869.link:49025;7195;81719;910271_15:58:00;240045.0;195798.0;rail
299739;1;8;263484.link:9534;581508.link:54324;21480;915170;198097_16:04:00;309005.0;51975.0;bus
383608;1;8;590143.link:22892;277214.link:69591;18092;841381;5943_15:55:00;38250.0;96062.0;bus
85529;5;8;159131.link:26976;662009.link:37849;10939;294701;1295817_16:00:00;384423.0;96974.0;rail
419931;3;6;240233.link:32153;504665.link:22544;12701;1243301;1215248_15:52:00;38935.0;109682.0;bus
425129;2;5;11016.link:13378;194240.link:25160;14415;240626;349194_16:04:00;169742.0;358951.0;bus
153830;2;5;383361.link:77252;451458.link:67867;12637;1014477;555377_15:50:00;666522.0;115044.0;bus
71535;0;3;159131.link:26976;662009.link:37849;10939;294701;1295817_16:00:00;384423.0;96974.0;rail
130486;2;17;159131.link:26976;662009.link:37849;10939;294701;1295817_16:00:00;384423.0;96974.0;rail
178180;1;8;168132.link:22317;93976.link:28291;21991;1707385;1244341_16:04:00;417625.0;185600.0;rail
208251;3;16;283719.link:2035;106883.link:56858;14604;1185324;707258_15:05:00;227097.0;240045.0;bus
336446;3;16;134825.link:22041;106883.link:56858;14604;1185324;707258_15:05:00;593522.0;240045.0;bus
222030;1;6;168132.link:22317;93976.link:28291;21991;1707385;1244341_16:04:00;417625.0;185600.0;rail
246538;1;4;455665.link:66706;106883.link:56858;14604;1185324;707258_15:05:00;294686.0;240045.0;bus
273615;0;7;369013.link:14825;568865.link:59661;23536;137506;368169_15:38:00;560248.0;206381.0;bus
179377;5;12;604219.link:34507;595577.link:54766;11988;762814;762814_15:52:00;96974.0;189325.0;bus
130020;0;1;246877.link:70636;594887.link:52633;18874;838869;551574_16:02:00;648439.0;586561.0;bus
128371;1;4;552441.link:11507;585883.link:54777;5468;905927;1401122_15:59:00;138454.0;640541.0;bus
405179;0;7;1339.link:42050;594887.link:52633;14415;609761;609761_15:40:00;41520.0;586561.0;bus
144552;1;6;131570.link:29716;142433.link:56815;22293;880011;390692_16:03:00;111974.0;240045.0;bus
179114;2;5;675107.link:31673;672213.link:68301;15260;954463;954463_16:05:00;353008.0;252281.0;bus
315590;0;3;514565.link:14296;565517.link:45335;10350;685551;685551_15:54:00;485025.0;293924.0;bus
173828;2;5;526277.link:13529;602275.link:53030;3299;93476;889095_15:12:00;467143.0;240045.0;bus
317761;0;1;450501.link:43537;61857.link:14432;22560;1621047;1621047_16:08:00;577786.0;225816.0;bus
112738;0;3;419750.link:28873;477499.link:55118;5185;843437;1680156_15:52:00;463521.0;473673.0;bus
241283;2;7;606173.link:53409;602275.link:53030;3299;93476;889095_15:12:00;557425.0;240045.0;bus
224639;4;15;450501.link:43537;61857.link:14432;22560;1621047;1621047_16:08:00;577786.0;225816.0;bus
271404;2;7;178238.link:72159;602275.link:53030;3299;93476;889095_15:12:00;14297.0;240045.0;bus
316807;1;4;450501.link:43537;61857.link:14432;22560;1621047;1621047_16:08:00;577786.0;225816.0;bus
302216;1;12;650692.link:81557;1645.link:15311;10853;267788;418491_15:50:00;240045.0;121642.0;bus
51703;0;3;441804.link:43830;322056.link:77270;23106;666145;797498_15:53:00;124343.0;582085.0;bus
105122;1;4;1339.link:42050;667510.link:7573;5468;905927;1401122_15:59:00;41520.0;602778.0;bus
428302;2;7;622878.link:49754;184814.link:5325;22934;948975;236033_15:36:00;562607.0;486173.0;bus
229052;2;9;450501.link:43540;574720.link:80022;18695;41125;41125_15:58:00;577786.0;489278.0;bus
305772;1;14;53746.link:63057;208089.link:40012;10853;267788;418491_15:50:00;125808.0;61333.0;bus
292223;1;2;63725.link:37792;108389.link:23300;11812;699296;699296_15:50:00;639154.0;351022.0;bus
55636;0;3;124920.link:33649;104887.link:72099;24325;116705;116705_15:40:00;541588.0;459081.0;bus
323928;2;3;56614.link:14861;190714.link:64368;24101;110210;110210_16:05:00;510106.0;257564.0;bus
376808;1;6;536295.link:74022;346745.link:7883;9292;422855;422855_16:00:00;597954.0;353008.0;bus
357549;1;8;626591.link:60894;510850.link:10815;18695;41125;41125_15:58:00;384423.0;62301.0;bus
376721;3;10;284693.link:58222;346745.link:7883;9292;422855;422855_16:00:00;189869.0;353008.0;bus
23772;1;8;626591.link:60894;368724.link:19340;18695;41125;41125_15:58:00;384423.0;487641.0;bus
241346;0;3;627970.link:79468;13410.link:40286;5773;1557431;242299_15:52:00;240045.0;74433.0;bus
417574;1;8;272400.link:47129;197070.link:60651;20612;705237;182469_15:56:00;461606.0;651472.0;bus
383608;1;10;279975.link:72263;274427.link:56986;5409;40740;745987_16:15:00;96974.0;496564.0;bus
40131;1;4;510850.link:10815;368724.link:19340;18695;41125;41125_15:58:00;62301.0;487641.0;bus
172228;0;9;180543.link:77801;654031.link:78688;21536;1615598;1615598_16:12:00;646015.0;306183.0;bus
88594;0;5;180543.link:77801;654031.link:78688;21536;1615598;1615598_16:12:00;646015.0;306183.0;bus
94775;1;2;450501.link:43540;368724.link:19340;18695;41125;41125_15:58:00;577786.0;487641.0;bus
287960;0;9;180543.link:77801;654031.link:78688;21536;1615598;1615598_16:12:00;646015.0;306183.0;bus
107785;0;1;626591.link:60894;368724.link:19340;18695;41125;41125_15:58:00;384423.0;487641.0;bus
224778;1;6;58756.link:58682;365736.link:67510;15259;1220406;1303204_15:55:00;1207.0;593923.0;bus
97857;2;5;627970.link:79468;89375.link:18799;5773;1557431;242299_15:52:00;240045.0;41137.0;bus
252329;0;5;53746.link:63057;126593.link:45475;10853;267788;418491_15:50:00;125808.0;572234.0;bus
17067;1;4;197070.link:60651;314863.link:9776;20612;705237;182469_15:56:00;651472.0;103883.0;bus
83531;0;7;147812.link:56813;397053.link:28890;20417;1519266;1519266_16:15:00;240045.0;320286.0;bus
7506;2;9;226043.link:48041;606401.link:14406;7839;1480521;1094003_15:51:00;48005.0;295248.0;bus
5719;1;2;180275.link:77159;45335.link:57276;23536;137506;368169_15:38:00;564417.0;366131.0;bus
29249;2;5;343995.link:30011;212567.link:53659;22858;1150423;1150423_16:06:00;189869.0;41128.0;rail
179217;4;9;183110.link:45617;391841.link:25005;9292;422855;422855_16:00:00;91713.0;320850.0;bus
8206;1;4;180275.link:77159;45335.link:57276;23536;137506;368169_15:38:00;564417.0;366131.0;bus
185795;1;8;575778.link:69591;622878.link:49754;2984;1330703;531822_16:12:00;96062.0;562607.0;bus
286373;0;5;191619.link:15731;471849.link:28500;15345;1500056;879228_16:08:00;96974.0;384423.0;rail
336446;3;18;142433.link:56815;61917.link:35395;22293;880011;390692_16:03:00;240045.0;248401.0;bus
326053;3;6;406280.link:54742;518584.link:16357;21446;1000069;371723_15:53:00;493871.0;537207.0;bus
305847;1;10;430729.link:73794;410688.link:34513;22934;948975;236033_15:36:00;494189.0;96974.0;bus
313284;3;12;43200.link:61936;410688.link:34513;22934;948975;236033_15:36:00;297737.0;96974.0;bus
187349;1;4;609932.link:22133;118654.link:31286;1573;327109;327109_16:14:00;96974.0;436335.0;bus
29785;1;2;452220.link:14575;213225.link:33805;14914;618201;1112302_15:53:00;301018.0;441005.0;bus
28628;1;2;508972.link:77204;180474.link:36626;15260;954463;954463_16:05:00;404134.0;577777.0;bus
119396;0;3;120060.link:15713;443516.link:52788;5773;1557431;242299_15:52:00;125808.0;185600.0;bus
358228;1;8;249227.link:45359;106883.link:56857;23304;1670079;1670079_15:14:00;319123.0;240045.0;bus
268890;1;8;374519.link:23049;491001.link:44791;10853;267788;418491_15:50:00;373171.0;130052.0;bus
328710;2;5;505687.link:16010;454716.link:24432;8390;380949;920243_15:52:00;420643.0;223784.0;bus
76206;2;7;368724.link:19340;443641.link:406;18695;41125;41125_15:58:00;487641.0;611135.0;bus
285763;1;12;626591.link:60894;443641.link:406;18695;41125;41125_15:58:00;384423.0;611135.0;bus
121360;1;4;212567.link:53659;365108.link:58351;22858;1150423;1150423_16:06:00;41128.0;400312.0;rail
316395;2;11;165427.link:63000;612124.link:47611;18092;200082;520511_16:12:00;243166.0;202857.0;bus
429015;0;3;375019.link:54404;432608.link:66812;24325;116705;116705_15:40:00;243828.0;191993.0;bus
127159;2;5;174380.link:56057;523789.link:69083;9289;1673844;763053_16:15:00;26842.0;135122.0;bus
9517;0;7;626591.link:60894;443641.link:406;18695;41125;41125_15:58:00;384423.0;611135.0;bus
359780;0;1;580956.link:63856;550112.link:20804;24101;110210;110210_16:05:00;89158.0;272656.0;bus
127362;1;4;214152.link:48852;604400.link:14392;14415;240626;349194_16:04:00;168569.0;485025.0;bus
313236;2;3;124920.link:33649;432608.link:66812;24325;116705;116705_15:40:00;541588.0;191993.0;bus
225569;2;9;625292.link:33069;143814.link:57271;10350;685551;685551_15:54:00;325266.0;185983.0;bus
101696;1;8;635139.link:25290;108621.link:56818;23106;1288234;4002_15:53:00;609285.0;240045.0;bus
150254;1;10;635139.link:25290;108621.link:56818;23106;1288234;4002_15:53:00;609285.0;240045.0;bus
85986;3;14;11016.link:13378;333997.link:42709;12907;1246410;671562_16:08:00;169742.0;337066.0;bus
87502;1;2;654031.link:78688;374122.link:71238;21536;1615598;1615598_16:12:00;306183.0;180584.0;bus
253129;1;8;479467.link:70733;477080.link:42859;7195;774173;384499_16:10:00;486154.0;240045.0;rail
133602;0;1;608946.link:29841;585269.link:9535;12526;889712;1670120_15:45:00;562977.0;309005.0;bus
183551;4;9;229457.link:55515;344571.link:6227;12526;341182;951172_15:57:00;514562.0;457764.0;bus
376808;1;8;346745.link:44226;254661.link:13039;7883;563541;220145_16:13:00;353008.0;655937.0;bus
221847;4;19;131670.link:67791;440295.link:38920;7725;1690580;1070511_16:17:00;252486.0;309803.0;bus
222030;1;8;438297.link:7184;296717.link:4473;19170;1622255;986990_16:03:00;185600.0;274413.0;bus
318260;3;8;420429.link:47870;136857.link:13589;14415;240626;349194_16:04:00;50190.0;96974.0;bus
92665;1;6;217917.link:12476;604219.link:34506;11988;762814;762814_15:52:00;91217.0;96974.0;bus
163093;1;8;170724.link:69001;604219.link:34506;11988;762814;762814_15:52:00;88902.0;96974.0;bus
376721;3;12;346745.link:44226;144352.link:31875;7883;563541;220145_16:13:00;353008.0;615284.0;bus
385476;0;3;11016.link:13378;136857.link:13589;14415;240626;349194_16:04:00;169742.0;96974.0;bus
126219;1;6;217917.link:12476;604219.link:34506;11988;762814;762814_15:52:00;91217.0;96974.0;bus
303462;2;5;346745.link:44226;144352.link:31875;7883;563541;220145_16:13:00;353008.0;615284.0;bus
199661;1;4;607875.link:55885;652669.link:2580;5185;843437;1680156_15:52:00;262138.0;576344.0;bus
84952;2;13;461511.link:68767;590143.link:22893;18092;200082;520511_16:12:00;619329.0;38250.0;bus
110563;0;1;301834.link:51849;640414.link:67589;24101;110210;110210_16:05:00;115726.0;179684.0;bus
386894;1;10;650692.link:81558;674690.link:77419;20612;125244;71352_16:02:00;240045.0;94514.0;bus
179221;1;14;160607.link:48741;14928.link:70219;10278;1014075;1704135_16:05:00;384423.0;36053.0;bus
144552;1;8;602275.link:53030;450107.link:53406;3299;1523;1523_16:17:00;240045.0;557425.0;bus
97857;2;7;89375.link:18799;581508.link:54324;19170;593598;1040287_16:09:00;41137.0;51975.0;bus
214628;1;4;17865.link:52583;354356.link:34688;17075;574539;574539_16:14:00;581234.0;165718.0;bus
67995;2;3;258128.link:74021;38133.link:10472;10159;1633664;1633664_16:05:00;597954.0;487250.0;bus
30650;2;5;506998.link:58418;64.link:48541;7883;872502;872502_16:14:00;494077.0;247897.0;bus
374677;1;6;584467.link:pt_584467;663873.link:10472;15260;954463;954463_16:05:00;18468.0;487250.0;bus
37644;1;6;626591.link:60894;50940.link:25569;18695;41125;41125_15:58:00;384423.0;336778.0;bus
111279;1;2;654031.link:78688;227716.link:24297;21536;1615598;1615598_16:12:00;306183.0;377344.0;bus
30185;3;6;353762.link:37043;374497.link:56811;24492;105650;438771_15:33:00;593530.0;240045.0;bus
269169;4;17;120060.link:15713;669574.link:63088;22293;1480113;1480113_16:14:00;125808.0;648074.0;bus
346293;1;6;670907.link:9293;657926.link:12503;16059;662596;148853_16:14:00;601422.0;649912.0;rail
179097;0;3;346745.link:44226;196387.link:61355;7883;563541;220145_16:13:00;353008.0;598422.0;bus
174215;5;10;223969.link:75749;272376.link:79496;16784;348850;948037_15:36:00;405626.0;240045.0;bus
417077;1;10;346745.link:44226;196387.link:61355;7883;563541;220145_16:13:00;353008.0;598422.0;bus
246538;1;6;170659.link:56815;96435.link:6885;17075;574539;574539_16:14:00;240045.0;326494.0;bus
258713;2;3;580956.link:63856;72504.link:66201;24101;110210;110210_16:05:00;89158.0;493871.0;bus
246208;1;12;170659.link:56815;96435.link:6885;17075;574539;574539_16:14:00;240045.0;326494.0;bus
18771;4;13;159131.link:26976;662009.link:37849;7949;669596;669596_16:17:00;384423.0;96974.0;rail
376395;0;5;427669.link:53446;635139.link:25290;23106;666145;797498_15:53:00;544870.0;609285.0;bus
198695;1;4;357088.link:41025;199449.link:45209;8390;1211691;1061869_16:23:00;300257.0;503678.0;bus
331636;2;3;70521.link:81050;14391.link:81487;21536;422914;422914_15:50:00;72807.0;559204.0;bus
183551;4;11;344571.link:28562;650649.link:53698;12526;889712;639500_16:25:00;457764.0;294168.0;bus
71006;2;5;147812.link:56813;280658.link:55226;20417;1519266;1519266_16:15:00;240045.0;81231.0;bus
172824;1;8;147812.link:56813;68612.link:46240;14820;1327016;1327016_16:16:00;240045.0;435987.0;bus
177742;2;13;579762.link:40432;166461.link:5056;3299;1523;1523_16:17:00;377654.0;550394.0;bus
76608;1;8;492912.link:71416;615752.link:49168;9289;1673844;763053_16:15:00;666332.0;226748.0;bus
416581;2;7;388168.link:4458;507141.link:47130;20612;125244;71352_16:02:00;626712.0;461606.0;bus
73665;1;4;142575.link:14866;674010.link:69003;21480;915170;198097_16:04:00;451556.0;91217.0;bus
178187;2;19;184368.link:13251;377796.link:79205;10853;267788;418491_15:50:00;433925.0;172645.0;bus
300083;0;1;464586.link:56447;25218.link:61865;373;995885;775822_16:09:00;532962.0;501698.0;bus
143748;1;2;407557.link:41079;344987.link:71671;10159;1633664;1633664_16:05:00;242987.0;59713.0;bus
294884;0;1;233132.link:33390;197854.link:15078;24101;110210;110210_16:05:00;440091.0;655169.0;bus
388115;1;10;233132.link:33390;197854.link:15078;24101;110210;110210_16:05:00;440091.0;655169.0;bus
85529;5;10;572948.link:59411;174380.link:56057;21108;1192653;703565_16:30:00;96974.0;26842.0;bus
130486;2;19;572948.link:59411;174380.link:56057;21108;1192653;703565_16:30:00;96974.0;26842.0;bus
77265;1;2;227716.link:24297;171063.link:17225;21536;1615598;1615598_16:12:00;377344.0;176484.0;bus
167070;2;3;459260.link:32998;197854.link:15078;24101;110210;110210_16:05:00;266733.0;655169.0;bus
63791;1;4;56614.link:14861;197854.link:15078;24101;110210;110210_16:05:00;510106.0;655169.0;bus
337354;2;7;170659.link:56815;32477.link:75166;18309;732319;732319_16:15:00;240045.0;364372.0;bus
96166;1;6;56614.link:14861;197854.link:15078;24101;110210;110210_16:05:00;510106.0;655169.0;bus
7133;3;10;404017.link:49925;126895.link:48699;22560;1621047;1621047_16:08:00;21775.0;530054.0;bus
113398;1;6;374122.link:71238;535173.link:81461;21536;422914;422914_15:50:00;180584.0;266881.0;bus
302545;0;3;170659.link:56815;253389.link:43941;17075;574539;574539_16:14:00;240045.0;338841.0;bus
195245;1;12;174380.link:56057;169526.link:61110;24325;856140;856140_16:15:00;26842.0;273531.0;bus
231367;4;15;589121.link:76919;374122.link:71238;21536;138220;1425674_16:20:00;576695.0;180584.0;bus
288965;0;1;636520.link:6577;535173.link:81461;21536;422914;422914_15:50:00;482918.0;266881.0;bus
375814;0;3;170659.link:56815;253389.link:43941;17075;574539;574539_16:14:00;240045.0;338841.0;bus
269191;0;1;670332.link:58892;120060.link:45285;13598;1422485;438873_16:13:00;541633.0;125808.0;bus
62830;0;3;545887.link:66971;502079.link:40965;13373;281703;281703_16:21:00;587447.0;593781.0;bus
100738;1;8;474259.link:60507;420608.link:32516;10278;1014075;1704135_16:05:00;266462.0;120778.0;bus
71125;1;4;196387.link:61355;168729.link:13107;7883;563541;220145_16:13:00;598422.0;599727.0;bus
397023;0;5;650692.link:81557;466411.link:7327;10853;267788;418491_15:50:00;240045.0;189237.0;bus
187977;1;6;473885.link:41760;247198.link:51995;18874;446460;1052357_16:14:00;43204.0;367059.0;bus
84654;1;4;458433.link:24695;388516.link:14789;966;9465;705739_16:17:00;413913.0;138335.0;bus
108231;3;8;106632.link:77253;585269.link:9535;21480;987021;987021_16:06:00;666522.0;309005.0;bus
22451;3;8;341623.link:6558;585269.link:9535;21480;987021;987021_16:06:00;451556.0;309005.0;bus
50984;1;4;663005.link:59548;458952.link:72371;20612;125244;71352_16:02:00;509564.0;456204.0;bus
105500;1;2;475639.link:pt_475639;388516.link:14789;966;9465;705739_16:17:00;643700.0;138335.0;bus
97857;2;9;263861.link:54325;585269.link:9535;21480;987021;987021_16:06:00;51975.0;309005.0;bus
395977;4;9;49607.link:47545;214959.link:60764;20612;705237;182469_15:56:00;400312.0;134979.0;bus
30216;1;4;483342.link:14450;466411.link:7327;10853;267788;418491_15:50:00;6206.0;189237.0;bus
421269;2;5;227726.link:55840;365105.link:22032;18309;732319;732319_16:15:00;79241.0;176002.0;bus
82694;0;3;497590.link:40861;111216.link:36486;17075;574539;574539_16:14:00;411474.0;602048.0;bus
361417;2;5;374122.link:71238;658600.link:58173;21536;422914;422914_15:50:00;180584.0;557364.0;bus
181781;4;15;647143.link:36733;111216.link:36486;17075;574539;574539_16:14:00;336100.0;602048.0;bus
191593;0;1;626591.link:60894;316457.link:54042;18695;41125;41125_15:58:00;384423.0;461746.0;bus
10700;1;4;171063.link:17225;508147.link:7348;21536;1615598;1615598_16:12:00;176484.0;403484.0;bus
178447;0;3;170659.link:56815;276830.link:48295;17075;574539;574539_16:14:00;240045.0;419235.0;bus
128858;1;4;458433.link:24695;181806.link:73428;966;9465;705739_16:17:00;413913.0;619060.0;bus
277275;1;2;458433.link:24695;181806.link:73428;966;9465;705739_16:17:00;413913.0;619060.0;bus
70327;1;2;263407.link:45590;569984.link:45954;9292;958963;958963_16:30:00;156271.0;239517.0;bus
124947;3;12;458433.link:24695;181806.link:73428;966;9465;705739_16:17:00;413913.0;619060.0;bus
305677;1;8;458433.link:24695;181806.link:73428;966;9465;705739_16:17:00;413913.0;619060.0;bus
397839;1;8;458433.link:24695;181806.link:73428;966;9465;705739_16:17:00;413913.0;619060.0;bus
101060;2;3;354795.link:5753;46295.link:76459;20612;705237;182469_15:56:00;262305.0;612531.0;bus
68788;1;4;330433.link:1473;537449.link:52508;13598;1422485;438873_16:13:00;626712.0;201276.0;bus
286310;2;3;454730.link:47076;149530.link:56939;9289;1137759;464403_16:19:00;234165.0;488812.0;bus
305912;0;5;388168.link:4458;232672.link:57144;20612;125244;71352_16:02:00;626712.0;472040.0;bus
79911;3;8;357088.link:41025;197854.link:15079;8390;1211691;1061869_16:23:00;300257.0;655169.0;bus
195269;1;8;141932.link:41591;385702.link:79037;1573;327109;327109_16:14:00;520518.0;144601.0;bus
86746;1;4;94640.link:65246;385702.link:79037;1573;327109;327109_16:14:00;315147.0;144601.0;bus
251795;1;4;224082.link:63559;292123.link:2767;19170;1268747;1314306_16:29:00;447989.0;282972.0;bus
292312;0;1;427561.link:7292;83717.link:21608;24325;116705;116705_15:40:00;630669.0;197004.0;bus
33503;0;5;87272.link:67511;480832.link:4813;15259;240682;605901_16:26:00;593923.0;186346.0;bus
93237;1;4;1339.link:42050;217472.link:32989;5468;905927;905927_16:29:00;41520.0;552946.0;bus
19616;0;5;160607.link:48741;87005.link:76353;10278;1014075;1704135_16:05:00;384423.0;284116.0;bus
299739;1;10;263861.link:54325;438297.link:7185;19170;233783;1154139_16:20:00;51975.0;185600.0;bus
313284;3;14;572948.link:59411;388516.link:16913;21108;1192653;703565_16:30:00;96974.0;138335.0;bus
68290;0;1;374497.link:56811;267982.link:76032;24492;105650;1500399_16:33:00;240045.0;91500.0;bus
273142;0;1;365105.link:22032;543367.link:63640;18309;732319;732319_16:15:00;176002.0;200976.0;bus
92665;1;8;662009.link:32522;451543.link:pt_451543;16059;662596;788743_16:34:00;96974.0;480693.0;rail
40357;1;4;189718.link:36338;279879.link:66703;9289;1137759;464403_16:19:00;514801.0;311119.0;bus
163093;1;10;191619.link:15731;471849.link:28500;2556;801525;4815_16:16:00;96974.0;384423.0;rail
2262;1;4;127268.link:43426;1645.link:15311;7989;1073960;186294_16:24:00;328202.0;121642.0;bus
102371;3;14;526251.link:42051;181806.link:73428;5409;40740;745987_16:15:00;41520.0;619060.0;bus
16855;2;9;602275.link:53030;4141.link:79489;3299;1523;1523_16:17:00;240045.0;393496.0;bus
14907;3;10;267982.link:76032;266983.link:29124;24492;105650;1500399_16:33:00;91500.0;153250.0;bus
59203;1;4;275445.link:39198;427482.link:49781;12526;889712;1170130_16:05:00;337282.0;375043.0;bus
55831;2;7;71004.link:21477;604219.link:59411;13951;896249;770566_16:32:00;320472.0;96974.0;bus
271565;1;14;56361.link:56857;290494.link:71131;7883;872502;872502_16:14:00;240045.0;368764.0;bus
247270;0;1;150539.link:53527;504086.link:68493;24325;116705;116705_15:40:00;156994.0;540303.0;bus
173828;2;7;170659.link:56815;214988.link:63179;18309;732319;732319_16:15:00;240045.0;141968.0;bus
314698;0;7;626591.link:60893;258716.link:pt_258716;15259;240682;605901_16:26:00;384423.0;422816.0;bus
263265;1;2;428554.link:80096;37283.link:19688;13373;155659;155659_16:35:00;477437.0;470866.0;bus
73536;1;4;661289.link:59036;69916.link:45428;7839;1480521;1094003_15:51:00;556796.0;141548.0;bus
38614;2;7;80450.link:26160;197025.link:9599;7839;1160035;1160035_15:55:00;348366.0;578786.0;bus
260117;1;4;400743.link:48623;72504.link:66201;22781;1484165;1247661_15:57:00;484211.0;493871.0;bus
192688;5;16;630424.link:24612;504532.link:16906;19170;593598;1040287_16:09:00;150917.0;601422.0;bus
79031;3;10;428554.link:80096;37283.link:19688;13373;155659;155659_16:35:00;477437.0;470866.0;bus
15708;3;10;525176.link:80810;209711.link:49690;20612;125244;71352_16:02:00;191428.0;168043.0;bus
60991;2;3;385702.link:79037;246877.link:70636;1573;327109;327109_16:14:00;144601.0;648439.0;bus
6948;2;7;169526.link:61110;246877.link:70636;1573;327109;327109_16:14:00;273531.0;648439.0;bus
99023;1;4;180427.link:56504;468301.link:26547;10278;1014075;1704135_16:05:00;648007.0;502007.0;bus
84617;1;4;458433.link:24695;53851.link:72263;966;9465;705739_16:17:00;413913.0;96974.0;bus
333378;1;4;490667.link:6915;442021.link:66972;13373;155659;155659_16:35:00;236436.0;587447.0;bus
23642;1;4;385702.link:79037;246877.link:70636;1573;327109;327109_16:14:00;144601.0;648439.0;bus
322882;1;4;271856.link:42363;74636.link:22433;24400;910485;694371_16:20:00;326505.0;296807.0;bus
53846;4;13;407684.link:21651;609932.link:13589;1573;674174;384486_16:10:00;661913.0;96974.0;bus
26909;2;9;19720.link:78956;507710.link:59125;13668;749590;1367618_16:15:00;626868.0;36305.0;bus
243781;0;1;443845.link:73699;346745.link:7882;9292;958963;958963_16:30:00;432526.0;353008.0;bus
89330;1;8;526251.link:42051;279975.link:10336;5409;40740;745987_16:15:00;41520.0;96974.0;bus
74585;2;3;61857.link:14432;114833.link:6795;22560;1621047;1621047_16:08:00;225816.0;548653.0;bus
305847;1;12;662009.link:37849;444375.link:9220;7949;669596;669596_16:17:00;96974.0;520392.0;rail
396190;0;3;369013.link:14825;157324.link:15495;3654;1236595;630343_16:30:00;560248.0;41137.0;bus
157796;1;8;263861.link:54325;548757.link:2754;19170;233783;1154139_16:20:00;51975.0;615480.0;bus
121320;1;6;662009.link:37849;444375.link:9220;7949;669596;669596_16:17:00;96974.0;520392.0;rail
132080;1;8;1339.link:42050;4350.link:69084;5468;905927;905927_16:29:00;41520.0;135122.0;bus
155475;1;6;526251.link:42051;279975.link:10336;5409;40740;745987_16:15:00;41520.0;96974.0;bus
126219;1;8;410688.link:10330;438491.link:70641;22934;948975;430240_16:36:00;96974.0;48995.0;bus
97303;1;8;662009.link:37849;444375.link:9220;7949;669596;669596_16:17:00;96974.0;520392.0;rail
179577;1;10;39456.link:73606;311917.link:56358;12743;1180575;1501934_16:29:00;582818.0;590295.0;bus
108231;3;10;263484.link:9534;247714.link:49782;12526;341182;1444704_16:37:00;309005.0;375043.0;bus
174940;1;10;174588.link:39795;311917.link:39091;18874;838869;551574_16:02:00;327757.0;590295.0;bus
208251;3;18;106883.link:56858;488041.link:38504;23304;296562;1505207_16:34:00;240045.0;319123.0;bus
417574;1;10;169975.link:20900;569820.link:5082;3299;1523;1523_16:17:00;651472.0;80337.0;bus
76440;3;10;302945.link:14404;641140.link:7213;22560;1621047;1621047_16:08:00;395083.0;412538.0;bus
54828;3;10;1339.link:42050;115586.link:5768;5468;905927;905927_16:29:00;41520.0;418354.0;bus
248014;1;4;100488.link:41786;344571.link:6227;12526;341182;469475_16:17:00;80511.0;457764.0;bus
329951;2;3;428554.link:80096;619442.link:63555;13373;155659;155659_16:35:00;477437.0;167856.0;bus
58736;3;8;474898.link:46471;9641.link:49135;9289;1137759;464403_16:19:00;315054.0;226748.0;bus
413213;5;16;33133.link:47954;483646.link:73017;14914;618201;765675_16:33:00;354177.0;473203.0;bus
229041;1;4;350343.link:75294;9641.link:49135;9289;1137759;464403_16:19:00;144775.0;226748.0;bus
9364;4;11;189718.link:36338;9641.link:49135;9289;1137759;464403_16:19:00;514801.0;226748.0;bus
151935;1;4;572713.link:81755;667609.link:3442;9289;1673844;763053_16:15:00;294771.0;639853.0;bus
257370;2;3;189718.link:36338;9641.link:49135;9289;1137759;464403_16:19:00;514801.0;226748.0;bus
76439;1;4;302945.link:14404;596416.link:5108;22560;1621047;1621047_16:08:00;395083.0;658993.0;bus
319388;2;9;140320.link:38004;557401.link:54015;18874;838869;551574_16:02:00;533401.0;6570.0;bus
29905;1;4;164010.link:29216;99351.link:20612;22293;1149182;805646_16:28:00;642971.0;331238.0;bus
319283;3;6;281348.link:41783;459595.link:55514;12526;889712;639500_16:25:00;80511.0;514562.0;bus
405267;2;3;275062.link:26986;663278.link:11385;18695;8701;8701_16:34:00;461746.0;611135.0;bus
70298;1;4;479147.link:40085;541639.link:56228;7883;872502;872502_16:14:00;615284.0;547657.0;bus
61604;1;4;523174.link:14205;560972.link:10924;13245;190856;899307_16:40:00;61954.0;431096.0;bus
245509;0;1;624488.link:48404;108621.link:56818;23106;996655;252355_16:13:00;222519.0;240045.0;bus
18771;4;15;662009.link:32522;657926.link:12503;16059;662596;788743_16:34:00;96974.0;649912.0;rail
209598;4;13;401928.link:80813;395254.link:59547;20612;92588;709268_16:36:00;191428.0;509564.0;bus
22451;3;10;263484.link:9534;319084.link:39197;12526;341182;1444704_16:37:00;309005.0;337282.0;bus
41605;1;4;523174.link:14205;560972.link:10924;13245;190856;899307_16:40:00;61954.0;431096.0;bus
376395;0;7;444375.link:9221;657926.link:12500;16059;1035645;1454770_16:31:00;520392.0;649912.0;rail
15709;3;6;365848.link:13392;108621.link:56818;23106;996655;252355_16:13:00;584454.0;240045.0;bus
369221;0;3;132189.link:17140;380787.link:33356;21536;138220;1425674_16:20:00;403484.0;237786.0;bus
328474;0;1;507710.link:59124;587949.link:22424;13668;1030855;679903_16:44:00;36305.0;134700.0;bus
38972;3;8;650649.link:53698;130572.link:14643;12526;889712;639500_16:25:00;294168.0;539706.0;bus
354989;1;12;572948.link:59411;565517.link:45335;21108;1192653;703565_16:30:00;96974.0;293924.0;bus
74581;3;6;572948.link:59411;565517.link:45335;21108;1192653;703565_16:30:00;96974.0;293924.0;bus
94561;1;10;388516.link:16913;565517.link:45335;21108;1192653;703565_16:30:00;138335.0;293924.0;bus
153246;1;4;451458.link:67867;565517.link:45335;21108;1192653;703565_16:30:00;115044.0;293924.0;bus
79453;1;4;171481.link:31444;651559.link:72757;22781;277292;236840_16:06:00;560205.0;257468.0;bus
379510;0;1;396306.link:31270;432608.link:66812;24325;856140;856140_16:15:00;109112.0;191993.0;bus
213556;0;1;347346.link:70878;457790.link:70685;373;995885;775822_16:09:00;329366.0;113539.0;bus
178847;4;5;46374.link:73665;85385.link:45616;9292;958963;958963_16:30:00;164569.0;91713.0;bus
340771;0;1;263407.link:45590;85385.link:45616;9292;958963;958963_16:30:00;156271.0;91713.0;bus
8263;1;4;452012.link:28701;431060.link:16905;12526;341182;1444704_16:37:00;283477.0;601422.0;bus
101696;1;10;477080.link:42860;85869.link:49025;7195;81719;1639942_16:38:00;240045.0;195798.0;rail
129780;1;6;593729.link:46548;217917.link:12476;3794;1343297;382586_16:42:00;93016.0;91217.0;bus
226566;4;11;7750.link:41757;319084.link:39197;12526;889712;639500_16:25:00;378316.0;337282.0;bus
79911;3;10;52441.link:15082;366537.link:41013;5185;712844;1300589_16:30:00;655169.0;30824.0;bus
301173;1;6;565376.link:63065;142433.link:56815;22293;1149182;805646_16:28:00;496096.0;240045.0;bus
93505;1;6;593729.link:46548;217917.link:12476;3794;1343297;382586_16:42:00;93016.0;91217.0;bus
211052;1;2;290918.link:16658;388070.link:55492;18309;732319;732319_16:15:00;94836.0;232408.0;bus
244243;0;3;346745.link:44226;56361.link:56858;7883;563541;220145_16:13:00;353008.0;240045.0;bus
208463;1;6;582236.link:68442;56361.link:56858;7883;563541;220145_16:13:00;247897.0;240045.0;bus
322189;1;4;174380.link:56057;631588.link:8298;24325;856140;856140_16:15:00;26842.0;312105.0;bus
413825;4;9;582236.link:68442;56361.link:56858;7883;563541;220145_16:13:00;247897.0;240045.0;bus
208504;4;17;161052.link:27151;311527.link:76935;14914;618201;765675_16:33:00;125439.0;42579.0;bus
148664;0;3;346745.link:44226;56361.link:56858;7883;563541;220145_16:13:00;353008.0;240045.0;bus
273632;1;6;509997.link:10528;56361.link:56858;7883;563541;220145_16:13:00;666115.0;240045.0;bus
305042;1;6;582236.link:68442;56361.link:56858;7883;563541;220145_16:13:00;247897.0;240045.0;bus
303689;0;3;346745.link:44226;56361.link:56858;7883;563541;220145_16:13:00;353008.0;240045.0;bus
29665;4;13;180427.link:56504;31045.link:56814;10278;1014075;1704135_16:05:00;648007.0;240045.0;bus
130100;2;9;74543.link:78758;142503.link:52634;18874;446460;1052357_16:14:00;351478.0;586561.0;bus
67889;1;4;280110.link:58224;366305.link:10527;14820;1327016;1327016_16:16:00;189869.0;433678.0;bus
71256;4;5;513061.link:43952;198457.link:6833;17075;1671088;824627_16:43:00;254915.0;338841.0;bus
305077;1;4;497590.link:40861;257723.link:15707;18309;732319;732319_16:15:00;411474.0;91222.0;bus
157627;1;4;168132.link:22317;93976.link:28291;21991;1707385;1051769_16:44:00;417625.0;185600.0;rail
270125;0;5;147812.link:56813;451458.link:67867;373;995885;775822_16:09:00;240045.0;115044.0;bus
129586;1;8;174380.link:56057;330816.link:67802;3654;472000;195443_16:25:00;26842.0;526672.0;bus
129454;1;8;174380.link:56057;330816.link:67802;3654;472000;195443_16:25:00;26842.0;526672.0;bus
186229;5;12;595833.link:22861;451458.link:67867;373;995885;775822_16:09:00;429552.0;115044.0;bus
19635;4;13;184814.link:5325;80450.link:26160;13951;896249;770566_16:32:00;486173.0;348366.0;bus
191766;2;13;609932.link:22133;30107.link:22118;1573;327109;327109_16:14:00;96974.0;535687.0;bus
65138;1;4;164581.link:7539;117202.link:3186;18409;774690;1022860_16:49:00;151381.0;180112.0;rail
25293;4;13;577595.link:50431;674159.link:33444;8390;1211691;1061869_16:23:00;221208.0;385007.0;bus
188832;0;1;437042.link:35396;142433.link:56816;22293;952366;594901_16:42:00;248401.0;240045.0;bus
132717;2;7;25396.link:67197;439004.link:79831;23536;137506;1615506_16:38:00;146752.0;379321.0;bus
174215;5;12;106883.link:56858;446307.link:41376;23304;296562;1505207_16:34:00;240045.0;672813.0;bus
68932;3;8;467462.link:25971;663005.link:51938;12701;1014337;462576_16:47:00;120804.0;509564.0;bus
305624;4;21;174380.link:56057;13410.link:40286;3654;472000;195443_16:25:00;26842.0;74433.0;bus
266188;0;1;63882.link:8744;536619.link:41079;14820;1327016;1327016_16:16:00;322469.0;242987.0;bus
224794;1;10;22861.link:26546;626591.link:60894;10278;546534;259470_16:10:00;502007.0;384423.0;bus
121913;2;9;358836.link:7463;13410.link:40286;3654;472000;195443_16:25:00;594422.0;74433.0;bus
34471;1;4;19193.link:56352;442234.link:41170;12743;1180575;1501934_16:29:00;506856.0;535411.0;bus
41056;1;4;405816.link:42364;283167.link:24110;24400;239653;1111598_16:41:00;326505.0;110406.0;bus
263897;1;4;651559.link:72757;300892.link:78915;22781;277292;236840_16:06:00;257468.0;300843.0;bus
236339;1;4;507710.link:59125;300892.link:78915;22781;277292;236840_16:06:00;36305.0;300843.0;bus
39961;0;1;275062.link:26986;404582.link:17981;18695;8701;8701_16:34:00;461746.0;62301.0;bus
13148;1;4;412584.link:46583;394701.link:5460;20412;1044845;1044845_16:47:00;458581.0;270758.0;bus
223378;1;6;297842.link:58685;148862.link:48741;15259;240682;605901_16:26:00;1207.0;384423.0;bus
110563;0;3;640414.link:67588;442815.link:60291;13676;1154013;1154013_16:25:00;179684.0;484289.0;bus
132080;1;10;523789.link:69083;615752.link:49168;9289;293253;293253_16:40:00;135122.0;226748.0;bus
13182;1;4;412584.link:46583;394701.link:5460;20412;1044845;1044845_16:47:00;458581.0;270758.0;bus
27743;1;4;366537.link:41013;32156.link:34150;24134;1425752;758656_16:33:00;30824.0;104929.0;bus
90543;0;5;147812.link:56813;367598.link:56070;373;995885;775822_16:09:00;240045.0;26842.0;bus
248367;1;4;38216.link:79856;532123.link:78408;7839;1480521;1712758_16:51:00;543244.0;108286.0;bus
304424;2;13;147812.link:56813;367598.link:56070;373;995885;775822_16:09:00;240045.0;26842.0;bus
90918;2;13;147812.link:56813;367598.link:56070;373;995885;775822_16:09:00;240045.0;26842.0;bus
119827;0;5;147812.link:56813;367598.link:56070;373;995885;775822_16:09:00;240045.0;26842.0;bus
213556;0;3;398058.link:48133;134973.link:25106;18580;1132982;585212_16:45:00;113539.0;496564.0;bus
376925;0;3;497590.link:40861;367598.link:56070;373;995885;775822_16:09:00;411474.0;26842.0;bus
304399;0;3;147812.link:56813;367598.link:56070;373;995885;775822_16:09:00;240045.0;26842.0;bus
393410;2;9;507710.link:59125;72018.link:58788;22781;277292;236840_16:06:00;36305.0;208691.0;bus
47657;1;4;460064.link:36734;575104.link:34689;17075;1671088;824627_16:43:00;336100.0;165718.0;bus
5393;3;12;9641.link:49135;451458.link:67867;9289;1137759;464403_16:19:00;226748.0;115044.0;bus
70968;3;10;593993.link:55658;451458.link:67867;9289;1137759;464403_16:19:00;498803.0;115044.0;bus
52147;1;4;593962.link:12564;481394.link:4082;14604;95086;95086_16:14:00;179347.0;272103.0;bus
346293;1;8;311917.link:56358;39456.link:73605;12743;1180575;1501934_16:29:00;590295.0;582818.0;bus
228171;2;3;279879.link:66703;451458.link:67867;9289;1137759;464403_16:19:00;311119.0;115044.0;bus
399875;0;3;159131.link:26976;612078.link:72051;11523;1183930;975623_16:52:00;384423.0;618524.0;rail
298798;4;7;565376.link:63065;253826.link:52567;22293;1149182;805646_16:28:00;496096.0;47388.0;bus
37371;2;9;537962.link:81758;552013.link:71779;9289;1137759;464403_16:19:00;294771.0;58232.0;bus
8295;1;4;275445.link:39198;608946.link:29841;12526;889712;639500_16:25:00;337282.0;562977.0;bus
34068;3;10;275445.link:39198;160212.link:41776;12526;341182;1444704_16:37:00;337282.0;378316.0;bus
324759;1;4;41162.link:64840;227716.link:24297;21536;412987;1637167_16:45:00;671895.0;377344.0;bus
440853;0;1;652669.link:2579;80021.link:60455;5185;712844;1300589_16:30:00;576344.0;68216.0;bus
95469;0;3;507710.link:59124;341545.link:13374;13668;1030855;679903_16:44:00;36305.0;557364.0;bus
144893;5;12;161052.link:27151;616836.link:49185;14914;618201;765675_16:33:00;125439.0;422896.0;bus
210058;1;4;475117.link:50064;163910.link:32151;12701;1243301;561917_16:50:00;161413.0;541416.0;bus
26342;2;9;89055.link:27096;85026.link:11436;24325;116705;116705_15:40:00;480735.0;144775.0;bus
423408;2;3;301305.link:18713;85026.link:11436;24325;116705;116705_15:40:00;63131.0;144775.0;bus
428302;2;9;184814.link:5325;517275.link:57090;13951;896249;770566_16:32:00;486173.0;537480.0;bus
316395;3;14;332338.link:47612;568217.link:68768;18092;841381;1006272_16:55:00;202857.0;619329.0;bus
195454;1;8;228806.link:4259;170724.link:69001;11988;762814;705831_16:33:00;549833.0;88902.0;bus
215521;2;3;301305.link:18713;85026.link:11436;24325;116705;116705_15:40:00;63131.0;144775.0;bus
246342;3;14;629970.link:37843;635139.link:25290;5503;1117701;1624731_16:42:00;646696.0;609285.0;bus
77280;3;10;205692.link:24298;636520.link:6577;21536;96389;594735_16:50:00;377344.0;482918.0;bus
4382;3;8;172479.link:7444;78370.link:15355;12743;1180575;1501934_16:29:00;491520.0;265296.0;bus
5430;4;13;604336.link:1152;600692.link:33104;3583;138538;462279_16:49:00;206977.0;554130.0;bus
160769;1;6;301861.link:27858;85026.link:11436;24325;116705;116705_15:40:00;142944.0;144775.0;bus
58900;1;4;275445.link:39198;235859.link:28700;12526;889712;639500_16:25:00;337282.0;283477.0;bus
115989;0;1;280110.link:58224;374810.link:10233;14820;1327016;1327016_16:16:00;189869.0;59518.0;bus
227487;0;1;275062.link:26986;148862.link:48741;18695;8701;8701_16:34:00;461746.0;384423.0;bus
39958;0;1;275062.link:26986;148862.link:48741;18695;8701;8701_16:34:00;461746.0;384423.0;bus
227567;2;3;575487.link:45868;148862.link:48741;18695;8701;8701_16:34:00;356138.0;384423.0;bus
23772;2;11;566464.link:47074;148862.link:48741;18695;8701;8701_16:34:00;487641.0;384423.0;bus
386124;1;2;275062.link:26986;148862.link:48741;18695;8701;8701_16:34:00;461746.0;384423.0;bus
62383;1;4;205692.link:24298;110514.link:6585;21536;96389;594735_16:50:00;377344.0;590788.0;bus
257018;2;3;404582.link:17981;148862.link:48741;18695;8701;8701_16:34:00;62301.0;384423.0;bus
288826;3;6;205692.link:24298;110514.link:6585;21536;96389;594735_16:50:00;377344.0;590788.0;bus
322885;1;4;405816.link:42364;240451.link:55676;24400;239653;1111598_16:41:00;326505.0;450847.0;bus
14667;1;4;61917.link:35395;22861.link:26546;22293;1149182;805646_16:28:00;248401.0;502007.0;bus
22597;1;2;319084.link:39197;431060.link:16905;23536;137506;1615506_16:38:00;337282.0;601422.0;bus
134225;0;1;562377.link:57818;148862.link:48741;18695;8701;8701_16:34:00;41317.0;384423.0;bus
76051;2;3;275062.link:26986;148862.link:48741;18695;8701;8701_16:34:00;461746.0;384423.0;bus
372498;1;6;36548.link:59795;400083.link:26943;14604;95086;95086_16:14:00;487915.0;36053.0;bus
120696;0;1;244640.link:20907;90683.link:5059;3299;93476;640789_16:12:00;103883.0;550394.0;bus
3980;2;11;657203.link:19914;400083.link:26943;14604;95086;95086_16:14:00;315004.0;36053.0;bus
92149;1;8;512051.link:30695;545209.link:15585;12743;1180575;1501934_16:29:00;301283.0;88225.0;bus
250986;2;5;461511.link:68767;435758.link:27709;3654;472000;195443_16:25:00;619329.0;483239.0;bus
268878;3;10;338123.link:56812;452220.link:14574;13598;1422485;837182_16:53:00;240045.0;301018.0;bus
15370;3;12;437042.link:35396;442030.link:56442;22293;952366;594901_16:42:00;248401.0;303136.0;bus
54665;3;10;525923.link:31305;493058.link:55974;3583;138538;462279_16:49:00;652547.0;549576.0;bus
28903;1;4;456851.link:68426;353762.link:37043;5773;1701556;474277_16:39:00;201466.0;593530.0;bus
69021;1;4;61917.link:35395;668428.link:81139;22293;1149182;805646_16:28:00;248401.0;36038.0;bus
313236;3;6;432608.link:66812;83717.link:21608;24325;856140;856140_16:15:00;191993.0;197004.0;bus
72876;3;10;26883.link:37515;388516.link:14789;966;9465;9465_16:47:00;411153.0;138335.0;bus
233802;2;3;223607.link:76690;177420.link:75965;5185;712844;1300589_16:30:00;576806.0;417150.0;bus
83380;3;12;593729.link:46548;170724.link:69001;21108;1163569;1724311_16:50:00;93016.0;88902.0;bus
315760;1;8;352310.link:9080;170724.link:69001;21108;1163569;1724311_16:50:00;52967.0;88902.0;bus
241346;1;6;292095.link:40285;631547.link:25881;5773;1701556;474277_16:39:00;74433.0;131324.0;bus
208433;1;4;255506.link:57675;167010.link:6994;16784;348850;668579_16:36:00;369954.0;428970.0;bus
29607;1;4;155742.link:49193;46295.link:76459;14914;618201;765675_16:33:00;93008.0;612531.0;bus
35381;4;13;16572.link:50141;14810.link:68697;3583;138538;462279_16:49:00;307175.0;455158.0;bus
83545;1;6;593729.link:46548;170724.link:69001;21108;1163569;1724311_16:50:00;93016.0;88902.0;bus
299739;1;12;443516.link:52789;631547.link:25881;5773;1701556;474277_16:39:00;185600.0;131324.0;bus
209640;1;10;593711.link:pt_593711;443516.link:52788;7725;980100;521772_16:47:00;208143.0;185600.0;bus
250878;0;1;342040.link:62151;170724.link:69001;21108;1163569;1724311_16:50:00;353585.0;88902.0;bus
235113;1;2;412584.link:46583;402634.link:15988;20412;1044845;1044845_16:47:00;458581.0;193.0;bus
26571;2;7;142877.link:5191;402634.link:15988;20412;1044845;1044845_16:47:00;598653.0;193.0;bus
279995;1;4;604400.link:14392;341623.link:6558;21480;987021;113900_16:46:00;485025.0;451556.0;bus
318098;3;10;420429.link:47870;136857.link:13589;14415;240626;240626_16:43:00;50190.0;96974.0;bus
154861;2;3;523789.link:69083;526251.link:42051;5409;40740;165800_16:45:00;135122.0;41520.0;bus
152578;1;4;571090.link:10102;344571.link:6227;12526;341182;1444704_16:37:00;157124.0;457764.0;bus
416581;2;9;272400.link:47129;520038.link:40069;12701;1014337;462576_16:47:00;461606.0;43544.0;bus
331636;3;6;129540.link:81488;140170.link:81049;21536;1719125;1708042_16:50:00;559204.0;72807.0;bus
84189;3;12;458433.link:24695;181806.link:73428;966;9465;9465_16:47:00;413913.0;619060.0;bus
311550;1;6;458433.link:24695;181806.link:73428;966;9465;9465_16:47:00;413913.0;619060.0;bus
322258;1;6;458433.link:24695;181806.link:73428;966;9465;9465_16:47:00;413913.0;619060.0;bus
277639;3;12;458433.link:24695;181806.link:73428;966;9465;9465_16:47:00;413913.0;619060.0;bus
8000;1;6;142899.link:9600;38049.link:76458;7839;1480521;1712758_16:51:00;578786.0;95392.0;bus
55831;2;9;410688.link:10330;1339.link:42050;5468;905927;1127420_16:59:00;96974.0;41520.0;bus
327140;2;3;28010.link:41037;197854.link:15079;8390;1211691;94289_16:53:00;323305.0;655169.0;bus
35116;3;10;26883.link:37515;181806.link:73428;966;9465;9465_16:47:00;411153.0;619060.0;bus
89330;1;10;360448.link:67145;307730.link:27984;5503;1117701;697927_16:52:00;96974.0;417625.0;bus
8048;1;6;142899.link:9600;38049.link:76458;7839;1480521;1712758_16:51:00;578786.0;95392.0;bus
312992;3;10;458433.link:24695;181806.link:73428;966;9465;9465_16:47:00;413913.0;619060.0;bus
47284;1;4;353762.link:37043;262363.link:37919;5773;1701556;474277_16:39:00;593530.0;67207.0;bus
242049;1;10;458433.link:24695;181806.link:73428;966;9465;9465_16:47:00;413913.0;619060.0;bus
145461;3;14;458433.link:24695;181806.link:73428;966;9465;9465_16:47:00;413913.0;619060.0;bus
48892;1;4;164482.link:7328;257575.link:30379;10853;246347;1001316_16:58:00;189237.0;172645.0;bus
13844;1;4;547637.link:71992;349391.link:78443;24400;239653;1111598_16:41:00;629429.0;624391.0;bus
207052;1;6;575104.link:34689;97826.link:40862;17075;1671088;824627_16:43:00;165718.0;411474.0;bus
179377;6;15;595577.link:54766;604219.link:34506;11988;762814;705831_16:33:00;189325.0;96974.0;bus
185997;1;6;217917.link:12476;604219.link:34506;11988;762814;705831_16:33:00;91217.0;96974.0;bus
205481;4;5;32871.link:45628;261002.link:31608;9292;958963;958963_16:30:00;78933.0;189869.0;bus
291167;1;4;366537.link:41013;169078.link:76555;5185;712844;1300589_16:30:00;30824.0;630406.0;bus
319388;2;11;557401.link:54015;459595.link:55514;12526;889712;574041_16:45:00;6570.0;514562.0;bus
13762;1;4;547637.link:71992;349391.link:78443;24400;239653;1111598_16:41:00;629429.0;624391.0;bus
15487;1;4;437042.link:35396;668649.link:52584;22293;1617785;944616_17:02:00;248401.0;581234.0;bus
131397;1;6;117051.link:76668;604219.link:34506;11988;762814;705831_16:33:00;555177.0;96974.0;bus
173196;1;2;263407.link:45590;261002.link:31608;9292;958963;958963_16:30:00;156271.0;189869.0;bus
62830;0;5;502079.link:73521;259494.link:75639;13373;918745;1468657_16:56:00;593781.0;640310.0;bus
133602;0;3;263484.link:9534;514565.link:14296;21480;915170;1289998_16:44:00;309005.0;485025.0;bus
104805;1;6;342114.link:27987;360448.link:34513;5503;204545;1630420_16:51:00;417625.0;96974.0;bus
26691;1;2;610136.link:16150;259494.link:75639;13373;918745;1468657_16:56:00;630795.0;640310.0;bus
269528;1;4;265920.link:52396;367192.link:14452;10853;246347;1001316_16:58:00;384180.0;165969.0;bus
235633;3;4;343734.link:16144;259494.link:75639;13373;918745;1468657_16:56:00;24666.0;640310.0;bus
26544;1;4;610136.link:16150;259494.link:75639;13373;918745;1468657_16:56:00;630795.0;640310.0;bus
129385;1;6;526251.link:42051;181806.link:73428;5409;40740;165800_16:45:00;41520.0;619060.0;bus
51626;2;5;23317.link:50950;592919.link:57648;23106;996655;1525414_16:53:00;638176.0;21217.0;bus
214101;1;2;510469.link:33038;450879.link:25946;18626;1181327;1419829_16:50:00;208875.0;639590.0;bus
94238;3;10;604400.link:14392;263861.link:54325;21480;987021;113900_16:46:00;485025.0;51975.0;bus
102927;1;6;593729.link:46548;572948.link:1330;21108;1163569;1724311_16:50:00;93016.0;96974.0;bus
132381;1;6;593729.link:46548;572948.link:1330;21108;1163569;1724311_16:50:00;93016.0;96974.0;bus
93299;1;10;593729.link:46548;572948.link:1330;21108;1163569;1724311_16:50:00;93016.0;96974.0;bus
83432;1;6;593729.link:46548;572948.link:1330;21108;1163569;1724311_16:50:00;93016.0;96974.0;bus
91351;1;8;244640.link:20907;214959.link:60764;3299;93476;640789_16:12:00;103883.0;134979.0;bus
128795;4;5;354552.link:62146;572948.link:1330;21108;1163569;1724311_16:50:00;40950.0;96974.0;bus
108608;2;7;170724.link:69001;572948.link:1330;21108;1163569;1724311_16:50:00;88902.0;96974.0;bus
158728;1;8;170724.link:69001;572948.link:1330;21108;1163569;1724311_16:50:00;88902.0;96974.0;bus
179577;1;12;629769.link:12501;148033.link:9383;16059;262437;1303853_16:52:00;649912.0;520392.0;rail
174940;1;12;629769.link:12501;148033.link:9383;16059;262437;1303853_16:52:00;649912.0;520392.0;rail
45339;1;4;484637.link:68812;499961.link:58057;13668;1030855;679903_16:44:00;626868.0;437353.0;bus
85316;1;6;170724.link:69001;572948.link:1330;21108;1163569;1724311_16:50:00;88902.0;96974.0;bus
132800;1;6;593729.link:46548;572948.link:1330;21108;1163569;1724311_16:50:00;93016.0;96974.0;bus
294451;1;4;484637.link:68812;499961.link:58057;13668;1030855;679903_16:44:00;626868.0;437353.0;bus
440293;1;2;402634.link:15988;42884.link:48010;20412;1044845;1044845_16:47:00;193.0;98941.0;bus
306038;0;3;395254.link:59547;330433.link:1473;20612;92588;709268_16:36:00;509564.0;626712.0;bus
103076;1;8;593729.link:46548;572948.link:1330;21108;1163569;1724311_16:50:00;93016.0;96974.0;bus
107675;1;8;593729.link:46548;572948.link:1330;21108;1163569;1724311_16:50:00;93016.0;96974.0;bus
178180;1;10;443516.link:52789;627970.link:14964;5773;1701556;474277_16:39:00;185600.0;240045.0;bus
187460;3;14;590143.link:22892;277214.link:69591;18092;841381;1006272_16:55:00;38250.0;96062.0;bus
93138;1;4;170724.link:69001;451458.link:67867;21108;1163569;1724311_16:50:00;88902.0;115044.0;bus
142579;0;1;497684.link:22818;322730.link:78442;24400;239653;1111598_16:41:00;213016.0;163408.0;bus
69521;0;1;240233.link:32153;217256.link:44339;12701;1243301;561917_16:50:00;38935.0;368208.0;bus
121320;1;8;635139.link:25290;175917.link:43827;23106;996655;1525414_16:53:00;609285.0;124343.0;bus
143179;1;4;593729.link:46548;451458.link:67867;21108;1163569;1724311_16:50:00;93016.0;115044.0;bus
218902;2;3;342040.link:62151;248991.link:36976;21108;1163569;1724311_16:50:00;353585.0;552862.0;bus
272985;1;10;170724.link:69001;451458.link:67867;21108;1163569;1724311_16:50:00;88902.0;115044.0;bus
250688;1;4;1339.link:42050;640223.link:69066;5468;905927;1127420_16:59:00;41520.0;211576.0;bus
316395;3;16;568217.link:68768;184814.link:5323;3654;1236595;630343_16:30:00;619329.0;486173.0;bus
126599;1;4;170724.link:69001;248991.link:36976;21108;1163569;1724311_16:50:00;88902.0;552862.0;bus
237318;3;8;649430.link:72758;507710.link:59125;22781;1484165;492059_16:57:00;257468.0;36305.0;bus
200225;3;10;535022.link:75992;169078.link:76555;24134;1425752;758656_16:33:00;614144.0;630406.0;bus
284790;1;4;427170.link:64258;319084.link:39197;12526;889712;574041_16:45:00;379758.0;337282.0;bus
224974;1;8;593729.link:46548;248991.link:36976;21108;1163569;1724311_16:50:00;93016.0;552862.0;bus
294884;0;3;605244.link:38904;507710.link:67440;16604;837655;1028913_16:53:00;655169.0;36305.0;rail
104601;1;6;458433.link:24695;53851.link:72263;966;9465;9465_16:47:00;413913.0;96974.0;bus
49944;2;9;572907.link:44317;583211.link:64512;20612;92588;709268_16:36:00;352212.0;42579.0;bus
428657;3;14;118654.link:31286;266755.link:44503;13653;353804;247239_17:00:00;436335.0;164179.0;bus
173459;5;10;353059.link:73967;526277.link:81559;3299;1523;1523_16:17:00;351973.0;467143.0;bus
179221;1;16;14928.link:70219;607177.link:78251;14604;1185324;1102213_17:05:00;36053.0;362925.0;bus
17013;1;4;504665.link:22544;53064.link:19060;12701;1243301;561917_16:50:00;109682.0;414485.0;bus
250761;3;10;475639.link:pt_475639;53851.link:72263;966;9465;9465_16:47:00;643700.0;96974.0;bus
126278;1;4;458433.link:24695;53851.link:72263;966;9465;9465_16:47:00;413913.0;96974.0;bus
5393;3;14;451458.link:67867;266755.link:44503;13653;353804;247239_17:00:00;115044.0;164179.0;bus
251374;1;6;458433.link:24695;53851.link:72263;966;9465;9465_16:47:00;413913.0;96974.0;bus
382332;1;6;119516.link:21893;661879.link:71517;12907;1706634;292973_16:50:00;276455.0;169742.0;bus
310939;2;7;458433.link:24695;53851.link:72263;966;9465;9465_16:47:00;413913.0;96974.0;bus
223378;1;8;148862.link:48741;87272.link:67511;15259;386101;1451153_17:05:00;384423.0;593923.0;bus
48500;1;6;163231.link:28889;147812.link:59273;20417;222427;45548_16:42:00;320286.0;240045.0;bus
366030;2;3;402634.link:15988;600705.link:51133;20412;1044845;1044845_16:47:00;193.0;342712.0;bus
415530;3;8;601150.link:20691;147812.link:59273;20417;222427;45548_16:42:00;495227.0;240045.0;bus
270522;0;1;670049.link:45746;147812.link:59273;20417;222427;45548_16:42:00;339609.0;240045.0;bus
83531;1;10;163231.link:28889;147812.link:59273;20417;222427;45548_16:42:00;320286.0;240045.0;bus
5572;1;4;124920.link:33649;375019.link:54404;13653;353804;247239_17:00:00;541588.0;243828.0;bus
2634;1;4;76935.link:59830;70783.link:57224;18626;1181327;1419829_16:50:00;150263.0;300013.0;bus
302545;1;6;198457.link:6833;170659.link:56816;17075;1671088;824627_16:43:00;338841.0;240045.0;bus
284619;1;6;7750.link:41757;431060.link:16905;12526;889712;574041_16:45:00;378316.0;601422.0;bus
59190;3;10;451977.link:30705;568865.link:59661;23536;137506;1615506_16:38:00;615173.0;206381.0;bus
120315;1;14;607177.link:78251;70783.link:57224;18626;1181327;1419829_16:50:00;362925.0;300013.0;bus
270125;0;7;451458.link:67867;226796.link:47867;14415;1326323;1326323_16:58:00;115044.0;50190.0;bus
210503;2;7;146301.link:44993;602275.link:53030;3299;93476;640789_16:12:00;611505.0;240045.0;bus
54687;1;4;595865.link:69580;4350.link:69084;5468;905927;1127420_16:59:00;578598.0;135122.0;bus
90534;2;11;166572.link:32138;602275.link:53030;3299;93476;640789_16:12:00;38935.0;240045.0;bus
124760;2;9;15481.link:68793;298848.link:65522;11724;628905;1396077_17:08:00;194530.0;439181.0;bus
210518;3;8;468301.link:26547;142433.link:56815;22293;1617785;944616_17:02:00;502007.0;240045.0;bus
79884;1;4;477499.link:55118;281844.link:41010;5185;843437;1492490_16:49:00;473673.0;30824.0;bus
243082;1;4;361020.link:28775;602275.link:53030;3299;93476;640789_16:12:00;393496.0;240045.0;bus
18771;4;17;311917.link:56358;212463.link:18805;12743;1180575;1501934_16:29:00;590295.0;357296.0;bus
123658;1;6;170724.link:69001;585269.link:9535;21480;987021;113900_16:46:00;88902.0;309005.0;bus
209640;1;12;136398.link:28292;168132.link:22316;21991;1288999;883664_17:08:00;185600.0;417625.0;rail
16027;1;4;166572.link:32138;472161.link:24952;12701;1014337;462576_16:47:00;38935.0;352663.0;bus
92735;3;10;1339.link:42050;667510.link:7573;5468;905927;1127420_16:59:00;41520.0;602778.0;bus
358228;1;10;108621.link:56817;321309.link:4783;23106;57185;799894_16:53:00;240045.0;532218.0;bus
268722;1;4;441772.link:49192;524292.link:7333;13598;1422485;837182_16:53:00;93008.0;519629.0;bus
9364;4;13;615752.link:49168;499522.link:5311;22560;890601;1277117_17:07:00;226748.0;281940.0;bus
92121;1;10;430729.link:73794;69916.link:45428;22934;948975;430240_16:36:00;494189.0;141548.0;bus
195454;1;10;170724.link:69001;609932.link:13589;21480;987021;716422_17:06:00;88902.0;96974.0;bus
255342;1;6;240701.link:60793;348244.link:54330;19170;233783;759517_17:00:00;610144.0;483239.0;bus
257430;1;6;170724.link:69001;609932.link:13589;21480;987021;716422_17:06:00;88902.0;96974.0;bus
296507;1;2;30776.link:58222;454692.link:44166;4631;1345393;101707_17:10:00;189869.0;266687.0;bus
245509;0;3;56361.link:56857;479147.link:40085;7883;1134964;220018_16:54:00;240045.0;615284.0;bus
115434;1;8;30776.link:58222;454692.link:44166;4631;1345393;101707_17:10:00;189869.0;266687.0;bus
21609;1;4;626591.link:60894;547569.link:65894;18695;864117;864117_17:09:00;384423.0;160244.0;bus
206230;1;4;452220.link:14574;406696.link:64288;13598;1422485;837182_16:53:00;301018.0;313612.0;bus
208463;1;8;31045.link:56813;253826.link:52567;10278;546534;749266_17:10:00;240045.0;47388.0;bus
383608;1;12;274427.link:56986;398674.link:14405;7839;1160035;594239_16:55:00;496564.0;395083.0;bus
71093;1;8;30776.link:58222;454692.link:44166;4631;1345393;101707_17:10:00;189869.0;266687.0;bus
29818;1;4;120060.link:45285;537449.link:52508;13598;1422485;837182_16:53:00;125808.0;201276.0;bus
104601;1;8;575778.link:69591;220865.link:33131;2984;1330703;510924_17:12:00;96062.0;549576.0;bus
75650;1;4;282402.link:7461;348244.link:54330;3654;1236595;300153_17:10:00;77599.0;483239.0;bus
48386;1;4;147812.link:56813;397053.link:28890;20417;1683027;1683027_17:13:00;240045.0;320286.0;bus
310939;2;9;575778.link:69591;119636.link:50016;2984;1330703;510924_17:12:00;96062.0;566620.0;bus
19058;1;2;179418.link:39116;552396.link:21811;10350;1061653;1061653_16:53:00;22170.0;502969.0;bus
212335;0;1;450302.link:72370;650692.link:81557;20612;92588;709268_16:36:00;456204.0;240045.0;bus
216906;0;3;136857.link:51223;366416.link:52329;14415;1326323;1326323_16:58:00;96974.0;241819.0;bus
258713;2;5;406280.link:54742;446040.link:48624;22781;277292;250657_17:06:00;493871.0;484211.0;bus
328094;1;4;300109.link:31447;322467.link:71277;22781;1484165;492059_16:57:00;560205.0;831.0;bus
185997;1;8;662009.link:32522;451543.link:pt_451543;16059;662596;581789_17:14:00;96974.0;480693.0;rail
68507;1;4;246924.link:42622;34214.link:27152;13598;1422485;837182_16:53:00;477969.0;125439.0;bus
181182;1;6;330433.link:1473;650692.link:81557;20612;92588;709268_16:36:00;626712.0;240045.0;bus
47870;1;4;120060.link:45285;34214.link:27152;13598;1422485;837182_16:53:00;125808.0;125439.0;bus
162286;3;14;630424.link:24612;310111.link:12285;19170;593598;1414252_16:49:00;150917.0;560248.0;bus
29775;1;4;106883.link:56857;267982.link:76032;14604;1404386;1404386_17:14:00;240045.0;91500.0;bus
85316;1;8;291143.link:32522;598300.link:5218;11523;1295055;1295055_17:14:00;96974.0;576387.0;rail
208504;5;20;246924.link:42622;34214.link:27152;13598;1422485;837182_16:53:00;477969.0;125439.0;bus
164171;2;7;350343.link:75294;210196.link:25097;24325;465758;465758_17:00:00;144775.0;453189.0;bus
286373;0;7;148862.link:48741;403093.link:21031;15259;386101;1451153_17:05:00;384423.0;43597.0;bus
14904;3;10;607682.link:73018;461781.link:47955;13598;1422485;837182_16:53:00;473203.0;354177.0;bus
220996;4;11;217472.link:32989;539881.link:61627;5468;905927;1127420_16:59:00;552946.0;140551.0;bus
76051;2;5;148862.link:48741;403093.link:21031;15259;386101;1451153_17:05:00;384423.0;43597.0;bus
58152;1;4;87272.link:67511;403093.link:21031;15259;386101;1451153_17:05:00;593923.0;43597.0;bus
104314;3;10;170724.link:69001;106632.link:77253;21480;987021;716422_17:06:00;88902.0;666522.0;bus
150114;3;10;629970.link:37843;635139.link:25290;5503;1117701;494939_17:02:00;646696.0;609285.0;bus
18672;1;4;406752.link:14642;100488.link:41786;12526;341182;439056_16:57:00;539706.0;80511.0;bus
148664;0;5;627970.link:79468;120060.link:15713;5773;1557431;1643896_17:12:00;240045.0;125808.0;bus
101060;2;5;46295.link:76459;61917.link:35395;22293;880011;761954_17:03:00;612531.0;248401.0;bus
39112;2;9;240701.link:60793;504532.link:16906;19170;593598;1414252_16:49:00;610144.0;601422.0;bus
241346;1;8;631547.link:25881;61917.link:35395;22293;880011;761954_17:03:00;131324.0;248401.0;bus
59278;1;4;654069.link:7460;504532.link:16906;19170;593598;1414252_16:49:00;77599.0;601422.0;bus
174972;5;12;668649.link:52584;399103.link:14810;22293;1617785;944616_17:02:00;581234.0;628422.0;bus
48628;1;4;575303.link:47434;399103.link:14810;22293;1617785;944616_17:02:00;596680.0;628422.0;bus
315760;1;10;170724.link:69001;217917.link:12476;3794;1343297;205720_17:12:00;88902.0;91217.0;bus
56399;1;4;282402.link:7461;438297.link:7184;3654;1236595;300153_17:10:00;77599.0;185600.0;bus
103416;1;8;593729.link:46548;217917.link:12476;3794;1343297;205720_17:12:00;93016.0;91217.0;bus
415530;3;10;477080.link:42860;399963.link:37927;7195;81719;1425834_17:18:00;240045.0;42579.0;rail
123638;1;8;622878.link:49754;410688.link:34513;22934;948975;430240_16:36:00;562607.0;96974.0;bus
34772;1;4;333997.link:42709;652015.link:46986;6358;6432;1345907_17:14:00;337066.0;535884.0;bus
8217;2;3;179418.link:39116;356569.link:45334;10350;1061653;1061653_16:53:00;22170.0;293924.0;bus
29785;1;4;637917.link:60771;449608.link:5076;3299;1374432;58259_17:13:00;166097.0;212160.0;bus
163093;1;12;626591.link:60894;510850.link:10815;18695;864117;864117_17:09:00;384423.0;62301.0;bus
236338;0;5;341545.link:13373;374122.link:71238;21536;1719125;1708042_16:50:00;557364.0;180584.0;bus
145383;2;5;437042.link:35396;164416.link:29215;22293;1617785;944616_17:02:00;248401.0;642971.0;bus
34582;1;4;350343.link:75294;579077.link:29353;9289;1137759;1284796_17:19:00;144775.0;510956.0;bus
213556;0;5;274427.link:56986;641140.link:7213;7839;1160035;594239_16:55:00;496564.0;412538.0;bus
281487;0;3;552396.link:21811;356569.link:45334;10350;1061653;1061653_16:53:00;502969.0;293924.0;bus
108608;2;9;662009.link:32522;670907.link:9293;16059;662596;581789_17:14:00;96974.0;601422.0;rail
416411;2;7;374519.link:23049;126593.link:45475;10853;267788;568264_16:55:00;373171.0;572234.0;bus
232348;1;4;230196.link:79708;674159.link:33444;8390;1211691;94289_16:53:00;570415.0;385007.0;bus
390295;4;13;477499.link:55118;652669.link:2580;5185;843437;1492490_16:49:00;473673.0;576344.0;bus
413573;4;7;186941.link:53447;531722.link:56414;23106;996655;1525414_16:53:00;544870.0;181821.0;bus
150254;1;12;650692.link:81557;126593.link:45475;10853;267788;568264_16:55:00;240045.0;572234.0;bus
336459;3;8;392073.link:25883;668428.link:81139;22293;880011;761954_17:03:00;411613.0;36038.0;bus
100860;1;6;427299.link:64054;388168.link:4458;23304;296562;1505207_16:34:00;480503.0;626712.0;bus
209598;4;15;395254.link:51937;99822.link:25970;12701;1243301;561917_16:50:00;509564.0;120804.0;bus
303559;1;4;142101.link:61358;346745.link:44227;7883;1134964;220018_16:54:00;598422.0;353008.0;bus
208383;3;14;17865.link:52583;668428.link:81139;22293;880011;761954_17:03:00;581234.0;36038.0;bus
212142;1;6;427299.link:64054;388168.link:4458;23304;296562;1505207_16:34:00;480503.0;626712.0;bus
993;3;14;20040.link:53454;388168.link:4458;23304;296562;1505207_16:34:00;534574.0;626712.0;bus
132800;1;8;662009.link:32522;670907.link:9293;16059;662596;581789_17:14:00;96974.0;601422.0;rail
132381;1;8;662009.link:32522;670907.link:9293;16059;662596;581789_17:14:00;96974.0;601422.0;rail
128795;4;7;662009.link:32522;670907.link:9293;16059;662596;581789_17:14:00;96974.0;601422.0;rail
301173;1;8;31045.link:56813;609002.link:56505;10278;546534;749266_17:10:00;240045.0;648007.0;bus
72698;1;4;492912.link:71416;523789.link:69083;9289;1673844;68897_17:15:00;666332.0;135122.0;bus
251374;1;8;277214.link:69591;612124.link:47611;18092;200082;87041_17:12:00;96062.0;202857.0;bus
111808;2;3;242344.link:20228;168608.link:20236;21446;1158378;504906_16:52:00;630005.0;503430.0;bus
6179;1;2;514565.link:14296;674010.link:69003;966;9465;579553_17:17:00;485025.0;91217.0;bus
44875;1;4;672378.link:56528;489446.link:81713;22781;1484165;492059_16:57:00;188440.0;38137.0;bus
104805;1;8;243521.link:34508;209708.link:72868;22704;181783;501119_17:15:00;96974.0;506935.0;bus
64676;1;2;16503.link:10160;416478.link:8409;4271;762566;762566_17:13:00;364587.0;624474.0;bus
96166;1;8;197854.link:15079;416478.link:8409;4271;762566;762566_17:13:00;655169.0;624474.0;bus
413825;4;11;170659.link:56815;230654.link:14036;17075;574539;947309_17:14:00;240045.0;288417.0;bus
63006;1;4;208901.link:53992;404439.link:62004;8390;380949;380949_16:52:00;503678.0;542439.0;bus
5877;3;10;119636.link:50016;525923.link:31305;3583;138538;639188_17:18:00;566620.0;652547.0;bus
187460;3;16;279975.link:72263;550946.link:6124;5409;40740;1034854_17:15:00;96974.0;323161.0;bus
78173;1;4;51494.link:34113;307001.link:57699;13676;1578642;1329318_16:54:00;402482.0;21898.0;bus
62422;2;5;452808.link:46185;615331.link:912;21536;1719125;1708042_16:50:00;485397.0;590788.0;bus
331630;0;1;499961.link:58056;615331.link:912;21536;1719125;1708042_16:50:00;437353.0;590788.0;bus
148545;1;6;458446.link:37928;477080.link:42859;7195;774173;1602934_17:10:00;42579.0;240045.0;rail
68997;3;10;458446.link:37928;477080.link:42859;7195;774173;1602934_17:10:00;42579.0;240045.0;rail
303462;3;8;479147.link:40085;391841.link:25005;7883;1134964;220018_16:54:00;615284.0;320850.0;bus
244562;1;10;462215.link:pt_462215;662009.link:37849;16059;258178;1535225_17:12:00;480693.0;96974.0;rail
260272;1;4;203929.link:5129;72504.link:66200;5185;843437;1492490_16:49:00;308684.0;493871.0;bus
166861;2;5;505687.link:16010;126047.link:10161;4271;762566;762566_17:13:00;420643.0;495714.0;bus
26342;2;11;350343.link:75294;440234.link:3443;9289;1137759;1284796_17:19:00;144775.0;639853.0;bus
237948;1;4;406280.link:54742;666891.link:5306;24101;999588;999588_16:55:00;493871.0;257564.0;bus
277639;3;14;174380.link:56057;95882.link:56624;9289;1673844;68897_17:15:00;26842.0;190940.0;bus
443465;2;5;197854.link:15079;126047.link:10161;4271;762566;762566_17:13:00;655169.0;495714.0;bus
93505;1;8;217917.link:12476;574564.link:69986;14415;1326323;1326323_16:58:00;91217.0;366603.0;bus
155475;1;8;277214.link:69591;590143.link:22893;18092;200082;87041_17:12:00;96062.0;38250.0;bus
110563;0;5;442815.link:72936;495216.link:41381;13676;1578642;1388383_17:24:00;484289.0;23309.0;bus
38372;1;4;87272.link:67511;374416.link:67351;10278;1014075;193173_17:15:00;593923.0;595880.0;bus
327140;2;5;197854.link:15079;49782.link:18769;4271;762566;762566_17:13:00;655169.0;624332.0;bus
20672;3;10;451340.link:59748;75902.link:63560;19170;233783;759517_17:00:00;578286.0;447989.0;bus
63839;1;2;16503.link:10160;49782.link:18769;4271;762566;762566_17:13:00;364587.0;624332.0;bus
376683;3;12;43239.link:25942;503466.link:56231;18626;1181327;1419829_16:50:00;442846.0;547657.0;bus
144757;1;8;441911.link:39121;503466.link:56231;18626;1181327;1419829_16:50:00;299164.0;547657.0;bus
340617;0;1;358929.link:60225;95048.link:15804;9292;1441162;1441162_17:16:00;131779.0;320850.0;bus
69236;0;1;367192.link:14452;261293.link:28139;10853;246347;1001316_16:58:00;165969.0;6206.0;bus
178926;0;3;280110.link:58224;670343.link:44380;14820;677884;677884_17:17:00;189869.0;286748.0;bus
423408;2;5;350343.link:75294;474898.link:46471;9289;1137759;1284796_17:19:00;144775.0;315054.0;bus
241739;1;4;241030.link:64056;46295.link:76459;24492;105650;1500399_16:33:00;496605.0;612531.0;bus
32662;1;4;199641.link:63095;555055.link:48411;5773;1557431;1643896_17:12:00;534574.0;222519.0;bus
15903;1;4;151958.link:13280;249948.link:22042;14604;1404386;1404386_17:14:00;357644.0;593522.0;bus
12003;3;6;16503.link:10160;49782.link:18769;4271;762566;762566_17:13:00;364587.0;624332.0;bus
219082;1;6;593729.link:46548;53851.link:72263;3794;1343297;205720_17:12:00;93016.0;96974.0;bus
14292;1;4;217848.link:8743;670343.link:44380;14820;677884;677884_17:17:00;322469.0;286748.0;bus
158728;1;10;291143.link:32522;471849.link:28500;11523;1295055;1295055_17:14:00;96974.0;384423.0;rail
107675;1;10;291143.link:32522;471849.link:28500;11523;1295055;1295055_17:14:00;96974.0;384423.0;rail
133602;0;5;514565.link:14296;661879.link:71517;14415;1326323;1326323_16:58:00;485025.0;169742.0;bus
19192;1;4;617970.link:73391;418670.link:6208;5409;40740;1034854_17:15:00;322793.0;602778.0;bus
254666;1;6;492912.link:71416;128120.link:36757;9289;1673844;68897_17:15:00;666332.0;508585.0;bus
129780;1;8;217917.link:12476;661879.link:71517;14415;1326323;1326323_16:58:00;91217.0;169742.0;bus
103076;1;10;662009.link:32522;657926.link:12503;16059;662596;581789_17:14:00;96974.0;649912.0;rail
36762;3;6;282402.link:7461;440295.link:38920;3654;1236595;300153_17:10:00;77599.0;309803.0;bus
83432;1;8;662009.link:32522;657926.link:12503;16059;662596;581789_17:14:00;96974.0;649912.0;rail
102927;1;8;662009.link:32522;657926.link:12503;16059;662596;581789_17:14:00;96974.0;649912.0;rail
131397;1;8;291143.link:32522;471849.link:28500;11523;1295055;1295055_17:14:00;96974.0;384423.0;rail
120818;1;8;126802.link:1620;451458.link:67867;13653;134833;776684_17:15:00;436335.0;115044.0;bus
43012;3;10;72504.link:66200;434896.link:55124;5185;843437;1492490_16:49:00;493871.0;209819.0;bus
443582;3;6;658248.link:22714;60334.link:16378;22781;277292;250657_17:06:00;575433.0;107089.0;bus
32866;3;6;483556.link:30544;172395.link:29557;23106;1288234;1556183_17:13:00;504931.0;177990.0;bus
126269;1;8;187458.link:51184;191619.link:15731;7949;1513132;1046876_17:16:00;417625.0;96974.0;rail
14234;1;2;374231.link:37672;478729.link:61345;14604;1185324;1102213_17:05:00;675788.0;260688.0;bus
210518;3;10;147812.link:56813;589324.link:15440;14820;269222;269222_17:13:00;240045.0;121990.0;bus
439720;1;4;499961.link:58056;171063.link:17225;21536;1719125;1708042_16:50:00;437353.0;176484.0;bus
17418;3;6;350650.link:48393;441804.link:43830;5773;1557431;1643896_17:12:00;578918.0;124343.0;bus
85529;6;13;367598.link:56070;572948.link:1330;13653;134833;776684_17:15:00;26842.0;96974.0;bus
109669;4;23;601704.link:12031;572948.link:1330;13653;134833;776684_17:15:00;256697.0;96974.0;bus
77362;1;4;227716.link:24297;171063.link:17225;21536;1719125;1708042_16:50:00;377344.0;176484.0;bus
355885;4;17;7750.link:41757;130572.link:14643;12526;889712;1501320_17:05:00;378316.0;539706.0;bus
255342;1;8;435758.link:27709;87198.link:26379;19170;1268747;638536_17:09:00;483239.0;298776.0;bus
107868;1;4;367598.link:56070;572948.link:1330;13653;134833;776684_17:15:00;26842.0;96974.0;bus
190720;1;8;184782.link:44499;572948.link:1330;13653;134833;776684_17:15:00;625137.0;96974.0;bus
73263;1;4;525923.link:31305;600692.link:33104;3583;138538;639188_17:18:00;652547.0;554130.0;bus
82985;1;8;367598.link:56070;572948.link:1330;13653;134833;776684_17:15:00;26842.0;96974.0;bus
273632;1;8;108621.link:56817;350650.link:48393;23106;666145;1580978_17:13:00;240045.0;578918.0;bus
107457;1;8;367598.link:56070;572948.link:1330;13653;134833;776684_17:15:00;26842.0;96974.0;bus
78781;1;2;49782.link:18769;23143.link:24652;4271;762566;762566_17:13:00;624332.0;452829.0;bus
23772;2;13;159131.link:26976;662009.link:37849;2556;903425;903425_17:18:00;384423.0;96974.0;rail
135269;3;10;174380.link:56057;615752.link:49168;9289;1673844;68897_17:15:00;26842.0;226748.0;bus
10426;1;4;339592.link:17224;110514.link:6585;21536;138220;138220_17:20:00;176484.0;590788.0;bus
227567;2;5;159131.link:26976;662009.link:37849;2556;903425;903425_17:18:00;384423.0;96974.0;rail
22750;1;4;247714.link:49782;431060.link:16905;12526;341182;1167583_17:17:00;375043.0;601422.0;bus
134225;0;3;159131.link:26976;662009.link:37849;2556;903425;903425_17:18:00;384423.0;96974.0;rail
177587;1;10;629970.link:37843;635139.link:25290;5503;1117701;272634_17:12:00;646696.0;609285.0;bus
257018;2;5;159131.link:26976;662009.link:37849;2556;903425;903425_17:18:00;384423.0;96974.0;rail
257370;2;5;615752.link:49168;117201.link:76457;7839;1160035;594239_16:55:00;226748.0;95392.0;bus
919;1;4;278039.link:27998;103120.link:58664;23304;296562;1505207_16:34:00;664587.0;267168.0;bus
62190;2;5;589121.link:76919;110514.link:6585;21536;138220;138220_17:20:00;576695.0;590788.0;bus
86251;1;2;263484.link:9534;581508.link:54324;21480;915170;865261_17:24:00;309005.0;51975.0;bus
2257;3;10;508789.link:75269;507869.link:12913;7989;1073960;710960_17:24:00;370790.0;110772.0;bus
84782;3;12;174380.link:56057;651491.link:7447;3654;472000;590739_17:05:00;26842.0;155273.0;bus
70361;1;4;272400.link:47129;273782.link:77303;20612;705237;1075594_17:16:00;461606.0;217735.0;bus
77479;1;4;227716.link:24297;349550.link:17190;21536;1719125;1708042_16:50:00;377344.0;130860.0;bus
204246;1;6;103937.link:42909;72504.link:66201;8390;380949;918964_17:22:00;292365.0;493871.0;bus
195454;1;12;609932.link:22133;133385.link:49126;1573;327109;1055993_17:15:00;96974.0;661913.0;bus
920;3;4;126593.link:45476;255977.link:23048;10853;246347;1001316_16:58:00;572234.0;373171.0;bus
63233;1;4;199449.link:45209;505687.link:16009;8390;1211691;398644_17:23:00;503678.0;420643.0;bus
225834;1;6;7750.link:41757;431060.link:16905;12526;889712;1501320_17:05:00;378316.0;601422.0;bus
339454;0;1;280658.link:55226;602094.link:64716;20417;1683027;1683027_17:13:00;81231.0;566437.0;bus
49944;2;11;311527.link:76935;255977.link:23048;13598;188735;886652_17:25:00;42579.0;373171.0;bus
362903;0;7;341545.link:13373;508147.link:7348;21536;1719125;1708042_16:50:00;557364.0;403484.0;bus
368934;1;10;341545.link:13373;508147.link:7348;21536;1719125;1708042_16:50:00;557364.0;403484.0;bus
332024;1;4;341545.link:13373;508147.link:7348;21536;1719125;1708042_16:50:00;557364.0;403484.0;bus
10499;1;4;171063.link:17225;508147.link:7348;21536;1719125;1708042_16:50:00;176484.0;403484.0;bus
332035;2;3;129540.link:81488;508147.link:7348;21536;1719125;1708042_16:50:00;559204.0;403484.0;bus
187977;1;8;247198.link:51995;87070.link:39761;10350;1061653;1061653_16:53:00;367059.0;617326.0;bus
36662;3;10;358836.link:7463;330816.link:67802;3654;472000;590739_17:05:00;594422.0;526672.0;bus
74585;2;5;114833.link:6795;181649.link:20785;7839;1160035;594239_16:55:00;548653.0;19704.0;bus
30643;1;4;196387.link:61355;168729.link:13107;7883;563541;1303091_17:13:00;598422.0;599727.0;bus
7133;4;13;650117.link:48698;577543.link:49924;22560;890601;1277117_17:07:00;530054.0;21775.0;bus
83545;1;8;170724.link:69001;388125.link:15502;21480;987021;716422_17:06:00;88902.0;552925.0;bus
8048;1;8;117201.link:76457;181649.link:20785;7839;1160035;594239_16:55:00;95392.0;19704.0;bus
85173;1;6;650117.link:48698;577543.link:49924;22560;890601;1277117_17:07:00;530054.0;21775.0;bus
42671;1;4;51494.link:34112;652669.link:2579;8390;1211691;398644_17:23:00;402482.0;576344.0;bus
83380;3;14;170724.link:69001;388125.link:15502;21480;987021;716422_17:06:00;88902.0;552925.0;bus
8000;1;8;117201.link:76457;181649.link:20785;7839;1160035;594239_16:55:00;95392.0;19704.0;bus
132080;1;12;615752.link:49168;181649.link:20785;7839;1160035;594239_16:55:00;226748.0;19704.0;bus
180279;1;6;145941.link:71231;13410.link:40286;3654;472000;590739_17:05:00;463964.0;74433.0;bus
73960;1;4;651491.link:7447;205669.link:74749;3654;472000;590739_17:05:00;155273.0;252486.0;bus
398161;1;6;280110.link:58224;537505.link:9773;14820;677884;677884_17:17:00;189869.0;566437.0;bus
121465;1;8;174380.link:56057;13410.link:40286;3654;472000;590739_17:05:00;26842.0;74433.0;bus
145838;4;19;388168.link:4458;250288.link:8494;20612;125244;1720593_17:22:00;626712.0;486154.0;bus
178694;1;8;358836.link:7463;13410.link:40286;3654;472000;590739_17:05:00;594422.0;74433.0;bus
94278;2;9;181675.link:16909;170724.link:69001;10350;1061653;1061653_16:53:00;168613.0;88902.0;bus
178847;5;8;183110.link:45617;640834.link:73666;9292;1044568;1044568_17:13:00;91713.0;164569.0;bus
252329;1;8;126593.link:45476;577087.link:61137;10853;246347;1001316_16:58:00;572234.0;496096.0;bus
29476;1;4;558612.link:81260;249227.link:45359;23304;296562;1505207_16:34:00;477969.0;319123.0;bus
403438;4;7;626591.link:60894;507772.link:57352;18695;864117;864117_17:09:00;384423.0;641329.0;bus
322258;1;8;174380.link:56057;169526.link:61110;1573;327109;1055993_17:15:00;26842.0;273531.0;bus
136131;1;4;53600.link:80897;330496.link:14850;24101;999588;999588_16:55:00;553312.0;604875.0;bus
127655;6;9;458433.link:24695;6776.link:11508;966;9465;579553_17:17:00;413913.0;138454.0;bus
32634;3;6;184149.link:55491;365848.link:56450;18309;592187;420335_17:10:00;232408.0;584454.0;bus
212459;2;3;455516.link:1478;438297.link:7184;19170;1622255;1663004_17:23:00;193450.0;185600.0;bus
273615;1;10;568865.link:59661;310111.link:12285;23536;586760;801941_17:20:00;206381.0;560248.0;bus
106344;3;12;568865.link:59661;310111.link:12285;23536;586760;801941_17:20:00;206381.0;560248.0;bus
172034;1;2;404439.link:61994;197854.link:15079;8390;1211691;398644_17:23:00;542439.0;655169.0;bus
233857;1;8;381402.link:55116;507710.link:59125;22781;277292;250657_17:06:00;253317.0;36305.0;bus
402421;1;6;342040.link:62151;604400.link:14392;10350;1061653;1061653_16:53:00;353585.0;485025.0;bus
86636;1;6;458433.link:24695;181806.link:73428;966;9465;579553_17:17:00;413913.0;619060.0;bus
84512;1;4;458433.link:24695;367598.link:56070;966;9465;579553_17:17:00;413913.0;26842.0;bus
303559;1;6;346745.link:7882;289357.link:45939;9292;1441162;1441162_17:16:00;353008.0;407664.0;bus
313123;1;4;458433.link:24695;367598.link:56070;966;9465;579553_17:17:00;413913.0;26842.0;bus
156578;3;14;332338.link:47612;8493.link:63001;18092;236536;739791_17:26:00;202857.0;243166.0;bus
43963;1;2;126047.link:10161;81566.link:58065;4271;762566;762566_17:13:00;495714.0;657426.0;bus
270770;1;8;458433.link:24695;181806.link:73428;966;9465;579553_17:17:00;413913.0;619060.0;bus
122596;1;4;87272.link:67511;14928.link:70219;10278;1014075;193173_17:15:00;593923.0;36053.0;bus
244243;0;5;627970.link:79468;13410.link:40286;5773;1557431;1643896_17:12:00;240045.0;74433.0;bus
269191;0;3;120060.link:15713;13410.link:40286;5773;1557431;1643896_17:12:00;125808.0;74433.0;bus
188832;0;3;627970.link:79468;13410.link:40286;5773;1557431;1643896_17:12:00;240045.0;74433.0;bus
188843;4;15;415892.link:54208;13410.link:40286;5773;1557431;1643896_17:12:00;496190.0;74433.0;bus
94763;1;8;526251.link:42051;367598.link:56070;5409;40740;1034854_17:15:00;41520.0;26842.0;bus
426608;1;6;367598.link:56070;106632.link:77253;12637;320440;1362420_17:30:00;26842.0;666522.0;bus
35133;1;4;617970.link:73391;181806.link:73428;5409;40740;1034854_17:15:00;322793.0;619060.0;bus
67208;1;4;600059.link:80717;313804.link:39850;24400;1246556;1719286_17:35:00;37980.0;163408.0;bus
337354;3;10;620583.link:75167;531564.link:74549;18309;592187;420335_17:10:00;364372.0;19488.0;bus
16313;1;4;127268.link:43426;1645.link:15311;7989;1073960;710960_17:24:00;328202.0;121642.0;bus
89330;1;12;342114.link:27987;462945.link:30420;3280;1054447;586873_17:00:00;417625.0;467128.0;bus
109678;1;8;526251.link:42051;367598.link:56070;5409;40740;1034854_17:15:00;41520.0;26842.0;bus
34916;1;8;415892.link:54208;89375.link:18799;5773;1557431;1643896_17:12:00;496190.0;41137.0;bus
26593;1;2;648929.link:42716;318366.link:59718;13373;935127;60891_17:26:00;477437.0;151383.0;bus
39162;1;4;275445.link:39198;160212.link:41776;12526;341182;1167583_17:17:00;337282.0;378316.0;bus
123658;1;8;263484.link:9534;160212.link:41776;12526;341182;1167583_17:17:00;309005.0;378316.0;bus
209640;1;14;187458.link:51184;471849.link:28500;7949;1513132;1046876_17:16:00;417625.0;384423.0;rail
83531;1;12;627970.link:79468;89375.link:18799;5773;1557431;1643896_17:12:00;240045.0;41137.0;bus
440909;1;4;655401.link:59555;125136.link:52598;22781;1484165;492059_16:57:00;72476.0;182874.0;bus
134557;2;7;191619.link:15731;471849.link:28500;7949;1513132;1046876_17:16:00;96974.0;384423.0;rail
126269;1;10;604219.link:34507;514565.link:14296;11988;762814;1132759_17:33:00;96974.0;485025.0;bus
422898;3;8;507772.link:57352;540652.link:32711;18695;864117;864117_17:09:00;641329.0;545479.0;bus
349010;1;2;197854.link:15079;488951.link:70503;4271;762566;762566_17:13:00;655169.0;430775.0;bus
76220;3;4;368724.link:19340;540652.link:32711;18695;864117;864117_17:09:00;487641.0;545479.0;bus
58736;3;10;615752.link:49168;373343.link:11388;7839;1160035;594239_16:55:00;226748.0;648867.0;bus
3980;2;13;400083.link:26943;272212.link:72474;10278;546534;749266_17:10:00;36053.0;266462.0;bus
102434;1;2;150653.link:4211;540652.link:32711;18695;864117;864117_17:09:00;137136.0;545479.0;bus
348502;5;12;326401.link:43135;69916.link:45428;7839;1480521;1712758_16:51:00;41075.0;141548.0;bus
35077;1;4;8493.link:63001;190376.link:81240;18092;236536;739791_17:26:00;243166.0;303334.0;bus
126256;1;4;1339.link:42050;640223.link:69066;5468;905927;289279_17:29:00;41520.0;211576.0;bus
125118;3;8;552441.link:11507;640223.link:69066;5468;905927;289279_17:29:00;138454.0;211576.0;bus
52409;3;10;400083.link:26943;452677.link:52316;10278;546534;749266_17:10:00;36053.0;120865.0;bus
67787;1;6;328923.link:15428;155340.link:44756;14820;269222;269222_17:13:00;187028.0;465390.0;bus
448598;1;4;313804.link:39850;543074.link:78446;24400;1246556;1719286_17:35:00;163408.0;624391.0;bus
417077;1;12;196387.link:61355;241322.link:20632;14604;1185324;1102213_17:05:00;598422.0;515113.0;bus
60991;2;5;246877.link:70637;367598.link:56070;1573;974507;470425_17:13:00;648439.0;26842.0;bus
122528;3;12;276830.link:48295;474259.link:60507;17075;574539;947309_17:14:00;419235.0;266462.0;bus
302545;1;8;627970.link:79468;483342.link:14450;7989;135520;844022_17:20:00;240045.0;6206.0;bus
52528;1;4;400083.link:26943;452677.link:52316;10278;546534;749266_17:10:00;36053.0;120865.0;bus
38967;1;4;275445.link:39198;235859.link:28700;12526;889712;1501320_17:05:00;337282.0;283477.0;bus
131259;1;8;526251.link:42051;367598.link:56070;1573;974507;470425_17:13:00;41520.0;26842.0;bus
60425;1;2;510850.link:10815;321852.link:11396;18695;864117;864117_17:09:00;62301.0;543244.0;bus
261744;1;6;416478.link:8409;528071.link:70827;4271;762566;762566_17:13:00;624474.0;411470.0;bus
286310;3;6;88352.link:56938;224009.link:25213;9289;1673844;68897_17:15:00;488812.0;234165.0;bus
246342;3;16;635139.link:25290;97826.link:40862;23106;1288234;1556183_17:13:00;609285.0;411474.0;bus
21556;3;6;184149.link:55491;97826.link:40862;18309;592187;420335_17:10:00;232408.0;411474.0;bus
70629;3;10;250288.link:8494;610735.link:44318;20612;125244;1720593_17:22:00;486154.0;352212.0;bus
49944;2;13;374519.link:23049;415431.link:13254;7989;135520;844022_17:20:00;373171.0;121642.0;bus
318260;3;10;435836.link:22133;509863.link:63936;7839;1160035;594239_16:55:00;96974.0;94447.0;bus
15701;1;4;250917.link:80832;445917.link:34876;23202;1397758;1397758_17:39:00;445288.0;639622.0;bus
369221;0;5;167503.link:33357;507710.link:59125;13668;749590;828292_17:15:00;237786.0;36305.0;bus
78301;1;10;313804.link:39850;286529.link:22628;24400;1246556;1719286_17:35:00;163408.0;675018.0;bus
13163;0;1;658600.link:58173;507710.link:59125;13668;749590;828292_17:15:00;557364.0;36305.0;bus
343879;1;6;76935.link:59830;607177.link:78251;18626;1181327;1199219_17:30:00;150263.0;362925.0;bus
100860;1;8;388168.link:4458;419256.link:11422;20612;125244;1720593_17:22:00;626712.0;84755.0;bus
29624;1;4;26628.link:72504;213225.link:33805;14914;618201;275289_17:13:00;539377.0;441005.0;bus
57525;1;4;51343.link:48726;43377.link:37496;22560;890601;1277117_17:07:00;611303.0;216781.0;bus
37371;2;11;141932.link:41591;246877.link:70636;1573;327109;1055993_17:15:00;520518.0;648439.0;bus
655;1;4;452220.link:14575;213225.link:33805;14914;618201;275289_17:13:00;301018.0;441005.0;bus
244562;1;12;662009.link:37849;444375.link:9220;2556;903425;903425_17:18:00;96974.0;520392.0;rail
15878;1;4;14928.link:70219;420608.link:32516;10278;1014075;193173_17:15:00;36053.0;120778.0;bus
15699;1;4;250917.link:80832;525176.link:10039;23202;1397758;1397758_17:39:00;445288.0;191428.0;bus
127774;1;6;647769.link:8794;609932.link:13589;1573;974507;470425_17:13:00;313163.0;96974.0;bus
124947;3;14;174380.link:56057;316226.link:46518;373;230014;230014_17:29:00;26842.0;664177.0;bus
268842;1;4;69229.link:78978;651812.link:1624;16784;348850;951331_17:36:00;612531.0;392024.0;bus
211052;1;4;184149.link:55491;170659.link:56816;18309;592187;420335_17:10:00;232408.0;240045.0;bus
15252;3;6;360476.link:53877;170659.link:56816;18309;592187;420335_17:10:00;500749.0;240045.0;bus
173141;1;6;360476.link:53877;170659.link:56816;18309;592187;420335_17:10:00;500749.0;240045.0;bus
23642;1;6;246877.link:70637;609932.link:13589;1573;974507;470425_17:13:00;648439.0;96974.0;bus
54745;1;4;434968.link:22860;316226.link:46518;373;230014;230014_17:29:00;429552.0;664177.0;bus
35874;1;4;119636.link:50016;316226.link:46518;373;230014;230014_17:29:00;566620.0;664177.0;bus
207052;1;8;497590.link:40861;347116.link:11544;23106;57185;460463_17:33:00;411474.0;106287.0;bus
84189;3;14;174380.link:56057;316226.link:46518;373;230014;230014_17:29:00;26842.0;664177.0;bus
83612;3;14;526251.link:42051;609932.link:13589;1573;974507;470425_17:13:00;41520.0;96974.0;bus
156629;1;4;526251.link:42051;609932.link:13589;1573;974507;470425_17:13:00;41520.0;96974.0;bus
61846;1;2;56614.link:14861;580956.link:63856;24101;110210;1659939_17:35:00;510106.0;89158.0;bus
92149;1;10;545209.link:15585;74543.link:78758;18874;446460;1525449_17:14:00;88225.0;351478.0;bus
93299;1;12;662009.link:37849;444375.link:9220;2556;903425;903425_17:18:00;96974.0;520392.0;rail
141970;3;4;8493.link:63001;277214.link:69591;18092;236536;739791_17:26:00;243166.0;96062.0;bus
132137;1;6;526251.link:42051;609932.link:13589;1573;974507;470425_17:13:00;41520.0;96974.0;bus
313220;5;18;199199.link:46517;277214.link:69591;18092;236536;739791_17:26:00;664177.0;96062.0;bus
266810;1;2;155340.link:44756;280110.link:58223;14820;269222;269222_17:13:00;465390.0;189869.0;bus
209592;2;5;250917.link:80832;525176.link:10039;23202;1397758;1397758_17:39:00;445288.0;191428.0;bus
29435;1;4;270878.link:41494;651812.link:1624;16784;348850;951331_17:36:00;598113.0;392024.0;bus
250986;3;8;348244.link:54330;568217.link:68768;3654;1236595;300153_17:10:00;483239.0;619329.0;bus
108179;3;14;526251.link:42051;609932.link:13589;1573;974507;470425_17:13:00;41520.0;96974.0;bus
311550;1;8;174380.link:56057;316226.link:46518;373;230014;230014_17:29:00;26842.0;664177.0;bus
48500;1;8;650692.link:81558;661392.link:74252;20612;125244;1720593_17:22:00;240045.0;523239.0;bus
323416;4;7;197854.link:15079;477313.link:6529;4271;762566;762566_17:13:00;655169.0;145154.0;bus
100738;1;10;426267.link:21450;36328.link:61344;14604;1404386;1404386_17:14:00;110925.0;260688.0;bus
179577;1;14;635139.link:25290;108621.link:56818;23106;1288234;1556183_17:13:00;609285.0;240045.0;bus
30650;3;8;582236.link:68442;480705.link:20808;7883;563541;1303091_17:13:00;247897.0;269868.0;bus
400332;3;10;257700.link:6228;405447.link:49773;12526;889712;1501320_17:05:00;457764.0;404599.0;bus
174940;1;14;635139.link:25290;108621.link:56818;23106;1288234;1556183_17:13:00;609285.0;240045.0;bus
305847;1;14;635139.link:25290;108621.link:56818;23106;1288234;1556183_17:13:00;609285.0;240045.0;bus
10945;1;4;652669.link:2580;505687.link:16010;8390;1211691;398644_17:23:00;576344.0;420643.0;bus
97303;1;10;635139.link:25290;108621.link:56818;23106;1288234;1556183_17:13:00;609285.0;240045.0;bus
69521;0;3;618993.link:44336;572907.link:44315;20612;705237;1075594_17:16:00;368208.0;352212.0;bus
92121;1;12;69916.link:45428;435836.link:13589;7839;1480521;1712758_16:51:00;141548.0;96974.0;bus
54880;3;6;392580.link:50973;311917.link:39091;18874;838869;1677392_17:02:00;613006.0;590295.0;bus
291013;1;6;16503.link:10160;477313.link:6529;4271;762566;762566_17:13:00;364587.0;145154.0;bus
178180;1;12;627970.link:79468;578490.link:43429;7989;135520;844022_17:20:00;240045.0;328202.0;bus
133602;0;7;11016.link:13378;333997.link:42709;12907;1419688;1419688_17:33:00;169742.0;337066.0;bus
43591;1;4;196016.link:56529;171481.link:31444;22781;277292;250657_17:06:00;188440.0;560205.0;bus
374413;5;10;346745.link:7882;526277.link:44438;9292;1441162;1441162_17:16:00;353008.0;467143.0;bus
217333;1;10;571090.link:10102;344571.link:6227;12526;341182;1167583_17:17:00;157124.0;457764.0;bus
74171;3;10;246877.link:70636;203865.link:47719;1573;674174;234576_17:30:00;648439.0;436497.0;bus
242587;0;1;350605.link:66707;142101.link:61356;14604;1404386;1404386_17:14:00;294686.0;598422.0;bus
267826;3;10;458446.link:37928;477080.link:42859;7195;774173;90412_17:30:00;42579.0;240045.0;rail
91351;1;10;214959.link:60764;143091.link:56819;14914;618201;275289_17:13:00;134979.0;240045.0;bus
247625;2;21;160212.link:41776;344571.link:6227;12526;341182;1167583_17:17:00;378316.0;457764.0;bus
85529;6;15;191619.link:15731;471849.link:28500;15345;1500056;482348_17:34:00;96974.0;384423.0;rail
82985;1;10;191619.link:15731;471849.link:28500;15345;1500056;482348_17:34:00;96974.0;384423.0;rail
190720;1;10;191619.link:15731;471849.link:28500;15345;1500056;482348_17:34:00;96974.0;384423.0;rail
109669;4;25;191619.link:15731;471849.link:28500;15345;1500056;482348_17:34:00;96974.0;384423.0;rail
107868;1;6;191619.link:15731;471849.link:28500;15345;1500056;482348_17:34:00;96974.0;384423.0;rail
107457;1;10;191619.link:15731;471849.link:28500;15345;1500056;482348_17:34:00;96974.0;384423.0;rail
92425;1;8;283994.link:55177;477080.link:42859;7195;774173;90412_17:30:00;589889.0;240045.0;rail
48552;1;4;452220.link:14574;554522.link:6033;13598;1422485;1379008_17:33:00;301018.0;255001.0;bus
376395;0;9;545209.link:15585;419227.link:38003;18874;446460;1525449_17:14:00;88225.0;533401.0;bus
76919;3;8;311722.link:70831;136354.link:10142;4271;762566;762566_17:13:00;218635.0;481890.0;bus
81829;1;6;503466.link:56231;574578.link:40433;7883;563541;1303091_17:13:00;547657.0;377654.0;bus
221878;3;14;443516.link:52789;50743.link:38930;7725;1690580;471507_17:37:00;185600.0;594422.0;bus
52648;2;3;420634.link:26940;180427.link:56504;10278;1014075;193173_17:15:00;138905.0;648007.0;bus
23676;1;6;189718.link:36338;9641.link:49135;9289;1137759;1284796_17:19:00;514801.0;226748.0;bus
72976;1;4;274959.link:57776;329798.link:28569;3654;1236595;300153_17:10:00;196004.0;668987.0;bus
315324;1;4;246877.link:70636;381487.link:48185;1573;327109;1055993_17:15:00;648439.0;231803.0;bus
160769;1;8;350343.link:75294;9641.link:49135;9289;1137759;1284796_17:19:00;144775.0;226748.0;bus
217834;2;3;451458.link:67867;475876.link:49395;12637;320440;1362420_17:30:00;115044.0;75023.0;bus
104192;3;6;1339.link:42050;298478.link:73390;5468;905927;289279_17:29:00;41520.0;322793.0;bus
269191;0;5;292095.link:40285;50743.link:38930;7725;1690580;471507_17:37:00;74433.0;594422.0;bus
14234;1;4;478729.link:61345;574578.link:40433;7883;563541;1303091_17:13:00;260688.0;377654.0;bus
85835;1;6;444291.link:64977;443516.link:52788;7725;342272;1646266_17:36:00;553678.0;185600.0;bus
215521;2;5;350343.link:75294;9641.link:49135;9289;1137759;1284796_17:19:00;144775.0;226748.0;bus
188832;0;5;292095.link:40285;50743.link:38930;7725;1690580;471507_17:37:00;74433.0;594422.0;bus
385476;0;5;271923.link:12230;566843.link:10127;9289;1673844;68897_17:15:00;96974.0;30674.0;bus
48710;1;4;565376.link:63065;99351.link:20612;22293;1149182;426040_17:28:00;496096.0;331238.0;bus
204751;1;4;286529.link:22628;291746.link:61575;24400;1246556;1719286_17:35:00;675018.0;439177.0;bus
34916;1;10;89375.link:18799;581508.link:54324;19170;593598;1043740_17:29:00;41137.0;51975.0;bus
142274;1;4;56614.link:14861;233132.link:33390;24101;110210;1659939_17:35:00;510106.0;440091.0;bus
61028;1;4;246877.link:70636;407684.link:21651;1573;674174;234576_17:30:00;648439.0;661913.0;bus
22866;1;4;74543.link:78758;610447.link:18931;18874;446460;1525449_17:14:00;351478.0;158210.0;bus
150114;3;12;635139.link:25290;23317.link:50950;23106;996655;244315_17:33:00;609285.0;638176.0;bus
103076;1;12;311917.link:39091;557401.link:54015;18874;838869;1677392_17:02:00;590295.0;6570.0;bus
217333;1;12;344571.link:28562;175804.link:56354;12526;889712;981916_17:45:00;457764.0;628138.0;bus
83531;1;14;89375.link:18799;581508.link:54324;19170;593598;1043740_17:29:00;41137.0;51975.0;bus
24011;1;2;477313.link:6529;596078.link:62622;4271;762566;762566_17:13:00;145154.0;277461.0;bus
123638;1;10;662009.link:32522;657926.link:12503;16059;662596;1119221_17:34:00;96974.0;649912.0;rail
20890;3;6;11016.link:13378;641095.link:69989;14415;6896;220775_17:42:00;169742.0;366603.0;bus
141301;3;10;205692.link:24298;380787.link:33356;21536;138220;138220_17:20:00;377344.0;237786.0;bus
179221;1;18;607177.link:78251;450879.link:25946;18626;1181327;1199219_17:30:00;362925.0;639590.0;bus
130646;3;8;334050.link:61682;360448.link:34513;5503;204545;265063_17:31:00;263804.0;96974.0;bus
256339;2;9;409284.link:25161;64337.link:66103;14415;1120286;1120286_17:15:00;358951.0;354561.0;bus
273142;0;3;119489.link:21762;301832.link:61866;373;230014;230014_17:29:00;200976.0;501698.0;bus
101527;1;6;174380.link:56057;301832.link:61866;373;230014;230014_17:29:00;26842.0;501698.0;bus
118548;3;12;257700.link:6228;130572.link:14643;12526;889712;126267_17:25:00;457764.0;539706.0;bus
126149;4;11;441804.link:43830;635139.link:25290;23106;666145;1580978_17:13:00;124343.0;609285.0;bus
233857;1;10;507710.link:59124;587949.link:22424;13668;1030855;1053761_17:44:00;36305.0;134700.0;bus
10877;1;4;652669.link:2580;32328.link:33617;21446;1000069;12960_17:23:00;576344.0;35274.0;bus
180843;1;8;174380.link:56057;301832.link:61866;373;230014;230014_17:29:00;26842.0;501698.0;bus
285405;0;1;62363.link:29109;64337.link:66103;14415;1120286;1120286_17:15:00;625779.0;354561.0;bus
213284;1;4;119636.link:50016;301832.link:61866;373;230014;230014_17:29:00;566620.0;501698.0;bus
167066;1;6;93633.link:18768;501175.link:69251;5185;712844;1267273_17:28:00;581830.0;187260.0;bus
56181;1;4;562395.link:67866;329910.link:72335;10350;60802;60802_17:40:00;168613.0;133676.0;bus
143402;1;2;289357.link:45939;261002.link:31608;9292;1441162;1441162_17:16:00;407664.0;189869.0;bus
292312;0;3;111887.link:30164;90054.link:61110;24325;465758;465758_17:00:00;197004.0;273531.0;bus
82641;1;8;3829.link:71452;263861.link:54325;21480;987021;897867_17:26:00;440011.0;51975.0;bus
402903;1;6;358339.link:68461;64337.link:66103;14415;1120286;1120286_17:15:00;165999.0;354561.0;bus
244243;0;7;292095.link:40285;44474.link:71232;7725;1690580;471507_17:37:00;74433.0;463964.0;bus
128032;1;6;568217.link:68768;184814.link:5323;3654;1236595;300153_17:10:00;619329.0;486173.0;bus
117966;1;8;174380.link:56057;235391.link:13699;373;230014;230014_17:29:00;26842.0;399519.0;bus
205481;4;7;280110.link:58224;147812.link:59273;14820;677884;677884_17:17:00;189869.0;240045.0;bus
179095;1;8;36182.link:72611;626591.link:60893;22560;890601;1277117_17:07:00;668146.0;384423.0;bus
7378;2;7;41712.link:6796;626591.link:60893;22560;890601;1277117_17:07:00;548653.0;384423.0;bus
7506;2;11;506012.link:14407;626591.link:60893;22560;890601;1277117_17:07:00;295248.0;384423.0;bus
351580;1;6;302945.link:14404;626591.link:60893;22560;890601;1277117_17:07:00;395083.0;384423.0;bus
179091;1;6;669574.link:9014;142433.link:56815;22293;1149182;426040_17:28:00;648074.0;240045.0;bus
41131;1;4;618851.link:5812;228906.link:42685;13245;460649;1548489_17:41:00;262328.0;89812.0;bus
334077;2;21;280110.link:58224;147812.link:59273;14820;677884;677884_17:17:00;189869.0;240045.0;bus
4657;1;4;557401.link:54015;182741.link:1584;18874;838869;1677392_17:02:00;6570.0;100649.0;bus
42363;1;4;652669.link:2580;103937.link:42910;8390;1211691;398644_17:23:00;576344.0;292365.0;bus
363079;7;10;620346.link:79702;577595.link:50431;8390;1211691;398644_17:23:00;480880.0;221208.0;bus
55359;1;4;46817.link:59824;117051.link:76668;3794;1343297;1681006_17:42:00;367862.0;555177.0;bus
159783;3;6;101206.link:4813;370025.link:11403;15259;1018570;424867_17:41:00;186346.0;568853.0;bus
71857;2;5;423025.link:30413;576262.link:20440;12743;1180575;1049662_17:29:00;11977.0;234535.0;bus
243781;0;3;346745.link:44226;56361.link:56858;7883;563541;1303091_17:13:00;353008.0;240045.0;bus
114242;1;4;205692.link:24298;499961.link:58057;21536;138220;138220_17:20:00;377344.0;437353.0;bus
35856;1;4;604741.link:39762;193560.link:17530;10350;60802;60802_17:40:00;617326.0;158196.0;bus
11481;1;4;652669.link:2580;93633.link:65921;13676;1154013;1324574_17:25:00;576344.0;581830.0;bus
162468;1;4;661174.link:68462;142503.link:52634;14415;6896;220775_17:42:00;165999.0;586561.0;bus
332578;1;4;35730.link:5130;477499.link:55117;24134;1425752;442707_17:28:00;193210.0;473673.0;bus
53846;4;15;271923.link:12230;200037.link:29352;9289;1673844;68897_17:15:00;96974.0;510956.0;bus
306038;0;5;330433.link:1473;246924.link:42622;13598;1422485;1379008_17:33:00;626712.0;477969.0;bus
294757;1;4;505261.link:72035;477499.link:55117;5185;712844;1267273_17:28:00;169957.0;473673.0;bus
141970;3;6;53851.link:61582;514565.link:14296;966;9465;621934_17:47:00;96974.0;485025.0;bus
317761;1;4;573498.link:14431;450501.link:12280;22560;890601;1277117_17:07:00;225816.0;577786.0;bus
424739;5;14;232055.link:9004;37630.link:57335;18695;603801;603801_17:45:00;141305.0;65514.0;bus
59874;1;2;142503.link:52634;194240.link:25160;14415;6896;220775_17:42:00;586561.0;358951.0;bus
189611;3;14;74543.link:78758;142503.link:52634;18874;446460;1525449_17:14:00;351478.0;586561.0;bus
255207;3;16;7750.link:41757;431060.link:16905;12526;889712;126267_17:25:00;378316.0;601422.0;bus
107675;1;12;626591.link:60893;450501.link:12280;22560;890601;1277117_17:07:00;384423.0;577786.0;bus
233104;3;6;505687.link:16010;454716.link:24432;8390;380949;918964_17:22:00;420643.0;223784.0;bus
107457;1;12;626591.link:60893;450501.link:12280;22560;890601;1277117_17:07:00;384423.0;577786.0;bus
93299;1;14;148033.link:9382;93976.link:28291;21991;1707385;1707385_17:44:00;520392.0;185600.0;rail
68092;1;6;668428.link:81138;142433.link:56816;22293;952366;285130_17:42:00;36038.0;240045.0;bus
130020;0;3;594887.link:52633;480042.link:2924;14415;1120286;1120286_17:15:00;586561.0;404290.0;bus
236172;1;6;617043.link:68365;76662.link:66246;22781;277292;250657_17:06:00;94257.0;244346.0;bus
380166;0;1;70121.link:76669;595577.link:54766;11988;762814;1132759_17:33:00;555177.0;189325.0;bus
305677;1;10;174380.link:56057;518182.link:54116;373;230014;230014_17:29:00;26842.0;320996.0;bus
174998;1;6;668649.link:52584;142433.link:56816;22293;952366;285130_17:42:00;581234.0;240045.0;bus
290501;1;4;505687.link:16010;631428.link:32480;8390;380949;918964_17:22:00;420643.0;115789.0;bus
73583;1;4;26883.link:37515;595577.link:54766;11988;762814;1132759_17:33:00;411153.0;189325.0;bus
83531;1;16;263861.link:54325;388125.link:15502;21480;987021;897867_17:26:00;51975.0;552925.0;bus
313220;5;20;53851.link:61582;674010.link:69003;966;9465;621934_17:47:00;96974.0;91217.0;bus
241699;2;7;249227.link:45359;117900.link:60770;20612;705237;1075594_17:16:00;319123.0;166097.0;bus
246925;5;30;400083.link:26943;626591.link:60894;10278;546534;749266_17:10:00;36053.0;384423.0;bus
208142;1;4;669574.link:63088;565376.link:63056;13598;188735;719231_17:45:00;648074.0;496096.0;bus
16353;1;6;635139.link:25290;186941.link:53447;23106;996655;244315_17:33:00;609285.0;544870.0;bus
225834;1;8;431060.link:16905;362726.link:24590;3654;1236595;592937_17:50:00;601422.0;171387.0;bus
208251;4;21;249227.link:45359;214959.link:60764;20612;705237;1075594_17:16:00;319123.0;134979.0;bus
77133;3;10;560972.link:10925;419294.link:21834;13245;460649;1548489_17:41:00;431096.0;338364.0;bus
40946;1;4;405816.link:42364;186598.link:22626;24400;239653;259497_17:39:00;326505.0;219604.0;bus
287454;1;4;405816.link:42364;186598.link:22626;24400;239653;259497_17:39:00;326505.0;219604.0;bus
284619;1;8;431060.link:16905;362726.link:24590;3654;1236595;592937_17:50:00;601422.0;171387.0;bus
62152;1;4;411778.link:48994;516171.link:68794;11724;816610;193846_17:49:00;24730.0;194530.0;bus
72434;1;2;649039.link:30174;590143.link:22893;18092;110891;191875_17:39:00;339906.0;38250.0;bus
286373;1;10;392640.link:53742;148862.link:48740;15259;1018570;424867_17:41:00;43597.0;384423.0;bus
126269;1;12;514565.link:14296;354552.link:47045;10350;60802;60802_17:40:00;485025.0;40950.0;bus
135284;1;4;174380.link:56057;615752.link:49168;9289;293253;1369214_17:40:00;26842.0;226748.0;bus
236369;3;6;507710.link:59124;502946.link:25453;13668;1030855;1053761_17:44:00;36305.0;36385.0;bus
3980;2;15;272212.link:72474;608103.link:6888;17075;1671088;654791_17:43:00;266462.0;326494.0;bus
112738;1;6;477499.link:55117;236592.link:28874;5185;712844;1267273_17:28:00;473673.0;463521.0;bus
236469;2;5;617043.link:68365;72018.link:58788;22781;277292;250657_17:06:00;94257.0;208691.0;bus
378564;2;3;442234.link:41170;465921.link:41184;12743;1180575;1049662_17:29:00;535411.0;229384.0;bus
26909;2;11;507710.link:59125;72018.link:58788;22781;277292;250657_17:06:00;36305.0;208691.0;bus
15709;3;8;650692.link:81558;232672.link:57144;20612;125244;1720593_17:22:00;240045.0;472040.0;bus
68320;1;4;452220.link:14574;537449.link:52508;13598;1422485;1379008_17:33:00;301018.0;201276.0;bus
208379;1;4;452220.link:14574;537449.link:52508;13598;1422485;1379008_17:33:00;301018.0;201276.0;bus
382332;1;8;11016.link:13378;214152.link:48852;14415;6896;220775_17:42:00;169742.0;168569.0;bus
372711;1;4;23317.link:50950;456851.link:68426;23106;996655;244315_17:33:00;638176.0;201466.0;bus
123638;1;12;545209.link:15585;465921.link:41184;12743;1180575;1049662_17:29:00;88225.0;229384.0;bus
101295;1;6;174380.link:56057;401763.link:35526;373;230014;230014_17:29:00;26842.0;79241.0;bus
920;3;6;255977.link:23048;311527.link:76934;13598;188735;719231_17:45:00;373171.0;42579.0;bus
226464;1;10;443839.link:32655;451458.link:67867;9289;1137759;1284796_17:19:00;133834.0;115044.0;bus
109199;1;6;149530.link:56939;451458.link:67867;9289;1137759;1284796_17:19:00;488812.0;115044.0;bus
212142;1;8;388168.link:4458;364949.link:57138;20612;125244;1720593_17:22:00;626712.0;84551.0;bus
125439;1;6;217917.link:12476;53851.link:72263;3794;1343297;1681006_17:42:00;91217.0;96974.0;bus
79175;3;6;164581.link:7539;117202.link:3186;18409;863566;1523203_17:53:00;151381.0;180112.0;rail
267826;3;12;170659.link:56815;618014.link:56449;18309;62695;62695_17:50:00;240045.0;584454.0;bus
100169;2;3;508789.link:75269;627970.link:79467;7989;1073960;710960_17:24:00;370790.0;240045.0;bus
10914;1;8;72018.link:58788;611413.link:72769;22781;277292;250657_17:06:00;208691.0;210166.0;bus
398161;1;8;52670.link:57187;509229.link:55227;20417;222427;1135298_17:42:00;566437.0;81231.0;bus
272985;1;12;185197.link:8939;401763.link:35526;373;230014;230014_17:29:00;603484.0;79241.0;bus
121148;1;6;174380.link:56057;401763.link:35526;373;230014;230014_17:29:00;26842.0;79241.0;bus
292980;1;4;72018.link:58788;611413.link:72769;22781;277292;250657_17:06:00;208691.0;210166.0;bus
7407;1;6;189718.link:36338;451458.link:67867;9289;1137759;1284796_17:19:00;514801.0;115044.0;bus
78716;1;8;72018.link:58788;611413.link:72769;22781;277292;250657_17:06:00;208691.0;210166.0;bus
350161;3;4;360448.link:67145;106632.link:77253;5503;1117701;211849_17:52:00;96974.0;666522.0;bus
205481;4;9;170659.link:56815;618014.link:56449;18309;62695;62695_17:50:00;240045.0;584454.0;bus
110198;1;6;161443.link:49642;552013.link:71779;9289;1137759;1284796_17:19:00;104408.0;58232.0;bus
116932;1;8;240701.link:60793;438297.link:7185;19170;233783;919522_17:40:00;610144.0;185600.0;bus
240626;1;4;497590.link:40861;253826.link:52567;22293;1149182;426040_17:28:00;411474.0;47388.0;bus
422898;3;10;166480.link:61763;630067.link:78176;7839;1480521;1470362_17:51:00;545479.0;128946.0;bus
305912;1;8;320887.link:57151;650692.link:81557;20612;705237;1075594_17:16:00;184572.0;240045.0;bus
121360;1;6;49607.link:47545;650692.link:81557;20612;705237;1075594_17:16:00;400312.0;240045.0;bus
86251;1;4;263861.link:54325;438297.link:7185;19170;233783;919522_17:40:00;51975.0;185600.0;bus
82641;1;10;263861.link:54325;438297.link:7185;19170;233783;919522_17:40:00;51975.0;185600.0;bus
208318;2;5;330433.link:1473;34214.link:27152;13598;1422485;1379008_17:33:00;626712.0;125439.0;bus
77876;1;4;28010.link:41037;199449.link:45209;8390;1211691;1474838_17:53:00;323305.0;503678.0;bus
31433;1;4;393431.link:63746;243425.link:14197;3299;1374432;58259_17:13:00;14297.0;625663.0;bus
327953;1;4;236592.link:28874;543167.link:25663;24134;1425752;442707_17:28:00;463521.0;502169.0;bus
71006;3;8;509229.link:55227;292306.link:72822;20417;222427;1135298_17:42:00;81231.0;16153.0;bus
362903;0;9;132189.link:17140;240451.link:55676;24400;239653;259497_17:39:00;403484.0;450847.0;bus
273615;1;12;369013.link:14825;438297.link:7184;3654;1236595;592937_17:50:00;560248.0;185600.0;bus
61899;1;4;56614.link:14861;352885.link:34046;12533;939938;939938_17:54:00;510106.0;272239.0;bus
79172;1;2;428554.link:80096;610136.link:16150;13373;918745;448394_17:51:00;477437.0;630795.0;bus
54416;1;4;4350.link:69084;367598.link:56070;9289;1137759;1284796_17:19:00;135122.0;26842.0;bus
387524;0;1;525433.link:51451;439616.link:6529;4271;1140262;1254850_17:52:00;396029.0;145154.0;bus
86636;1;8;174380.link:56057;279879.link:66702;9289;293253;1369214_17:40:00;26842.0;311119.0;bus
224794;1;12;148862.link:48740;58756.link:58682;15259;1220406;722934_17:55:00;384423.0;1207.0;bus
237318;3;10;507710.link:59124;443701.link:55158;13668;1030855;1053761_17:44:00;36305.0;266881.0;bus
118221;3;14;228806.link:4259;170724.link:69001;11988;762814;1132759_17:33:00;549833.0;88902.0;bus
174998;1;8;477080.link:42860;399963.link:37927;7195;81719;567948_17:58:00;240045.0;42579.0;rail
61028;1;6;133385.link:49126;495258.link:21613;24325;70554;1591254_17:40:00;661913.0;303993.0;bus
197655;1;10;56614.link:14861;197854.link:15078;24101;110210;1659939_17:35:00;510106.0;655169.0;bus
323677;2;3;230550.link:22015;197854.link:15078;24101;110210;1659939_17:35:00;553312.0;655169.0;bus
107613;1;8;367598.link:56070;572948.link:1330;3578;1501909;1172121_18:00:00;26842.0;96974.0;bus
25006;1;2;56614.link:14861;197854.link:15078;24101;110210;1659939_17:35:00;510106.0;655169.0;bus
109678;1;10;367598.link:56070;572948.link:1330;3578;1501909;1172121_18:00:00;26842.0;96974.0;bus
267953;1;6;565376.link:63065;22861.link:26546;22293;1149182;426040_17:28:00;496096.0;502007.0;bus
130738;1;8;367598.link:56070;572948.link:1330;3578;1501909;1172121_18:00:00;26842.0;96974.0;bus
63321;1;4;56614.link:14861;197854.link:15078;24101;110210;1659939_17:35:00;510106.0;655169.0;bus
43136;1;2;56614.link:14861;197854.link:15078;24101;110210;1659939_17:35:00;510106.0;655169.0;bus
80922;1;4;174380.link:56057;365848.link:56450;373;230014;230014_17:29:00;26842.0;584454.0;bus
130100;2;11;142503.link:52634;280940.link:12479;14415;6896;220775_17:42:00;586561.0;91217.0;bus
82945;1;8;191619.link:15731;471849.link:28500;10939;889676;976701_17:49:00;96974.0;384423.0;rail
127774;1;8;435836.link:22133;80450.link:26160;7839;1160035;130192_17:55:00;96974.0;348366.0;bus
94763;1;10;367598.link:56070;572948.link:1330;3578;1501909;1172121_18:00:00;26842.0;96974.0;bus
228171;2;5;451458.link:67867;572948.link:1330;3578;1501909;1172121_18:00:00;115044.0;96974.0;bus
85464;3;10;367598.link:56070;572948.link:1330;3578;1501909;1172121_18:00:00;26842.0;96974.0;bus
313123;1;6;367598.link:56070;116271.link:5331;3578;1501909;1172121_18:00:00;26842.0;203737.0;bus
131259;1;10;367598.link:56070;572948.link:1330;3578;1501909;1172121_18:00:00;26842.0;96974.0;bus
7407;1;8;451458.link:67867;572948.link:1330;3578;1501909;1172121_18:00:00;115044.0;96974.0;bus
93976;1;8;367598.link:56070;572948.link:1330;3578;1501909;1172121_18:00:00;26842.0;96974.0;bus
93040;2;3;116271.link:5331;264048.link:61626;3578;1501909;1172121_18:00:00;203737.0;140551.0;bus
13163;0;3;68703.link:67416;52441.link:38909;16604;1688938;1645460_17:45:00;36305.0;655169.0;rail
78374;1;4;535022.link:75992;177420.link:75965;24134;1425752;442707_17:28:00;614144.0;417150.0;bus
102507;2;3;342980.link:51609;359245.link:33650;24325;465758;465758_17:00:00;643247.0;541588.0;bus
183161;5;12;172479.link:7444;545209.link:15585;12743;1180575;1049662_17:29:00;491520.0;88225.0;bus
117881;1;4;174380.link:56057;38097.link:56448;373;230014;230014_17:29:00;26842.0;532962.0;bus
102400;0;1;629099.link:18714;359245.link:33650;24325;465758;465758_17:00:00;63131.0;541588.0;bus
46961;2;7;160607.link:48741;31045.link:56814;10278;1014075;193173_17:15:00;384423.0;240045.0;bus
179097;0;5;142101.link:61356;400083.link:26943;14604;1404386;1404386_17:14:00;598422.0;36053.0;bus
372498;1;8;14928.link:70219;31045.link:56814;10278;1014075;193173_17:15:00;36053.0;240045.0;bus
313236;3;8;111887.link:30164;359245.link:33650;24325;465758;465758_17:00:00;197004.0;541588.0;bus
104769;1;4;228806.link:4259;117051.link:76668;11988;762814;1132759_17:33:00;549833.0;555177.0;bus
129238;1;6;450288.link:6222;31045.link:56814;10278;1014075;193173_17:15:00;481560.0;240045.0;bus
134557;2;9;148862.link:48740;631720.link:78998;15259;1220406;722934_17:55:00;384423.0;368285.0;bus
153246;1;6;565517.link:45335;405470.link:77404;10350;60802;60802_17:40:00;293924.0;310955.0;bus
333513;0;1;597281.link:2434;455292.link:30833;20417;222427;1135298_17:42:00;125049.0;506231.0;bus
143402;1;4;30776.link:58222;454692.link:44166;4631;1345393;1345393_17:57:00;189869.0;266687.0;bus
266810;1;4;30776.link:58222;454692.link:44166;4631;1345393;1345393_17:57:00;189869.0;266687.0;bus
32070;3;10;663005.link:51938;253925.link:25513;12701;1014337;1036860_17:47:00;509564.0;109682.0;bus
386124;1;4;148862.link:48740;631720.link:78998;15259;1220406;722934_17:55:00;384423.0;368285.0;bus
227487;0;3;148862.link:48740;631720.link:78998;15259;1220406;722934_17:55:00;384423.0;368285.0;bus
130709;3;8;369013.link:14825;157324.link:15495;3654;1236595;592937_17:50:00;560248.0;41137.0;bus
26436;1;2;610136.link:16150;259494.link:75639;13373;918745;448394_17:51:00;630795.0;640310.0;bus
81310;1;4;174380.link:56057;531564.link:74549;373;230014;230014_17:29:00;26842.0;19488.0;bus
68238;1;4;61917.link:35395;668428.link:81139;22293;1149182;426040_17:28:00;248401.0;36038.0;bus
116905;1;4;174380.link:56057;531564.link:74549;373;230014;230014_17:29:00;26842.0;19488.0;bus
68092;1;8;106883.link:56858;344771.link:38500;23304;296562;1080884_17:54:00;240045.0;321224.0;bus
920;3;8;399963.link:37927;479467.link:70734;7195;81719;567948_17:58:00;42579.0;486154.0;rail
279443;5;14;26883.link:37515;56602.link:16914;966;9465;621934_17:47:00;411153.0;571950.0;bus
332146;4;5;77588.link:55679;508147.link:7348;24400;1246556;1719286_17:35:00;450847.0;403484.0;bus
103076;1;14;557401.link:54015;7750.link:41757;12526;889712;981916_17:45:00;6570.0;378316.0;bus
100250;2;7;442492.link:62263;574578.link:40433;14604;1185324;1102213_17:05:00;511594.0;377654.0;bus
34916;1;12;581508.link:54324;609932.link:13589;21480;915170;363699_17:44:00;51975.0;96974.0;bus
29176;1;4;437042.link:35396;131570.link:29717;22293;952366;285130_17:42:00;248401.0;111974.0;bus
132202;0;3;166480.link:61763;404582.link:17981;18695;603801;603801_17:45:00;545479.0;62301.0;bus
174940;1;16;106883.link:56858;488041.link:38504;23304;296562;1080884_17:54:00;240045.0;319123.0;bus
15252;3;8;106883.link:56858;488041.link:38504;23304;296562;1080884_17:54:00;240045.0;319123.0;bus
388175;0;1;69692.link:39870;508147.link:7348;24400;1246556;1719286_17:35:00;607814.0;403484.0;bus
176165;1;4;255506.link:57675;167010.link:6994;16784;348850;951331_17:36:00;369954.0;428970.0;bus
86518;1;12;578530.link:51226;604400.link:14392;14415;6896;220775_17:42:00;152110.0;485025.0;bus
50878;1;4;663005.link:51938;282356.link:22553;12701;1014337;1036860_17:47:00;509564.0;324836.0;bus
73751;1;4;431060.link:16905;292095.link:40285;3654;1236595;592937_17:50:00;601422.0;74433.0;bus
349834;3;6;448115.link:41113;383361.link:77252;12637;1014477;1209107_17:50:00;27464.0;666522.0;bus
240820;1;4;106883.link:56858;488041.link:38504;23304;296562;1080884_17:54:00;240045.0;319123.0;bus
273142;0;5;25218.link:61865;635139.link:25290;23106;57185;460463_17:33:00;501698.0;609285.0;bus
368934;1;12;132189.link:17140;349391.link:78443;24400;239653;259497_17:39:00;403484.0;624391.0;bus
259318;1;4;205692.link:24298;374122.link:6432;21536;96389;1173322_17:50:00;377344.0;180584.0;bus
67742;3;8;11220.link:24064;85592.link:27102;20417;222427;1135298_17:42:00;112413.0;538536.0;bus
268722;2;7;456851.link:68426;97826.link:40862;23106;996655;244315_17:33:00;201466.0;411474.0;bus
219082;1;8;572948.link:1330;408026.link:27573;3578;1501909;1172121_18:00:00;96974.0;315773.0;bus
142259;1;4;56614.link:14861;190714.link:64368;12533;939938;939938_17:54:00;510106.0;257564.0;bus
54880;3;8;629769.link:12501;662009.link:37849;16059;258178;697030_17:52:00;649912.0;96974.0;rail
118153;1;6;174380.link:56057;97826.link:40862;373;230014;230014_17:29:00;26842.0;411474.0;bus
299003;1;4;410636.link:8131;483646.link:73017;14914;618201;1208_17:53:00;224192.0;473203.0;bus
117812;1;6;174380.link:56057;97826.link:40862;373;230014;230014_17:29:00;26842.0;411474.0;bus
135339;1;6;458433.link:24695;181806.link:73428;966;9465;621934_17:47:00;413913.0;619060.0;bus
23772;2;15;572948.link:1330;174380.link:56057;12637;1014477;1209107_17:50:00;96974.0;26842.0;bus
106344;3;14;369013.link:14825;451340.link:59748;19170;233783;919522_17:40:00;560248.0;578286.0;bus
122302;3;14;174380.link:56057;97826.link:40862;373;230014;230014_17:29:00;26842.0;411474.0;bus
164668;2;3;439616.link:6529;412828.link:70502;4271;1140262;1254850_17:52:00;145154.0;430775.0;bus
58622;1;4;83.link:76141;38049.link:76458;7839;1480521;1470362_17:51:00;220682.0;95392.0;bus
378480;2;5;556527.link:54014;292161.link:30412;12743;1180575;1049662_17:29:00;6570.0;11977.0;bus
101919;1;6;174380.link:56057;97826.link:40862;373;230014;230014_17:29:00;26842.0;411474.0;bus
91487;0;1;174380.link:56057;97826.link:40862;373;230014;230014_17:29:00;26842.0;411474.0;bus
227367;1;8;431040.link:18092;174380.link:56057;12637;1014477;1209107_17:50:00;509793.0;26842.0;bus
80993;3;12;174380.link:56057;97826.link:40862;373;230014;230014_17:29:00;26842.0;411474.0;bus
89863;1;6;174380.link:56057;97826.link:40862;373;230014;230014_17:29:00;26842.0;411474.0;bus
257018;2;7;572948.link:1330;174380.link:56057;12637;1014477;1209107_17:50:00;96974.0;26842.0;bus
321041;3;16;458433.link:24695;367598.link:56070;966;9465;621934_17:47:00;413913.0;26842.0;bus
313188;0;1;220865.link:33131;97826.link:40862;373;230014;230014_17:29:00;549576.0;411474.0;bus
106496;1;8;458433.link:24695;181806.link:73428;966;9465;621934_17:47:00;413913.0;619060.0;bus
227567;2;7;572948.link:1330;174380.link:56057;12637;1014477;1209107_17:50:00;96974.0;26842.0;bus
433685;0;3;166480.link:61763;336569.link:80369;18695;603801;603801_17:45:00;545479.0;180086.0;bus
301195;3;10;174380.link:56057;97826.link:40862;373;230014;230014_17:29:00;26842.0;411474.0;bus
154861;2;5;1339.link:42050;5194.link:8795;1573;1476385;712588_17:55:00;41520.0;313163.0;bus
145461;3;16;174380.link:56057;97826.link:40862;373;230014;230014_17:29:00;26842.0;411474.0;bus
90484;1;6;174380.link:56057;97826.link:40862;373;230014;230014_17:29:00;26842.0;411474.0;bus
81403;1;6;174380.link:56057;97826.link:40862;373;230014;230014_17:29:00;26842.0;411474.0;bus
122294;1;8;174380.link:56057;97826.link:40862;373;230014;230014_17:29:00;26842.0;411474.0;bus
146896;1;10;174380.link:56057;97826.link:40862;373;230014;230014_17:29:00;26842.0;411474.0;bus
134225;0;5;410688.link:10330;1339.link:42050;5468;905927;411576_17:59:00;96974.0;41520.0;bus
112166;1;6;56558.link:12517;197854.link:15079;8390;1211691;1474838_17:53:00;377348.0;655169.0;bus
101295;1;8;227726.link:55840;32477.link:75166;18309;62695;62695_17:50:00;79241.0;364372.0;bus
126369;1;4;458433.link:24695;181806.link:73428;966;9465;621934_17:47:00;413913.0;619060.0;bus
157770;1;8;629970.link:37843;307730.link:27984;5503;1117701;211849_17:52:00;646696.0;417625.0;bus
93299;1;16;443516.link:52789;146639.link:29890;5773;1701556;1700013_17:59:00;185600.0;362509.0;bus
19693;3;6;445482.link:17285;14810.link:68697;18092;841381;1657149_17:55:00;324741.0;455158.0;bus
85057;3;8;458433.link:24695;181806.link:73428;966;9465;621934_17:47:00;413913.0;619060.0;bus
312997;3;10;420429.link:47870;136857.link:13589;14415;6896;220775_17:42:00;50190.0;96974.0;bus
358752;3;10;420429.link:47870;136857.link:13589;14415;6896;220775_17:42:00;50190.0;96974.0;bus
239412;3;4;381176.link:40729;261002.link:31608;7772;238072;238072_17:57:00;272045.0;189869.0;bus
159105;1;8;170724.link:69001;604219.link:34506;11988;762814;1132759_17:33:00;88902.0;96974.0;bus
121465;1;10;292095.link:40285;142629.link:29892;5773;1701556;1700013_17:59:00;74433.0;532129.0;bus
278066;1;4;420429.link:47870;136857.link:13589;14415;6896;220775_17:42:00;50190.0;96974.0;bus
402421;1;8;604400.link:14392;604219.link:34506;11988;762814;1132759_17:33:00;485025.0;96974.0;bus
82694;1;6;522117.link:48296;97826.link:40862;17075;1671088;654791_17:43:00;419235.0;411474.0;bus
279383;1;4;217917.link:12476;604219.link:34506;11988;762814;1132759_17:33:00;91217.0;96974.0;bus
151914;1;6;661174.link:68462;136857.link:13589;14415;6896;220775_17:42:00;165999.0;96974.0;bus
172034;1;4;52441.link:38909;236592.link:49851;16604;1688938;1645460_17:45:00;655169.0;463521.0;rail
246877;1;8;217917.link:12476;604219.link:34506;11988;762814;1132759_17:33:00;91217.0;96974.0;bus
101029;1;8;661174.link:68462;136857.link:13589;14415;6896;220775_17:42:00;165999.0;96974.0;bus
105345;1;6;217917.link:12476;604219.link:34506;11988;762814;1132759_17:33:00;91217.0;96974.0;bus
14162;3;10;618623.link:54684;261002.link:31608;7772;238072;238072_17:57:00;548561.0;189869.0;bus
141970;3;8;514565.link:14296;465897.link:65883;18688;683616;683616_17:54:00;485025.0;256208.0;bus
213284;1;6;301832.link:61866;483556.link:30544;23106;1288234;620207_17:53:00;501698.0;504931.0;bus
148201;3;16;209748.link:20417;503466.link:56231;18626;1181327;1199219_17:30:00;339182.0;547657.0;bus
83643;1;6;526251.link:42051;367598.link:56070;5409;40740;1023571_17:45:00;41520.0;26842.0;bus
71535;0;5;572948.link:1330;578266.link:39211;3578;1501909;1172121_18:00:00;96974.0;255668.0;bus
268050;1;4;186941.link:53447;108621.link:56818;23106;996655;244315_17:33:00;544870.0;240045.0;bus
332035;2;5;132189.link:17140;322730.link:78442;24400;239653;259497_17:39:00;403484.0;163408.0;bus
39958;0;3;148862.link:48740;281917.link:45144;15259;1220406;722934_17:55:00;384423.0;539093.0;bus
23642;1;8;435836.link:22133;615752.link:49168;7839;1160035;130192_17:55:00;96974.0;226748.0;bus
32634;3;8;618014.link:56449;555055.link:48411;23106;666145;454034_17:53:00;584454.0;222519.0;bus
315760;1;12;217917.link:12476;314100.link:53744;18688;683616;683616_17:54:00;91217.0;234841.0;bus
186058;1;4;552441.link:11507;217472.link:32989;5468;905927;411576_17:59:00;138454.0;552946.0;bus
82641;1;12;443516.link:52789;219847.link:54197;5773;1701556;1700013_17:59:00;185600.0;496190.0;bus
131532;3;10;162037.link:66392;575778.link:69591;3583;138538;990514_17:49:00;538556.0;96062.0;bus
165151;1;6;623665.link:14297;403449.link:47993;5185;712844;1267273_17:28:00;142702.0;334157.0;bus
101801;1;8;670049.link:45746;574578.link:40433;20417;222427;1135298_17:42:00;339609.0;377654.0;bus
305624;4;23;292095.link:40285;12480.link:31353;5773;1701556;1700013_17:59:00;74433.0;350978.0;bus
121148;1;8;227726.link:55840;365105.link:22032;18309;62695;62695_17:50:00;79241.0;176002.0;bus
66417;1;4;484637.link:68812;499961.link:58057;13668;1030855;1053761_17:44:00;626868.0;437353.0;bus
272985;1;14;227726.link:55840;365105.link:22032;18309;62695;62695_17:50:00;79241.0;176002.0;bus
280693;6;7;292095.link:40285;12480.link:31353;5773;1701556;1700013_17:59:00;74433.0;350978.0;bus
72500;1;4;577636.link:30175;277214.link:69591;18092;841381;1657149_17:55:00;339906.0;96062.0;bus
29417;3;6;475117.link:50064;217256.link:44339;12701;1243301;1243301_17:50:00;161413.0;368208.0;bus
85077;1;4;1339.link:42050;246877.link:70637;1573;1476385;712588_17:55:00;41520.0;648439.0;bus
104281;3;6;90054.link:61110;609932.link:13589;24325;465758;465758_17:00:00;273531.0;96974.0;bus
349781;0;1;514565.link:14296;74543.link:76018;18688;683616;683616_17:54:00;485025.0;351478.0;bus
220470;0;1;514565.link:14296;74543.link:76018;18688;683616;683616_17:54:00;485025.0;351478.0;bus
129852;1;4;595865.link:69580;246877.link:70637;1573;1476385;712588_17:55:00;578598.0;648439.0;bus
91351;1;12;477080.link:42860;85869.link:49025;7195;81719;567948_17:58:00;240045.0;195798.0;rail
51832;1;4;1645.link:15311;208089.link:40012;10853;696795;696795_17:45:00;121642.0;61333.0;bus
75197;3;8;674203.link:28310;609932.link:13589;24325;465758;465758_17:00:00;347803.0;96974.0;bus
78716;1;10;611413.link:72769;507710.link:59125;22781;1484165;715968_17:57:00;210166.0;36305.0;bus
10914;1;10;611413.link:72769;507710.link:59125;22781;1484165;715968_17:57:00;210166.0;36305.0;bus
357636;1;6;404582.link:17981;148862.link:48741;18695;603801;603801_17:45:00;62301.0;384423.0;bus
244066;2;9;174380.link:56057;147812.link:59273;373;230014;230014_17:29:00;26842.0;240045.0;bus
90094;3;10;174380.link:56057;147812.link:59273;373;230014;230014_17:29:00;26842.0;240045.0;bus
121836;1;8;174380.link:56057;147812.link:59273;373;230014;230014_17:29:00;26842.0;240045.0;bus
209072;1;6;434968.link:22860;147812.link:59273;373;230014;230014_17:29:00;429552.0;240045.0;bus
97528;1;6;174380.link:56057;147812.link:59273;373;230014;230014_17:29:00;26842.0;240045.0;bus
143179;1;6;185197.link:8939;147812.link:59273;373;230014;230014_17:29:00;603484.0;240045.0;bus
74729;1;2;450501.link:43537;148862.link:48741;22560;1621047;866536_18:08:00;577786.0;384423.0;bus
130646;3;10;53851.link:61582;15854.link:76675;3794;1432724;1122416_18:00:00;96974.0;111873.0;bus
82260;1;6;174380.link:56057;147812.link:59273;373;230014;230014_17:29:00;26842.0;240045.0;bus
97392;1;6;174380.link:56057;147812.link:59273;373;230014;230014_17:29:00;26842.0;240045.0;bus
148848;1;6;174380.link:56057;147812.link:59273;373;230014;230014_17:29:00;26842.0;240045.0;bus
403438;5;10;222569.link:46469;148862.link:48741;18695;603801;603801_17:45:00;641329.0;384423.0;bus
116058;1;4;174380.link:56057;147812.link:59273;373;230014;230014_17:29:00;26842.0;240045.0;bus
246925;5;32;159131.link:26976;662009.link:37849;10939;294701;835526_18:00:00;384423.0;96974.0;rail
81991;1;6;174380.link:56057;147812.link:59273;373;230014;230014_17:29:00;26842.0;240045.0;bus
286373;1;12;159131.link:26976;662009.link:37849;10939;294701;835526_18:00:00;384423.0;96974.0;rail
90905;1;8;174380.link:56057;147812.link:59273;373;230014;230014_17:29:00;26842.0;240045.0;bus
229052;3;12;438094.link:80021;148862.link:48741;18695;603801;603801_17:45:00;489278.0;384423.0;bus
397839;1;10;174380.link:56057;147812.link:59273;373;230014;230014_17:29:00;26842.0;240045.0;bus
321314;4;5;404582.link:17981;148862.link:48741;18695;603801;603801_17:45:00;62301.0;384423.0;bus
332024;1;6;132189.link:17140;430694.link:39882;24400;239653;259497_17:39:00;403484.0;37980.0;bus
116020;1;6;174380.link:56057;147812.link:59273;373;230014;230014_17:29:00;26842.0;240045.0;bus
242049;1;12;174380.link:56057;147812.link:59273;373;230014;230014_17:29:00;26842.0;240045.0;bus
311310;1;6;458433.link:24695;53851.link:72263;966;9465;621934_17:47:00;413913.0;96974.0;bus
82080;1;6;174380.link:56057;147812.link:59273;373;230014;230014_17:29:00;26842.0;240045.0;bus
211550;1;6;398058.link:48133;147812.link:59273;373;230014;230014_17:29:00;113539.0;240045.0;bus
121907;3;12;174380.link:56057;147812.link:59273;373;230014;230014_17:29:00;26842.0;240045.0;bus
54129;1;6;314100.link:53744;69884.link:47169;18688;683616;683616_17:54:00;234841.0;637280.0;bus
315279;3;6;1339.link:42050;431.link:64458;1573;1476385;712588_17:55:00;41520.0;264334.0;bus
120818;1;10;185197.link:8939;147812.link:59273;373;230014;230014_17:29:00;603484.0;240045.0;bus
70968;3;12;185197.link:8939;147812.link:59273;373;230014;230014_17:29:00;603484.0;240045.0;bus
90632;1;6;174380.link:56057;147812.link:59273;373;230014;230014_17:29:00;26842.0;240045.0;bus
81298;1;8;174380.link:56057;147812.link:59273;373;230014;230014_17:29:00;26842.0;240045.0;bus
100024;1;10;174380.link:56057;147812.link:59273;373;230014;230014_17:29:00;26842.0;240045.0;bus
213829;1;8;185197.link:8939;147812.link:59273;373;230014;230014_17:29:00;603484.0;240045.0;bus
82744;3;16;174380.link:56057;147812.link:59273;373;230014;230014_17:29:00;26842.0;240045.0;bus
126369;1;6;174380.link:56057;398058.link:48133;3654;523174;449667_18:05:00;26842.0;113539.0;bus
304399;1;6;174380.link:56057;147812.link:59273;373;230014;230014_17:29:00;26842.0;240045.0;bus
145838;5;22;460849.link:6117;290009.link:58679;23304;296562;1080884_17:54:00;523993.0;664587.0;bus
219016;3;10;53851.link:61582;15854.link:76675;3794;1432724;1122416_18:00:00;96974.0;111873.0;bus
126867;1;6;458433.link:24695;53851.link:72263;966;9465;621934_17:47:00;413913.0;96974.0;bus
92445;1;6;458433.link:24695;53851.link:72263;966;9465;621934_17:47:00;413913.0;96974.0;bus
277372;1;2;458433.link:24695;53851.link:72263;966;9465;621934_17:47:00;413913.0;96974.0;bus
129355;1;6;7750.link:41757;431060.link:16905;12526;889712;981916_17:45:00;378316.0;601422.0;bus
94561;1;12;565517.link:45335;568865.link:59661;10350;60802;60802_17:40:00;293924.0;206381.0;bus
74581;3;8;565517.link:45335;568865.link:59661;10350;60802;60802_17:40:00;293924.0;206381.0;bus
258544;1;6;35730.link:5130;254705.link:22606;24134;1425752;442707_17:28:00;193210.0;262138.0;bus
78421;0;1;417565.link:60454;82652.link:69252;5185;843437;280957_17:49:00;68216.0;187260.0;bus
162286;3;16;369013.link:14825;568865.link:59661;23536;137506;866462_17:38:00;560248.0;206381.0;bus
8217;3;6;565517.link:45335;568865.link:59661;10350;60802;60802_17:40:00;293924.0;206381.0;bus
2000;2;9;670049.link:45746;147812.link:59273;20417;222427;1135298_17:42:00;339609.0;240045.0;bus
181182;1;8;56361.link:56857;79170.link:32266;7883;1134964;1213303_17:54:00;240045.0;653405.0;bus
427976;1;8;455292.link:30833;147812.link:59273;20417;222427;1135298_17:42:00;506231.0;240045.0;bus
354989;2;15;565517.link:45335;606936.link:48550;10350;60802;60802_17:40:00;293924.0;22170.0;bus
283186;1;4;450501.link:43537;61857.link:14432;22560;1621047;866536_18:08:00;577786.0;225816.0;bus
58212;2;5;450501.link:43537;61857.link:14432;22560;1621047;866536_18:08:00;577786.0;225816.0;bus
74840;1;4;450501.link:43537;61857.link:14432;22560;1621047;866536_18:08:00;577786.0;225816.0;bus
132912;1;8;385812.link:69583;606936.link:48550;10350;60802;60802_17:40:00;88902.0;22170.0;bus
208269;3;4;437042.link:35396;142433.link:56815;22293;1617785;871654_18:02:00;248401.0;240045.0;bus
107868;1;8;148862.link:48741;61857.link:14432;22560;1621047;866536_18:08:00;384423.0;225816.0;bus
85529;6;17;148862.link:48741;61857.link:14432;22560;1621047;866536_18:08:00;384423.0;225816.0;bus
177742;3;16;90683.link:5059;602275.link:53030;3299;93476;356014_17:12:00;550394.0;240045.0;bus
132125;1;6;1339.link:42050;4350.link:69084;5468;905927;411576_17:59:00;41520.0;135122.0;bus
416581;3;12;339485.link:40070;507141.link:47130;12701;1243301;1243301_17:50:00;43544.0;461606.0;bus
273193;1;10;272065.link:70652;279975.link:10336;5409;40740;1023571_17:45:00;578598.0;96974.0;bus
58;1;2;197070.link:60651;602275.link:53030;3299;93476;356014_17:12:00;651472.0;240045.0;bus
13923;1;2;197070.link:60651;602275.link:53030;3299;93476;356014_17:12:00;651472.0;240045.0;bus
348502;5;14;284752.link:56994;271164.link:24691;10977;836938;919607_18:01:00;141548.0;442961.0;bus
305847;1;16;650692.link:81557;126593.link:45475;10853;696795;696795_17:45:00;240045.0;572234.0;bus
243047;1;2;361020.link:28775;602275.link:53030;3299;93476;356014_17:12:00;393496.0;240045.0;bus
157814;1;6;485896.link:30277;383361.link:77252;5503;204545;1642821_18:01:00;60344.0;666522.0;bus
123033;1;6;1339.link:42050;4350.link:69084;5468;905927;411576_17:59:00;41520.0;135122.0;bus
253935;1;4;450501.link:43537;61857.link:14432;22560;1621047;866536_18:08:00;577786.0;225816.0;bus
319583;1;4;275445.link:39198;348244.link:54330;19170;1622255;538914_18:03:00;337282.0;483239.0;bus
118118;1;4;606173.link:53409;602275.link:53030;3299;93476;356014_17:12:00;557425.0;240045.0;bus
16855;3;12;361020.link:28775;602275.link:53030;3299;93476;356014_17:12:00;393496.0;240045.0;bus
69606;2;3;395623.link:46070;472161.link:24952;12701;1014337;1036860_17:47:00;556842.0;352663.0;bus
355885;4;19;130572.link:14643;180275.link:77159;23536;137506;866462_17:38:00;539706.0;564417.0;bus
399875;1;6;110159.link:72050;471849.link:28500;11523;1641391;1641391_17:54:00;618524.0;384423.0;rail
36904;1;4;224082.link:63559;662199.link:4474;19170;593598;993776_18:09:00;447989.0;274413.0;bus
112166;1;8;23604.link:15081;640414.link:67588;24101;946715;946715_18:10:00;655169.0;179684.0;bus
76220;3;6;166480.link:61763;41712.link:6796;7839;1480521;1470362_17:51:00;545479.0;548653.0;bus
180279;1;8;292095.link:40285;59733.link:48392;5773;1701556;1700013_17:59:00;74433.0;578918.0;bus
184054;1;6;217917.link:12476;651634.link:15204;18688;683616;683616_17:54:00;91217.0;99212.0;bus
92121;1;14;136857.link:51223;651634.link:15204;18688;683616;683616_17:54:00;96974.0;99212.0;bus
309870;1;2;74543.link:76018;651634.link:15204;18688;683616;683616_17:54:00;351478.0;99212.0;bus
325402;1;2;304247.link:51134;26937.link:34409;20412;1549148;1549148_18:12:00;342712.0;208460.0;bus
257430;1;8;435836.link:22133;398674.link:14405;7839;1160035;130192_17:55:00;96974.0;395083.0;bus
92149;1;12;74543.link:76018;651634.link:15204;18688;683616;683616_17:54:00;351478.0;99212.0;bus
252933;3;4;74543.link:76018;651634.link:15204;18688;683616;683616_17:54:00;351478.0;99212.0;bus
190720;1;12;148862.link:48741;83015.link:20756;22560;1621047;866536_18:08:00;384423.0;503138.0;bus
103416;1;10;217917.link:12476;651634.link:15204;18688;683616;683616_17:54:00;91217.0;99212.0;bus
77610;1;4;386421.link:48011;26937.link:34409;20412;1549148;1549148_18:12:00;98941.0;208460.0;bus
148201;3;18;503466.link:56231;95048.link:15804;7883;563541;312352_18:13:00;547657.0;320850.0;bus
277372;1;4;575778.link:69591;220865.link:33131;2984;1330703;1324142_18:12:00;96062.0;549576.0;bus
332578;2;7;382281.link:5379;203929.link:5129;5185;843437;280957_17:49:00;238847.0;308684.0;bus
273615;1;14;136398.link:28292;148033.link:9383;21991;1288999;1355995_18:08:00;185600.0;520392.0;rail
300083;1;4;301832.link:61866;531564.link:74549;23106;1288234;620207_17:53:00;501698.0;19488.0;bus
89863;1;8;497590.link:40861;635458.link:52595;10278;546534;1330100_18:10:00;411474.0;55150.0;bus
68067;1;2;147812.link:56813;397053.link:28890;20417;1683027;1042665_18:13:00;240045.0;320286.0;bus
109235;1;4;1339.link:42050;67516.link:59298;1573;1476385;712588_17:55:00;41520.0;592994.0;bus
71133;6;7;36328.link:61344;98408.link:13040;7883;1134964;1213303_17:54:00;260688.0;655937.0;bus
218812;3;14;174380.link:56057;461511.link:68767;3654;523174;449667_18:05:00;26842.0;619329.0;bus
248913;3;6;1339.link:42050;216918.link:73392;5468;905927;411576_17:59:00;41520.0;266285.0;bus
117812;1;8;497590.link:40861;635458.link:52595;10278;546534;1330100_18:10:00;411474.0;55150.0;bus
242587;0;3;142101.link:61358;98408.link:13040;7883;1134964;1213303_17:54:00;598422.0;655937.0;bus
297843;1;2;106883.link:56857;579762.link:40432;14604;1404386;622822_18:14:00;240045.0;377654.0;bus
118153;1;8;497590.link:40861;635458.link:52595;10278;546534;1330100_18:10:00;411474.0;55150.0;bus
116932;1;10;443516.link:52789;186941.link:53447;5773;1701556;1700013_17:59:00;185600.0;544870.0;bus
105345;1;8;662009.link:32522;451543.link:pt_451543;16059;662596;700835_18:14:00;96974.0;480693.0;rail
81403;1;8;497590.link:40861;61917.link:35395;10278;546534;1330100_18:10:00;411474.0;248401.0;bus
81952;2;3;142629.link:29892;186941.link:53447;5773;1701556;1700013_17:59:00;532129.0;544870.0;bus
119396;2;7;443516.link:52789;186941.link:53447;5773;1701556;1700013_17:59:00;185600.0;544870.0;bus
160250;3;10;281917.link:45144;365736.link:67510;15259;1220406;722934_17:55:00;539093.0;593923.0;bus
402421;1;10;662009.link:32522;451543.link:pt_451543;16059;662596;700835_18:14:00;96974.0;480693.0;rail
86251;1;6;443516.link:52789;186941.link:53447;5773;1701556;1700013_17:59:00;185600.0;544870.0;bus
159468;4;5;127772.link:79568;365736.link:67510;15259;1220406;722934_17:55:00;422816.0;593923.0;bus
298073;1;6;219847.link:54197;186941.link:53447;5773;1701556;1700013_17:59:00;496190.0;544870.0;bus
91486;1;6;191619.link:15731;471849.link:28500;12862;1119543;631291_18:08:00;96974.0;384423.0;rail
148545;1;8;56361.link:56857;290494.link:71131;7883;1134964;1213303_17:54:00;240045.0;368764.0;bus
118548;3;14;130572.link:14643;45335.link:57276;23536;137506;866462_17:38:00;539706.0;366131.0;bus
85464;3;12;191619.link:15731;471849.link:28500;12862;1119543;631291_18:08:00;96974.0;384423.0;rail
82546;3;10;191619.link:15731;471849.link:28500;12862;1119543;631291_18:08:00;96974.0;384423.0;rail
159105;1;10;191619.link:15731;471849.link:28500;12862;1119543;631291_18:08:00;96974.0;384423.0;rail
132852;1;4;593729.link:46548;170724.link:69001;3794;1343297;47105_18:12:00;93016.0;88902.0;bus
179091;1;8;56361.link:56857;290494.link:71131;7883;1134964;1213303_17:54:00;240045.0;368764.0;bus
82985;1;12;160607.link:48741;474259.link:60507;10278;1014075;617673_18:05:00;384423.0;266462.0;bus
93976;1;10;191619.link:15731;471849.link:28500;12862;1119543;631291_18:08:00;96974.0;384423.0;rail
109678;1;12;191619.link:15731;471849.link:28500;12862;1119543;631291_18:08:00;96974.0;384423.0;rail
57238;4;11;314100.link:53744;664538.link:35537;18688;683616;683616_17:54:00;234841.0;77950.0;bus
131259;1;12;191619.link:15731;471849.link:28500;12862;1119543;631291_18:08:00;96974.0;384423.0;rail
214549;1;6;191619.link:15731;471849.link:28500;12862;1119543;631291_18:08:00;96974.0;384423.0;rail
108905;1;8;562395.link:67866;174588.link:39795;10350;60802;60802_17:40:00;168613.0;327757.0;bus
319707;1;4;451977.link:30705;45335.link:57276;23536;137506;866462_17:38:00;615173.0;366131.0;bus
107613;1;10;191619.link:15731;471849.link:28500;12862;1119543;631291_18:08:00;96974.0;384423.0;rail
130738;1;10;191619.link:15731;471849.link:28500;12862;1119543;631291_18:08:00;96974.0;384423.0;rail
7407;1;10;191619.link:15731;471849.link:28500;12862;1119543;631291_18:08:00;96974.0;384423.0;rail
82945;1;10;160607.link:48741;474259.link:60507;10278;1014075;617673_18:05:00;384423.0;266462.0;bus
246877;1;10;191619.link:15731;471849.link:28500;12862;1119543;631291_18:08:00;96974.0;384423.0;rail
94763;1;12;191619.link:15731;471849.link:28500;12862;1119543;631291_18:08:00;96974.0;384423.0;rail
228171;2;7;191619.link:15731;471849.link:28500;12862;1119543;631291_18:08:00;96974.0;384423.0;rail
109669;4;27;626591.link:60893;510850.link:10815;18695;1624474;1624474_18:12:00;384423.0;62301.0;bus
259814;1;2;41162.link:49389;633332.link:26631;21536;1719125;1719125_17:50:00;671895.0;187688.0;bus
103510;1;8;593729.link:46548;217917.link:12476;3794;1343297;47105_18:12:00;93016.0;91217.0;bus
100738;1;12;36328.link:61344;73357.link:71141;7883;1134964;1213303_17:54:00;260688.0;565436.0;bus
298166;0;1;437042.link:35396;399103.link:14810;22293;1617785;871654_18:02:00;248401.0;628422.0;bus
372498;1;10;477080.link:42860;399963.link:37927;7195;81719;375982_18:18:00;240045.0;42579.0;rail
125439;1;8;575778.link:69591;143123.link:53399;2984;1330703;1324142_18:12:00;96062.0;48879.0;bus
103416;1;12;86173.link:15203;387102.link:18918;12907;1342085;739710_18:08:00;99212.0;425956.0;bus
58952;2;3;275445.link:39198;235859.link:28700;12526;889712;981916_17:45:00;337282.0;283477.0;bus
191626;3;10;127772.link:79568;370025.link:11403;15259;1220406;722934_17:55:00;422816.0;568853.0;bus
189611;4;17;594887.link:52633;237365.link:78757;18874;838869;523900_18:02:00;586561.0;351478.0;bus
422247;2;5;626591.link:60893;364110.link:77984;10278;279608;279608_18:08:00;384423.0;396030.0;bus
32371;3;10;572907.link:44317;600782.link:44311;20612;92588;945185_17:56:00;352212.0;589889.0;bus
101881;0;5;626591.link:60893;364110.link:77984;10278;279608;279608_18:08:00;384423.0;396030.0;bus
151339;1;8;628441.link:5324;572948.link:1329;3578;627819;983597_18:10:00;486173.0;96974.0;bus
109397;2;5;1339.link:42050;30107.link:22118;1573;1476385;712588_17:55:00;41520.0;535687.0;bus
7326;1;4;626591.link:60893;364110.link:77984;10278;279608;279608_18:08:00;384423.0;396030.0;bus
269456;1;12;53746.link:63057;302031.link:39648;10853;696795;696795_17:45:00;125808.0;276656.0;bus
83643;1;8;367598.link:56070;572948.link:1329;3578;627819;983597_18:10:00;26842.0;96974.0;bus
270522;0;3;31045.link:56813;69468.link:76354;10278;546534;1330100_18:10:00;240045.0;284116.0;bus
146896;1;12;497590.link:40861;69468.link:76354;10278;546534;1330100_18:10:00;411474.0;284116.0;bus
125513;1;4;170724.link:69001;117051.link:76668;3794;1343297;47105_18:12:00;88902.0;555177.0;bus
30186;1;2;353762.link:37043;392073.link:25883;24492;105650;605345_17:33:00;593530.0;411613.0;bus
90484;1;8;497590.link:40861;69468.link:76354;10278;546534;1330100_18:10:00;411474.0;284116.0;bus
130486;3;22;367598.link:56070;572948.link:1329;3578;627819;983597_18:10:00;26842.0;96974.0;bus
70629;3;12;610735.link:77515;125259.link:23647;20612;330889;792316_18:02:00;352212.0;103883.0;bus
91155;3;12;344771.link:38500;125259.link:23647;20612;330889;792316_18:02:00;321224.0;103883.0;bus
366030;3;6;304247.link:51134;275347.link:15987;20412;1549148;1549148_18:12:00;342712.0;193.0;bus
184054;1;8;86173.link:15203;50561.link:42920;12907;1342085;739710_18:08:00;99212.0;386767.0;bus
83304;1;8;562395.link:67866;270219.link:51861;10350;60802;60802_17:40:00;168613.0;10361.0;bus
34916;1;14;609932.link:22133;124920.link:33649;1573;892082;892082_18:15:00;96974.0;541588.0;bus
163586;3;10;398674.link:14404;190693.link:71958;7839;1480521;1470362_17:51:00;395083.0;416475.0;bus
79173;1;4;304247.link:51134;275347.link:15987;20412;1549148;1549148_18:12:00;342712.0;193.0;bus
337354;4;13;531722.link:56414;164416.link:29215;22293;1617785;871654_18:02:00;181821.0;642971.0;bus
374413;5;12;526277.link:13529;618623.link:54685;3299;93476;1357570_18:12:00;467143.0;548561.0;bus
420249;1;4;610735.link:77515;125259.link:23647;20612;330889;792316_18:02:00;352212.0;103883.0;bus
145424;1;6;437042.link:35396;164416.link:29215;22293;1617785;871654_18:02:00;248401.0;642971.0;bus
43951;1;2;161359.link:10162;122624.link:8410;4271;1140262;1254850_17:52:00;495714.0;624474.0;bus
290668;1;6;203929.link:5129;652669.link:2580;5185;843437;280957_17:49:00;308684.0;576344.0;bus
146871;3;10;69468.link:76354;609002.link:56505;10278;546534;1330100_18:10:00;284116.0;648007.0;bus
208269;3;6;477080.link:42860;479467.link:70734;7195;81719;375982_18:18:00;240045.0;486154.0;rail
306038;0;7;246924.link:42622;466411.link:7327;10853;696795;696795_17:45:00;477969.0;189237.0;bus
241699;2;9;637917.link:60771;450107.link:53406;3299;1374432;700804_18:13:00;166097.0;557425.0;bus
328740;1;2;161359.link:10162;122624.link:8410;4271;1140262;1254850_17:52:00;495714.0;624474.0;bus
343879;1;8;607177.link:78251;567509.link:21660;14604;1185324;1701928_18:05:00;362925.0;407854.0;bus
98233;3;8;419256.link:11422;169975.link:20900;20612;330889;792316_18:02:00;84755.0;651472.0;bus
301195;3;12;497590.link:40861;609002.link:56505;10278;546534;1330100_18:10:00;411474.0;648007.0;bus
289361;1;6;357088.link:41025;674159.link:33444;8390;1211691;1474838_17:53:00;300257.0;385007.0;bus
60661;1;4;615752.link:49168;518990.link:5312;7839;1160035;130192_17:55:00;226748.0;281940.0;bus
309870;1;4;86173.link:15203;262236.link:21894;12907;1342085;739710_18:08:00;99212.0;276455.0;bus
81199;1;6;365848.link:56450;108621.link:56818;23106;1288234;620207_17:53:00;584454.0;240045.0;bus
159571;2;3;101206.link:4812;626591.link:60894;15259;1220406;722934_17:55:00;186346.0;384423.0;bus
369221;0;7;507710.link:59125;489446.link:81713;22781;1484165;715968_17:57:00;36305.0;38137.0;bus
244562;1;14;635139.link:25290;108621.link:56818;23106;1288234;620207_17:53:00;609285.0;240045.0;bus
243082;1;6;147812.link:56813;328923.link:15428;14820;1167223;1167223_18:13:00;240045.0;187028.0;bus
396190;0;5;157324.link:15495;631547.link:25881;5773;1701556;1700013_17:59:00;41137.0;131324.0;bus
92121;1;16;86173.link:15203;333997.link:42709;12907;1342085;739710_18:08:00;99212.0;337066.0;bus
155708;6;9;274427.link:56986;550946.link:6124;5409;40740;1708586_18:15:00;496564.0;323161.0;bus
177587;1;12;635139.link:25290;108621.link:56818;23106;1288234;620207_17:53:00;609285.0;240045.0;bus
259153;1;4;180543.link:77801;615331.link:912;21536;1719125;1719125_17:50:00;646015.0;590788.0;bus
145461;3;18;497590.link:40861;230654.link:14036;17075;574539;1229062_18:14:00;411474.0;288417.0;bus
104411;1;4;174380.link:56057;209708.link:72868;22704;181783;496525_18:15:00;26842.0;506935.0;bus
80993;3;14;497590.link:40861;230654.link:14036;17075;574539;1229062_18:14:00;411474.0;288417.0;bus
313188;0;3;497590.link:40861;230654.link:14036;17075;574539;1229062_18:14:00;411474.0;288417.0;bus
152836;1;8;571090.link:10102;344571.link:6227;12526;341182;1651225_17:57:00;157124.0;457764.0;bus
128499;1;6;462215.link:pt_462215;662009.link:37849;16059;258178;123778_18:12:00;480693.0;96974.0;rail
100093;3;10;437042.link:35396;120060.link:15713;22293;1617785;871654_18:02:00;248401.0;125808.0;bus
229730;2;3;525433.link:51451;23604.link:15080;4271;1140262;1254850_17:52:00;396029.0;655169.0;bus
196238;0;1;623361.link:62621;23604.link:15080;4271;1140262;1254850_17:52:00;277461.0;655169.0;bus
42566;2;11;527804.link:37382;23604.link:15080;4271;1140262;1254850_17:52:00;218635.0;655169.0;bus
207716;1;6;452220.link:14575;143091.link:56819;14914;618201;1208_17:53:00;301018.0;240045.0;bus
231238;1;4;355819.link:6559;461813.link:6576;21536;1719125;1719125_17:50:00;576012.0;482918.0;bus
328899;0;1;412828.link:70502;23604.link:15080;4271;1140262;1254850_17:52:00;430775.0;655169.0;bus
95469;0;5;341545.link:13373;461813.link:6576;21536;1719125;1719125_17:50:00;557364.0;482918.0;bus
148258;1;8;458446.link:37928;477080.link:42859;7195;774173;572434_18:10:00;42579.0;240045.0;rail
102868;3;6;181443.link:42072;344571.link:6227;12526;341182;1651225_17:57:00;154159.0;457764.0;bus
68489;1;4;458446.link:37928;477080.link:42859;7195;774173;572434_18:10:00;42579.0;240045.0;rail
275609;1;2;181443.link:42072;344571.link:6227;12526;341182;1651225_17:57:00;154159.0;457764.0;bus
443465;3;8;161359.link:10162;23604.link:15080;4271;1140262;1254850_17:52:00;495714.0;655169.0;bus
304399;1;8;602275.link:53031;166461.link:5056;3299;1374432;700804_18:13:00;240045.0;550394.0;bus
80331;1;6;458446.link:37928;477080.link:42859;7195;774173;572434_18:10:00;42579.0;240045.0;rail
103830;3;8;462215.link:pt_462215;662009.link:37849;16059;258178;123778_18:12:00;480693.0;96974.0;rail
204246;1;8;406280.link:54742;670756.link:80905;24101;946715;946715_18:10:00;493871.0;440091.0;bus
145129;1;4;479467.link:70733;477080.link:42859;7195;774173;572434_18:10:00;486154.0;240045.0;rail
131532;3;12;360448.link:67145;307730.link:27984;5503;1117701;1513724_18:12:00;96974.0;417625.0;bus
177239;6;9;609002.link:56505;469740.link:32517;10278;546534;1330100_18:10:00;648007.0;120778.0;bus
311310;1;8;277214.link:69591;590143.link:22893;18092;200082;847975_18:12:00;96062.0;38250.0;bus
92445;1;8;277214.link:69591;590143.link:22893;18092;200082;847975_18:12:00;96062.0;38250.0;bus
240440;1;4;427299.link:64054;167010.link:6994;24492;105650;605345_17:33:00;480503.0;428970.0;bus
187212;1;4;174380.link:56057;467625.link:1337;1573;892082;892082_18:15:00;26842.0;317889.0;bus
183428;3;6;395777.link:1585;659607.link:51862;18874;446460;37620_18:14:00;100649.0;10361.0;bus
166861;3;8;161359.link:10162;505687.link:16010;4271;1140262;1254850_17:52:00;495714.0;420643.0;bus
179577;1;16;602275.link:53031;589222.link:1860;3299;1374432;700804_18:13:00;240045.0;103883.0;bus
23676;1;8;615752.link:49168;347902.link:61435;7839;1160035;130192_17:55:00;226748.0;41075.0;bus
250986;3;10;461511.link:68767;590143.link:22893;18092;200082;847975_18:12:00;619329.0;38250.0;bus
376683;3;14;503466.link:56231;144352.link:31875;7883;563541;312352_18:13:00;547657.0;615284.0;bus
117238;1;4;142629.link:29892;262363.link:37919;5773;1701556;1700013_17:59:00;532129.0;67207.0;bus
255207;3;18;431060.link:16905;362726.link:24590;19170;233783;862601_18:20:00;601422.0;171387.0;bus
277361;2;5;174380.link:56057;375019.link:54404;1573;892082;892082_18:15:00;26842.0;243828.0;bus
91836;1;8;562395.link:67866;39456.link:73607;10350;60802;60802_17:40:00;168613.0;582818.0;bus
157130;3;6;292095.link:40285;509794.link:60663;7725;1690580;1284548_18:17:00;74433.0;146476.0;bus
81829;1;8;579762.link:40432;280658.link:55226;20417;1683027;1042665_18:13:00;377654.0;81231.0;bus
128867;1;4;217917.link:12476;53851.link:72263;3794;1343297;47105_18:12:00;91217.0;96974.0;bus
73056;1;6;13000.link:59749;581508.link:54324;19170;593598;993776_18:09:00;578286.0;51975.0;bus
63839;2;5;321835.link:23115;366532.link:24561;4271;1140262;1254850_17:52:00;624332.0;364587.0;bus
433685;0;5;453977.link:69905;275062.link:26987;10278;279608;279608_18:08:00;180086.0;461746.0;bus
122528;3;14;474259.link:60507;14928.link:70219;10278;1014075;617673_18:05:00;266462.0;36053.0;bus
152836;1;10;344571.link:28562;175804.link:56354;12526;889712;555004_18:25:00;457764.0;628138.0;bus
340617;0;3;391841.link:25005;541639.link:56228;7883;1134964;1213303_17:54:00;320850.0;547657.0;bus
158728;1;12;148862.link:48741;404017.link:49925;22560;1621047;866536_18:08:00;384423.0;21775.0;bus
10914;1;12;68703.link:67423;52441.link:9454;7922;277496;1060361_18:20:00;36305.0;655169.0;rail
40383;1;6;83.link:76141;9641.link:49135;7839;1480521;1470362_17:51:00;220682.0;226748.0;bus
102434;1;4;166480.link:61763;9641.link:49135;7839;1480521;1470362_17:51:00;545479.0;226748.0;bus
179924;2;3;353762.link:37043;374497.link:56811;24492;105650;605345_17:33:00;593530.0;240045.0;bus
326240;1;6;203929.link:5129;434896.link:55124;5185;843437;280957_17:49:00;308684.0;209819.0;bus
14904;4;13;497590.link:40861;492685.link:47479;10278;546534;1330100_18:10:00;411474.0;243285.0;bus
280482;1;4;342731.link:5205;358836.link:7463;3654;523174;449667_18:05:00;33445.0;594422.0;bus
106496;1;10;174380.link:56057;358836.link:7463;3654;523174;449667_18:05:00;26842.0;594422.0;bus
267218;1;6;353762.link:37043;374497.link:56811;24492;105650;605345_17:33:00;593530.0;240045.0;bus
101919;1;8;497590.link:40861;205795.link:6877;17075;574539;1229062_18:14:00;411474.0;323659.0;bus
257370;3;8;38049.link:76458;9641.link:49135;7839;1480521;1470362_17:51:00;95392.0;226748.0;bus
223260;2;3;485896.link:30277;360448.link:34513;5503;204545;1252337_18:11:00;60344.0;96974.0;bus
78716;1;12;68703.link:67423;52441.link:9454;7922;277496;1060361_18:20:00;36305.0;655169.0;rail
91276;3;4;635139.link:25290;485896.link:30277;5503;204545;1482922_18:21:00;609285.0;60344.0;bus
86827;1;8;334050.link:61682;360448.link:34513;5503;204545;1252337_18:11:00;263804.0;96974.0;bus
92149;1;14;86173.link:15203;227695.link:60608;12907;1342085;739710_18:08:00;99212.0;525746.0;bus
201955;2;3;275347.link:15987;432573.link:42890;20412;1549148;1549148_18:12:00;193.0;270758.0;bus
364531;1;2;381402.link:55116;60334.link:16378;22781;277292;1102233_18:06:00;253317.0;107089.0;bus
84633;3;12;187458.link:51184;191619.link:15731;2556;801525;801525_18:16:00;417625.0;96974.0;rail
256584;1;4;553261.link:20948;142503.link:52634;18688;683616;683616_17:54:00;533743.0;586561.0;bus
91487;0;3;497590.link:40861;96435.link:6885;17075;574539;1229062_18:14:00;411474.0;326494.0;bus
126149;4;13;444375.link:9221;191619.link:15731;2556;801525;801525_18:16:00;520392.0;96974.0;rail
112738;1;8;32251.link:52378;507710.link:67422;16604;35066;35066_18:15:00;463521.0;36305.0;rail
118221;3;16;170724.link:69001;263861.link:54325;21480;987021;1384568_18:06:00;88902.0;51975.0;bus
30650;3;10;239506.link:40844;166043.link:60498;14604;1404386;622822_18:14:00;269868.0;586798.0;bus
122302;3;16;497590.link:40861;96435.link:6885;17075;574539;1229062_18:14:00;411474.0;326494.0;bus
284920;1;4;427170.link:64258;130572.link:14643;12526;889712;1316148_18:05:00;379758.0;539706.0;bus
388175;0;3;132189.link:17140;110514.link:6585;21536;138220;435274_18:20:00;403484.0;590788.0;bus
104281;3;8;271923.link:12230;615752.link:49168;9289;1673844;644526_18:15:00;96974.0;226748.0;bus
121913;2;11;292095.link:40285;627970.link:14964;5773;1701556;1700013_17:59:00;74433.0;240045.0;bus
157815;0;1;356846.link:29890;627970.link:14964;5773;1701556;1700013_17:59:00;40782.0;240045.0;bus
101527;1;8;301832.link:61866;175917.link:43827;23106;996655;1298055_18:13:00;501698.0;124343.0;bus
212459;2;5;443516.link:52789;627970.link:14964;5773;1701556;1700013_17:59:00;185600.0;240045.0;bus
254666;1;8;128120.link:36757;117201.link:76457;7839;1160035;130192_17:55:00;508585.0;95392.0;bus
272238;1;6;146639.link:29890;627970.link:14964;5773;1701556;1700013_17:59:00;362509.0;240045.0;bus
54129;1;8;69884.link:47169;429333.link:51996;18874;838869;523900_18:02:00;637280.0;367059.0;bus
197463;1;6;205692.link:24298;110514.link:6585;21536;138220;435274_18:20:00;377344.0;590788.0;bus
121907;3;14;477080.link:42860;85869.link:49025;7195;81719;375982_18:18:00;240045.0;195798.0;rail
148201;3;20;391841.link:25005;540050.link:59318;9292;855902;855902_17:55:00;320850.0;547347.0;bus
180843;1;10;301832.link:61866;175917.link:43827;23106;996655;1298055_18:13:00;501698.0;124343.0;bus
178694;1;10;292095.link:40285;627970.link:14964;5773;1701556;1700013_17:59:00;74433.0;240045.0;bus
217300;4;9;89179.link:42919;661879.link:71517;12907;1706634;637052_18:10:00;386767.0;169742.0;bus
77796;1;4;199449.link:45209;72504.link:66200;8390;1211691;1241556_18:23:00;503678.0;493871.0;bus
85986;4;17;119516.link:21893;661879.link:71517;12907;1706634;637052_18:10:00;276455.0;169742.0;bus
268722;2;9;497590.link:40861;647143.link:36733;17075;574539;1229062_18:14:00;411474.0;336100.0;bus
209640;1;16;160607.link:48741;485888.link:47478;10278;1014075;617673_18:05:00;384423.0;243285.0;bus
233429;3;4;307001.link:57698;72504.link:66200;13676;1154013;1654028_18:25:00;21898.0;493871.0;bus
135339;1;8;174380.link:56057;133385.link:49126;1573;892082;892082_18:15:00;26842.0;661913.0;bus
286373;1;14;572948.link:59411;174380.link:56057;21108;1192653;361035_18:30:00;96974.0;26842.0;bus
68932;3;10;395254.link:59547;583211.link:64512;20612;92588;945185_17:56:00;509564.0;42579.0;bus
86827;1;10;572948.link:59411;174380.link:56057;21108;1192653;361035_18:30:00;96974.0;26842.0;bus
122294;1;10;497590.link:40861;647143.link:36733;17075;574539;1229062_18:14:00;411474.0;336100.0;bus
39990;1;4;443641.link:4915;562466.link:45854;18695;1624474;1624474_18:12:00;611135.0;177342.0;bus
246342;3;18;497590.link:40861;253389.link:43941;17075;574539;1229062_18:14:00;411474.0;338841.0;bus
82694;1;8;497590.link:40861;94924.link:70842;23106;57185;749636_18:13:00;411474.0;507793.0;bus
133876;3;6;511567.link:20657;292507.link:14476;18874;446460;37620_18:14:00;224889.0;380925.0;bus
157770;1;10;168132.link:22317;93976.link:28291;21991;1707385;1684067_18:24:00;417625.0;185600.0;rail
328479;2;5;196016.link:56529;416817.link:59658;22781;277292;1102233_18:06:00;188440.0;532736.0;bus
132137;1;8;435836.link:22133;181649.link:20785;7839;1160035;130192_17:55:00;96974.0;19704.0;bus
195839;1;6;227716.link:24297;508147.link:7348;21536;1719125;1719125_17:50:00;377344.0;403484.0;bus
221721;1;6;342731.link:5205;330816.link:67802;3654;523174;449667_18:05:00;33445.0;526672.0;bus
214386;1;6;87272.link:67511;420608.link:32516;10278;1014075;617673_18:05:00;593923.0;120778.0;bus
108212;3;8;263861.link:54325;388125.link:15502;21480;987021;1384568_18:06:00;51975.0;552925.0;bus
120637;3;10;488041.link:38504;507141.link:47130;20612;330889;792316_18:02:00;319123.0;461606.0;bus
58622;1;6;117201.link:76457;181649.link:20785;7839;1160035;130192_17:55:00;95392.0;19704.0;bus
254312;1;4;168343.link:11400;87272.link:67511;15259;240682;1523295_18:26:00;568853.0;593923.0;bus
157814;1;8;106632.link:77253;388125.link:15502;21480;987021;1384568_18:06:00;666522.0;552925.0;bus
159105;1;12;626591.link:60893;87272.link:67511;15259;240682;1523295_18:26:00;384423.0;593923.0;bus
130738;1;12;626591.link:60893;87272.link:67511;15259;240682;1523295_18:26:00;384423.0;593923.0;bus
221434;3;10;181758.link:38921;13410.link:40286;3654;523174;449667_18:05:00;309803.0;74433.0;bus
269191;1;8;358836.link:7463;13410.link:40286;3654;523174;449667_18:05:00;594422.0;74433.0;bus
149071;2;9;145941.link:71231;13410.link:40286;3654;523174;449667_18:05:00;463964.0;74433.0;bus
429864;2;5;205669.link:74749;13410.link:40286;3654;523174;449667_18:05:00;252486.0;74433.0;bus
246925;5;34;410688.link:10330;552441.link:11507;5468;905927;1418412_18:29:00;96974.0;138454.0;bus
94278;2;11;170724.link:69001;585269.link:9535;21480;987021;1384568_18:06:00;88902.0;309005.0;bus
129385;1;8;174380.link:56057;205669.link:74749;3654;523174;449667_18:05:00;26842.0;252486.0;bus
340771;1;4;183110.link:45617;263407.link:45590;9292;855902;855902_17:55:00;91713.0;156271.0;bus
210503;2;9;147812.link:56813;282505.link:2433;20417;1683027;1042665_18:13:00;240045.0;125049.0;bus
36705;2;3;651491.link:7447;13410.link:40286;3654;523174;449667_18:05:00;155273.0;74433.0;bus
81103;1;6;358836.link:7463;13410.link:40286;3654;523174;449667_18:05:00;594422.0;74433.0;bus
84829;1;6;174380.link:56057;13410.link:40286;3654;523174;449667_18:05:00;26842.0;74433.0;bus
314129;1;4;413346.link:7226;205669.link:74749;3654;523174;449667_18:05:00;162454.0;252486.0;bus
54880;3;10;410688.link:10330;595865.link:69580;5468;905927;1418412_18:29:00;96974.0;578598.0;bus
23431;2;3;454730.link:47076;189718.link:36338;9289;1137759;246848_18:19:00;234165.0;514801.0;bus
85057;3;10;174380.link:56057;417177.link:81808;1573;892082;892082_18:15:00;26842.0;11053.0;bus
284973;1;6;240701.link:60793;348244.link:54330;19170;233783;862601_18:20:00;610144.0;483239.0;bus
82080;1;8;147812.link:56813;629393.link:5573;20417;1683027;1042665_18:13:00;240045.0;441417.0;bus
162275;1;6;629179.link:77159;310111.link:12285;23536;586760;703566_18:20:00;564417.0;560248.0;bus
290501;2;7;404439.link:61994;197854.link:15079;8390;1211691;1241556_18:23:00;542439.0;655169.0;bus
117966;1;10;235391.link:13699;456851.link:68426;23106;996655;1298055_18:13:00;399519.0;201466.0;bus
59190;4;13;568865.link:59661;310111.link:12285;23536;586760;703566_18:20:00;206381.0;560248.0;bus
291891;2;7;623665.link:14297;287641.link:16009;5185;1528380;1528380_18:28:00;142702.0;421281.0;bus
79361;1;6;196016.link:56529;507710.link:59125;22781;277292;1102233_18:06:00;188440.0;36305.0;bus
273193;1;12;360448.link:67145;307730.link:27984;5503;1117701;1080895_18:22:00;96974.0;417625.0;bus
102371;3;16;174380.link:56057;418913.link:25098;24325;70554;1591254_17:40:00;26842.0;453189.0;bus
253754;1;4;626591.link:60893;480832.link:4813;15259;240682;1523295_18:26:00;384423.0;186346.0;bus
215680;1;10;466366.link:45867;540652.link:32711;18695;1624474;1624474_18:12:00;356138.0;545479.0;bus
196795;1;6;285691.link:65539;623665.link:14297;22781;1484165;715968_17:57:00;371725.0;142702.0;bus
207716;1;8;147812.link:56813;618014.link:56449;373;1182068;1307200_18:30:00;240045.0;584454.0;bus
97528;1;8;147812.link:56813;63882.link:8744;14820;1167223;1167223_18:13:00;240045.0;322469.0;bus
122920;1;8;577636.link:30175;586600.link:13589;3654;1236595;592937_17:50:00;339906.0;96974.0;bus
273142;0;7;444375.link:9221;471849.link:28500;2556;801525;801525_18:16:00;520392.0;384423.0;rail
97976;3;10;575489.link:74249;650692.link:81557;20612;92588;945185_17:56:00;523239.0;240045.0;bus
130486;3;24;191619.link:15731;471849.link:28500;2556;801525;801525_18:16:00;96974.0;384423.0;rail
151339;1;10;191619.link:15731;471849.link:28500;2556;801525;801525_18:16:00;96974.0;384423.0;rail
386894;2;13;488089.link:77418;650692.link:81557;20612;92588;945185_17:56:00;94514.0;240045.0;bus
163334;1;8;187458.link:51184;471849.link:28500;2556;801525;801525_18:16:00;417625.0;384423.0;rail
259814;1;4;110061.link:6587;534713.link:59324;21536;138220;435274_18:20:00;187688.0;485397.0;bus
405737;2;7;189718.link:36338;279879.link:66703;9289;1137759;246848_18:19:00;514801.0;311119.0;bus
60991;2;7;367598.link:56070;62363.link:29109;14415;1521658;1521658_18:15:00;26842.0;625779.0;bus
122298;1;6;191619.link:15731;471849.link:28500;2556;801525;801525_18:16:00;96974.0;384423.0;rail
83643;1;10;191619.link:15731;471849.link:28500;2556;801525;801525_18:16:00;96974.0;384423.0;rail
97392;1;8;147812.link:56813;8473.link:8087;14820;1167223;1167223_18:13:00;240045.0;327355.0;bus
106287;1;4;274959.link:57777;89375.link:18799;19170;1268747;1008839_18:29:00;196004.0;41137.0;bus
340617;0;5;541639.link:56228;76935.link:59830;18626;1181327;1117522_18:30:00;547657.0;150263.0;bus
257370;3;10;615752.link:49168;53130.link:34435;9289;1673844;644526_18:15:00;226748.0;514801.0;bus
223260;2;5;191619.link:15731;598300.link:5218;11523;1184702;251299_18:34:00;96974.0;576387.0;rail
143179;1;8;147812.link:56813;239548.link:10884;14820;1167223;1167223_18:13:00;240045.0;260872.0;bus
38799;2;7;83015.link:20756;506012.link:14407;22560;1621047;866536_18:08:00;503138.0;295248.0;bus
40383;1;8;615752.link:49168;53130.link:34435;9289;1673844;644526_18:15:00;226748.0;514801.0;bus
208142;1;6;120060.link:45285;461781.link:47955;13598;1422485;1422485_18:13:00;125808.0;354177.0;bus
318098;3;12;435836.link:22133;373343.link:11388;7839;1160035;130192_17:55:00;96974.0;648867.0;bus
160769;1;10;615752.link:49168;373343.link:11388;7839;1160035;130192_17:55:00;226748.0;648867.0;bus
8052;3;6;641140.link:7213;373343.link:11388;7839;1160035;130192_17:55:00;412538.0;648867.0;bus
23772;2;17;174380.link:56057;53130.link:34435;9289;1673844;644526_18:15:00;26842.0;514801.0;bus
283841;1;4;275445.link:39198;427482.link:49781;12526;889712;1316148_18:05:00;337282.0;375043.0;bus
108179;3;16;435836.link:22133;373343.link:11388;7839;1160035;130192_17:55:00;96974.0;648867.0;bus
217787;2;7;388516.link:16913;385812.link:69583;21108;1192653;361035_18:30:00;138335.0;88902.0;bus
157499;2;11;181758.link:38921;438297.link:7184;3654;523174;449667_18:05:00;309803.0;185600.0;bus
16353;1;8;427669.link:53446;565376.link:63056;23304;296562;1080884_17:54:00;544870.0;496096.0;bus
357636;1;8;626591.link:60893;88079.link:4945;15259;240682;1523295_18:26:00;384423.0;234302.0;bus
119396;2;9;427669.link:53446;565376.link:63056;23304;296562;1080884_17:54:00;544870.0;496096.0;bus
86251;1;8;427669.link:53446;565376.link:63056;23304;296562;1080884_17:54:00;544870.0;496096.0;bus
81952;2;5;427669.link:53446;565376.link:63056;23304;296562;1080884_17:54:00;544870.0;496096.0;bus
224974;1;10;274427.link:56986;197025.link:9599;7839;1160035;130192_17:55:00;496564.0;578786.0;bus
46961;2;9;147812.link:56813;155340.link:44756;14820;1167223;1167223_18:13:00;240045.0;465390.0;bus
283693;1;4;559224.link:76140;197025.link:9599;7839;1160035;130192_17:55:00;220682.0;578786.0;bus
318400;2;5;559224.link:76140;197025.link:9599;7839;1160035;130192_17:55:00;220682.0;578786.0;bus
92277;1;4;280940.link:12479;604741.link:39762;3794;1432724;1174455_18:30:00;91217.0;617326.0;bus
81199;1;8;477080.link:42860;399963.link:37927;7195;81719;143283_18:38:00;240045.0;42579.0;rail
117493;1;6;106632.link:77253;635139.link:25290;5503;1117701;1080895_18:22:00;666522.0;609285.0;bus
397839;1;12;627970.link:79468;483342.link:14450;7989;135520;690533_18:20:00;240045.0;6206.0;bus
249794;2;5;388516.link:16913;593729.link:46549;21108;1192653;361035_18:30:00;138335.0;93016.0;bus
79138;2;5;275347.link:15987;374122.link:22231;20412;1549148;1549148_18:12:00;193.0;180584.0;bus
167070;2;5;605244.link:38904;507710.link:67422;7922;420390;163140_18:32:00;655169.0;36305.0;rail
197655;1;12;605244.link:38904;507710.link:67422;7922;420390;163140_18:32:00;655169.0;36305.0;rail
388115;1;12;605244.link:38904;507710.link:67422;7922;420390;163140_18:32:00;655169.0;36305.0;rail
72957;1;4;388516.link:16913;593729.link:46549;21108;1192653;361035_18:30:00;138335.0;93016.0;bus
333378;1;6;442021.link:66972;374122.link:22231;20412;1549148;1549148_18:12:00;587447.0;180584.0;bus
132125;1;8;523789.link:69083;224009.link:25213;9289;1673844;644526_18:15:00;135122.0;234165.0;bus
55831;3;12;388516.link:16913;604741.link:39762;21108;1192653;361035_18:30:00;138335.0;617326.0;bus
248777;1;4;388516.link:16913;593729.link:46549;21108;1192653;361035_18:30:00;138335.0;93016.0;bus
328899;0;3;605244.link:38904;507710.link:67422;7922;420390;163140_18:32:00;655169.0;36305.0;rail
81298;1;10;627970.link:79468;86921.link:67313;5773;1557431;1160026_18:32:00;240045.0;589200.0;bus
103830;3;10;410688.link:10330;149979.link:70643;22934;948975;1722493_18:36:00;96974.0;651156.0;bus
109199;1;8;451458.link:67867;594887.link:52633;14415;1521658;1521658_18:15:00;115044.0;586561.0;bus
233171;3;10;400743.link:48623;652669.link:2579;22781;1484165;715968_17:57:00;484211.0;576344.0;bus
328474;1;4;548386.link:22425;507710.link:59125;13668;749590;190256_18:15:00;134700.0;36305.0;bus
294438;2;3;377584.link:25448;507710.link:59125;13668;749590;190256_18:15:00;280625.0;36305.0;bus
116768;1;4;662009.link:37849;444375.link:9220;2556;530411;1686588_18:17:00;96974.0;520392.0;rail
219365;1;4;526251.link:42051;279975.link:10336;5409;40740;1708586_18:15:00;41520.0;96974.0;bus
267218;1;8;477080.link:42860;479467.link:70734;7195;81719;143283_18:38:00;240045.0;486154.0;rail
351580;1;8;159131.link:26976;444375.link:9220;2556;530411;1686588_18:17:00;384423.0;520392.0;rail
101465;1;6;662009.link:37849;444375.link:9220;2556;530411;1686588_18:17:00;96974.0;520392.0;rail
305871;1;10;662009.link:37849;444375.link:9220;2556;530411;1686588_18:17:00;96974.0;520392.0;rail
273615;1;16;635139.link:25290;18104.link:4784;23106;1288234;1103880_18:33:00;609285.0;532218.0;bus
70564;1;6;226229.link:41479;388168.link:4458;23304;296562;1080884_17:54:00;634585.0;626712.0;bus
121444;1;4;662009.link:37849;444375.link:9220;2556;530411;1686588_18:17:00;96974.0;520392.0;rail
74832;4;5;159131.link:26976;444375.link:9220;2556;530411;1686588_18:17:00;384423.0;520392.0;rail
218740;2;5;34482.link:69119;279975.link:10336;5409;40740;1708586_18:15:00;88648.0;96974.0;bus
127131;1;6;154878.link:1916;277214.link:69591;18092;236536;236536_18:26:00;295305.0;96062.0;bus
100250;2;9;579762.link:40432;280110.link:58224;14820;1167223;1167223_18:13:00;377654.0;189869.0;bus
94278;2;13;263484.link:9534;452012.link:28701;12526;341182;679751_18:37:00;309005.0;283477.0;bus
115289;1;2;662009.link:37849;444375.link:9220;2556;530411;1686588_18:17:00;96974.0;520392.0;rail
132111;1;8;1339.link:42050;4350.link:69084;5468;905927;1418412_18:29:00;41520.0;135122.0;bus
179377;6;17;662009.link:37849;444375.link:9220;2556;530411;1686588_18:17:00;96974.0;520392.0;rail
102392;1;6;1339.link:42050;4350.link:69084;5468;905927;1418412_18:29:00;41520.0;135122.0;bus
77879;1;4;200912.link:67887;202520.link:27454;20910;1324422;1324422_18:30:00;379006.0;163462.0;bus
252966;1;6;154878.link:1916;277214.link:69591;18092;236536;236536_18:26:00;295305.0;96062.0;bus
121637;1;4;662009.link:37849;444375.link:9220;2556;530411;1686588_18:17:00;96974.0;520392.0;rail
181181;0;1;292016.link:11389;435836.link:13589;7839;1480521;1470362_17:51:00;648867.0;96974.0;bus
84245;1;4;168368.link:59825;539091.link:68437;3794;1343297;233081_18:42:00;367862.0;453012.0;bus
128499;1;8;572948.link:59411;253478.link:25766;21108;1192653;361035_18:30:00;96974.0;403726.0;bus
326687;3;6;141538.link:33427;108085.link:27456;20910;1324422;1324422_18:30:00;34271.0;342582.0;bus
207780;1;8;635813.link:21812;311917.link:39091;18874;838869;523900_18:02:00;502969.0;590295.0;bus
126867;1;8;410688.link:10330;130567.link:70639;22934;948975;1722493_18:36:00;96974.0;667295.0;bus
215521;2;7;615752.link:49168;114008.link:78407;7839;1160035;130192_17:55:00;226748.0;108286.0;bus
376395;1;12;140320.link:38004;311917.link:39091;18874;838869;523900_18:02:00;533401.0;590295.0;bus
229730;2;5;363777.link:15060;108085.link:27456;20910;1324422;1324422_18:30:00;655169.0;342582.0;bus
218665;1;4;385812.link:69583;253478.link:25766;21108;1192653;361035_18:30:00;88902.0;403726.0;bus
157770;1;12;438297.link:7185;296717.link:4473;19170;233783;862601_18:20:00;185600.0;274413.0;bus
277143;1;4;1339.link:42050;115586.link:5768;5468;905927;1418412_18:29:00;41520.0;418354.0;bus
214988;3;16;313619.link:69650;97826.link:40862;23106;996655;1298055_18:13:00;127783.0;411474.0;bus
69642;2;3;35413.link:6179;99348.link:37641;3299;93476;1357570_18:12:00;2019.0;37460.0;bus
109678;1;14;626591.link:60893;46740.link:27898;15259;240682;1523295_18:26:00;384423.0;237219.0;bus
128795;5;10;49478.link:9292;662009.link:37849;16059;258178;203451_18:32:00;601422.0;96974.0;rail
2000;2;11;602275.link:53031;166572.link:32139;3299;1374432;700804_18:13:00;240045.0;38935.0;bus
291891;2;9;505687.link:16010;416478.link:8409;4271;259757;259757_18:35:00;420643.0;624474.0;bus
357671;0;1;189718.link:36338;9641.link:49135;9289;1137759;246848_18:19:00;514801.0;226748.0;bus
102434;1;6;615752.link:49168;667609.link:3442;9289;1673844;644526_18:15:00;226748.0;639853.0;bus
168961;3;8;16503.link:10160;416478.link:8409;4271;259757;259757_18:35:00;364587.0;624474.0;bus
85835;1;8;438297.link:7184;310111.link:12285;3654;523174;449667_18:05:00;185600.0;560248.0;bus
85751;3;12;440234.link:3443;9641.link:49135;9289;1137759;246848_18:19:00;639853.0;226748.0;bus
328599;1;4;16503.link:10160;416478.link:8409;4271;259757;259757_18:35:00;364587.0;624474.0;bus
133662;1;6;32776.link:28570;310111.link:12285;3654;523174;449667_18:05:00;668987.0;560248.0;bus
133454;2;7;165427.link:63000;310111.link:12285;3654;523174;449667_18:05:00;243166.0;560248.0;bus
226464;1;12;185197.link:8939;310111.link:12285;3654;523174;449667_18:05:00;603484.0;560248.0;bus
123033;1;8;523789.link:69083;667609.link:3442;9289;1673844;644526_18:15:00;135122.0;639853.0;bus
101801;1;10;579762.link:40432;167116.link:32332;14604;1404386;622822_18:14:00;377654.0;204740.0;bus
179924;2;5;477080.link:42860;283994.link:55178;7195;81719;143283_18:38:00;240045.0;589889.0;rail
83465;1;4;270219.link:51861;557401.link:54015;18874;838869;523900_18:02:00;10361.0;6570.0;bus
298073;1;8;427669.link:53446;278039.link:27998;23304;296562;1080884_17:54:00;544870.0;664587.0;bus
156717;1;4;174380.link:56057;124920.link:33649;24325;70554;70554_18:40:00;26842.0;541588.0;bus
151914;1;8;271923.link:12230;566843.link:10127;9289;1673844;644526_18:15:00;96974.0;30674.0;bus
83612;3;16;435836.link:22133;313231.link:29356;7839;1160035;130192_17:55:00;96974.0;475179.0;bus
128636;1;4;174380.link:56057;492912.link:71416;9289;293253;225980_18:40:00;26842.0;666332.0;bus
252966;1;8;279975.link:72263;274427.link:56986;5409;40740;112976_18:45:00;96974.0;496564.0;bus
117881;2;7;406696.link:64288;338123.link:57380;13598;1422485;1422485_18:13:00;313612.0;240045.0;bus
118221;3;18;263861.link:54325;75902.link:63560;19170;233783;862601_18:20:00;51975.0;447989.0;bus
227567;2;9;174380.link:56057;566843.link:10127;9289;1673844;644526_18:15:00;26842.0;30674.0;bus
100024;1;12;627970.link:79468;598486.link:80576;7989;135520;690533_18:20:00;240045.0;110772.0;bus
227367;1;10;174380.link:56057;30107.link:22118;1573;892082;892082_18:15:00;26842.0;535687.0;bus
124101;1;8;358836.link:7463;431060.link:16906;3654;523174;449667_18:05:00;594422.0;601422.0;bus
100093;3;12;23798.link:64514;475614.link:55704;7989;135520;690533_18:20:00;125808.0;420029.0;bus
89082;2;7;205692.link:24298;380787.link:33356;21536;138220;435274_18:20:00;377344.0;237786.0;bus
254341;3;10;168343.link:11400;137292.link:78999;15259;240682;1523295_18:26:00;568853.0;368285.0;bus
195839;1;8;132189.link:17140;186598.link:22626;24400;40825;866902_18:34:00;403484.0;219604.0;bus
248950;3;10;1339.link:42050;270791.link:6121;5468;905927;1418412_18:29:00;41520.0;323161.0;bus
63791;1;6;363777.link:15060;230457.link:64959;20910;1324422;1324422_18:30:00;655169.0;368846.0;bus
293592;0;5;363777.link:15060;230457.link:64959;20910;1324422;1324422_18:30:00;655169.0;368846.0;bus
5719;1;4;45335.link:17521;312697.link:33066;10350;1617183;1617183_18:45:00;366131.0;664084.0;bus
43136;1;4;363777.link:15060;230457.link:64959;20910;1324422;1324422_18:30:00;655169.0;368846.0;bus
25006;1;4;363777.link:15060;230457.link:64959;20910;1324422;1324422_18:30:00;655169.0;368846.0;bus
63321;1;6;363777.link:15060;230457.link:64959;20910;1324422;1324422_18:30:00;655169.0;368846.0;bus
125439;2;11;220865.link:33131;379601.link:52803;18092;110891;1517729_18:39:00;549576.0;295305.0;bus
128637;2;7;342114.link:27987;360448.link:34513;5503;204545;525485_18:31:00;417625.0;96974.0;bus
131259;1;14;626591.link:60893;137292.link:78999;15259;240682;1523295_18:26:00;384423.0;368285.0;bus
96084;0;1;507710.link:59124;587949.link:22424;13668;1030855;882119_18:44:00;36305.0;134700.0;bus
284973;1;8;435758.link:27709;87198.link:26379;19170;1268747;1008839_18:29:00;483239.0;298776.0;bus
42566;2;13;363777.link:15060;662583.link:50507;20910;1324422;1324422_18:30:00;655169.0;554177.0;bus
228171;2;9;626591.link:60893;97458.link:78989;15259;240682;1523295_18:26:00;384423.0;288456.0;bus
121360;1;8;627970.link:79468;441804.link:43830;5773;1557431;1160026_18:32:00;240045.0;124343.0;bus
58489;1;4;215952.link:32237;370025.link:11403;10278;546534;1330100_18:10:00;543361.0;568853.0;bus
133968;1;8;593729.link:46548;217917.link:12476;3794;1343297;233081_18:42:00;93016.0;91217.0;bus
308364;1;4;423025.link:30413;182741.link:1584;18874;838869;523900_18:02:00;11977.0;100649.0;bus
21556;3;8;497590.link:40861;370025.link:11403;10278;546534;1330100_18:10:00;411474.0;568853.0;bus
248014;2;7;19193.link:56352;182741.link:1584;18874;838869;523900_18:02:00;506856.0;100649.0;bus
10914;1;14;197854.link:15079;103937.link:42910;8390;1211691;1241556_18:23:00;655169.0;292365.0;bus
121913;2;13;477080.link:42860;85869.link:49025;7195;81719;143283_18:38:00;240045.0;195798.0;rail
327516;1;4;108085.link:27456;352885.link:34045;20910;1324422;1324422_18:30:00;342582.0;272239.0;bus
313188;1;6;411384.link:27533;97826.link:40862;22293;952366;1717256_18:42:00;288417.0;411474.0;bus
76693;0;1;596416.link:5108;661289.link:59036;22560;1621047;866536_18:08:00;658993.0;556796.0;bus
97895;3;6;411384.link:27533;97826.link:40862;22293;952366;1717256_18:42:00;288417.0;411474.0;bus
144757;1;10;503466.link:56231;56361.link:56858;7883;563541;312352_18:13:00;547657.0;240045.0;bus
257018;2;9;174380.link:56057;200037.link:29352;9289;1673844;644526_18:15:00;26842.0;510956.0;bus
79361;1;8;507710.link:59124;336574.link:41818;13668;1030855;882119_18:44:00;36305.0;165879.0;bus
273193;1;14;168132.link:22317;93976.link:28291;21991;1707385;981958_18:44:00;417625.0;185600.0;rail
217333;1;14;397852.link:56353;142503.link:52634;18874;446460;37620_18:14:00;628138.0;586561.0;bus
349781;1;4;74543.link:78758;142503.link:52634;18874;446460;37620_18:14:00;351478.0;586561.0;bus
285059;1;4;553261.link:20948;142503.link:52634;18874;446460;37620_18:14:00;533743.0;586561.0;bus
205320;1;6;160607.link:48741;31045.link:56814;10278;1014075;617673_18:05:00;384423.0;240045.0;bus
258544;1;8;607875.link:55885;287414.link:42688;13245;589833;710671_18:40:00;262138.0;253948.0;bus
179095;1;10;160607.link:48741;31045.link:56814;10278;1014075;617673_18:05:00;384423.0;240045.0;bus
351580;1;10;148033.link:9382;93976.link:28291;21991;1707385;981958_18:44:00;520392.0;185600.0;rail
127131;1;8;243521.link:34508;124920.link:33649;22704;181783;1332761_18:44:00;96974.0;541588.0;bus
290668;1;8;652669.link:2580;82563.link:51410;21446;1000069;1424275_18:23:00;576344.0;220811.0;bus
82945;1;12;272212.link:72474;198457.link:6833;17075;1671088;1671088_18:43:00;266462.0;338841.0;bus
78716;1;14;197854.link:15079;23143.link:24652;4271;259757;259757_18:35:00;655169.0;452829.0;bus
20694;3;6;14928.link:70219;31045.link:56814;10278;1014075;617673_18:05:00;36053.0;240045.0;bus
78767;1;2;49782.link:18769;23143.link:24652;4271;259757;259757_18:35:00;624332.0;452829.0;bus
220470;1;4;74543.link:78758;142503.link:52634;18874;446460;37620_18:14:00;351478.0;586561.0;bus
117259;2;7;468301.link:26547;142433.link:56816;22293;952366;1717256_18:42:00;502007.0;240045.0;bus
268837;5;14;293721.link:52592;142433.link:56816;22293;952366;1717256_18:42:00;55150.0;240045.0;bus
283101;2;5;456323.link:64148;510267.link:69533;15259;240682;1523295_18:26:00;334701.0;160244.0;bus
293221;3;10;651559.link:72757;76662.link:66246;22781;277292;1102233_18:06:00;257468.0;244346.0;bus
101060;3;8;437042.link:35396;142433.link:56816;22293;952366;1717256_18:42:00;248401.0;240045.0;bus
290531;6;7;406280.link:54742;631428.link:32480;8390;98964;184315_18:22:00;493871.0;115789.0;bus
283432;1;6;174380.link:56057;128120.link:36757;9289;293253;225980_18:40:00;26842.0;508585.0;bus
132852;1;6;170724.link:69001;585269.link:9535;21480;987021;871821_18:26:00;88902.0;309005.0;bus
86827;1;12;174380.link:56057;108600.link:81520;24325;70554;70554_18:40:00;26842.0;411836.0;bus
116932;1;12;427669.link:53446;249227.link:45359;23304;296562;1080884_17:54:00;544870.0;319123.0;bus
128867;1;6;277214.link:69591;590143.link:22893;18092;110891;1517729_18:39:00;96062.0;38250.0;bus
73056;1;8;581508.link:54324;142575.link:14866;21480;915170;757301_18:44:00;51975.0;451556.0;bus
211052;1;6;602275.link:53031;353059.link:73967;3299;1374432;700804_18:13:00;240045.0;351973.0;bus
19616;1;8;69468.link:76354;626591.link:60894;10278;546534;1330100_18:10:00;284116.0;384423.0;bus
79039;3;4;164581.link:7539;479996.link:58543;18409;863566;579180_18:45:00;151381.0;366234.0;rail
63839;3;8;673795.link:16073;307001.link:57699;13676;183404;514199_18:24:00;367887.0;21898.0;bus
209889;3;6;412898.link:21450;197574.link:53254;14604;1185324;1701928_18:05:00;110925.0;395385.0;bus
98185;1;6;274136.link:44354;663005.link:51938;12701;1014337;1014337_18:47:00;429014.0;509564.0;bus
157499;2;13;136398.link:28292;168132.link:22316;21991;1288999;216401_18:48:00;185600.0;417625.0;rail
179097;0;7;400083.link:26943;626591.link:60894;10278;546534;1330100_18:10:00;36053.0;384423.0;bus
254317;3;4;297842.link:58685;148862.link:48741;15259;240682;1523295_18:26:00;1207.0;384423.0;bus
62992;2;3;230457.link:64959;612297.link:14860;20910;1324422;1324422_18:30:00;368846.0;510106.0;bus
75879;2;5;142503.link:52634;574431.link:54239;18874;446460;37620_18:14:00;586561.0;249144.0;bus
76607;3;10;523789.link:69083;615752.link:49168;9289;293253;225980_18:40:00;135122.0;226748.0;bus
196238;0;3;363777.link:15060;612297.link:14860;20910;1324422;1324422_18:30:00;655169.0;510106.0;bus
190590;1;2;297842.link:58685;148862.link:48741;15259;240682;1523295_18:26:00;1207.0;384423.0;bus
128863;3;4;49590.link:67568;425730.link:71417;9289;1137759;246848_18:19:00;190940.0;666332.0;bus
227487;1;6;137292.link:78999;148862.link:48741;15259;240682;1523295_18:26:00;368285.0;384423.0;bus
268693;1;6;226229.link:41479;9607.link:38505;23304;296562;1080884_17:54:00;634585.0;321224.0;bus
207924;1;6;427299.link:64054;9607.link:38505;23304;296562;1080884_17:54:00;480503.0;321224.0;bus
132111;1;10;523789.link:69083;615752.link:49168;9289;293253;225980_18:40:00;135122.0;226748.0;bus
326240;1;8;545685.link:55124;442815.link:60291;13676;1154013;1654028_18:25:00;209819.0;484289.0;bus
252329;1;10;120060.link:15713;364639.link:29891;5773;1557431;1160026_18:32:00;125808.0;362509.0;bus
446001;1;6;384542.link:26594;72018.link:58788;22781;277292;1102233_18:06:00;453079.0;208691.0;bus
72897;1;4;264048.link:61626;293295.link:pt_293295;13951;896249;896249_18:32:00;140551.0;1721.0;bus
309471;1;4;38216.link:79856;532123.link:78408;7839;1480521;864519_18:51:00;543244.0;108286.0;bus
280693;7;10;610576.link:31352;380865.link:29891;5773;1557431;1160026_18:32:00;350978.0;40782.0;bus
403359;3;12;593993.link:55658;451458.link:67867;9289;1137759;246848_18:19:00;498803.0;115044.0;bus
69789;4;5;317199.link:59216;627970.link:79467;7989;1073960;290390_18:24:00;201295.0;240045.0;bus
129238;1;8;627970.link:79468;13410.link:40286;5773;1557431;1160026_18:32:00;240045.0;74433.0;bus
385476;1;8;14642.link:10128;451458.link:67867;9289;1137759;246848_18:19:00;30674.0;115044.0;bus
209598;5;18;467462.link:25971;272425.link:32123;12701;1014337;1014337_18:47:00;120804.0;456204.0;bus
162275;1;8;369013.link:14825;348244.link:54330;3654;1236595;725855_18:50:00;560248.0;483239.0;bus
110198;1;8;141932.link:41591;169526.link:61110;24325;70554;70554_18:40:00;520518.0;273531.0;bus
161934;1;8;593993.link:55658;552013.link:71779;9289;1137759;246848_18:19:00;498803.0;58232.0;bus
83770;3;12;342114.link:27987;360448.link:34513;5503;204545;452114_18:41:00;417625.0;96974.0;bus
152836;1;12;175804.link:56354;512051.link:30695;12743;1180575;589219_18:29:00;628138.0;301283.0;bus
5483;2;3;4350.link:69084;552013.link:71779;9289;1137759;246848_18:19:00;135122.0;58232.0;bus
212335;0;3;627970.link:79468;89375.link:18799;5773;1557431;1160026_18:32:00;240045.0;41137.0;bus
130020;1;6;480042.link:2924;661879.link:71518;14415;1521658;1521658_18:15:00;404290.0;169742.0;bus
72182;1;4;38216.link:79856;630067.link:78176;7839;1480521;864519_18:51:00;543244.0;128946.0;bus
135378;3;4;615752.link:49168;471952.link:49641;9289;293253;225980_18:40:00;226748.0;104408.0;bus
103510;1;10;217917.link:12476;661879.link:71518;14415;1521658;1521658_18:15:00;91217.0;169742.0;bus
26342;3;14;474898.link:46471;552013.link:71779;9289;1137759;246848_18:19:00;315054.0;58232.0;bus
130820;3;12;441026.link:48180;367598.link:56070;1573;674174;674174_18:30:00;125714.0;26842.0;bus
241430;2;5;669574.link:9014;17865.link:52583;22293;1149182;1233379_18:28:00;648074.0;581234.0;bus
147810;3;10;13000.link:59749;89375.link:18799;19170;593598;1234275_18:49:00;578286.0;41137.0;bus
239915;1;6;365848.link:56450;531722.link:56414;23106;1288234;1103880_18:33:00;584454.0;181821.0;bus
204564;4;7;547637.link:71992;349391.link:78443;24400;40825;866902_18:34:00;629429.0;624391.0;bus
168308;3;8;236592.link:28874;260290.link:25663;5185;1528380;1528380_18:28:00;463521.0;341069.0;bus
316395;3;18;184814.link:5325;348621.link:51316;13951;896249;896249_18:32:00;486173.0;399896.0;bus
81991;1;8;602275.link:53031;243425.link:14197;3299;1374432;700804_18:13:00;240045.0;625663.0;bus
298166;1;4;66064.link:14811;61917.link:35395;22293;1149182;1233379_18:28:00;628422.0;248401.0;bus
286695;1;4;174380.link:56057;495258.link:21613;24325;70554;70554_18:40:00;26842.0;303993.0;bus
388115;1;14;507710.link:59124;443701.link:55158;13668;1030855;882119_18:44:00;36305.0;266881.0;bus
197655;1;14;507710.link:59124;443701.link:55158;13668;1030855;882119_18:44:00;36305.0;266881.0;bus
286373;1;16;174380.link:56057;279879.link:66702;9289;293253;225980_18:40:00;26842.0;311119.0;bus
320020;1;4;427170.link:64258;235859.link:28700;12526;889712;555004_18:25:00;379758.0;283477.0;bus
300078;5;14;293721.link:52592;645070.link:49201;22293;952366;1717256_18:42:00;55150.0;411613.0;bus
84633;3;14;604219.link:34507;650646.link:71581;11988;762814;867331_18:53:00;96974.0;304763.0;bus
120818;1;12;650692.link:81558;610735.link:44318;20612;125244;860195_18:42:00;240045.0;352212.0;bus
273142;0;9;626591.link:60894;368724.link:19340;18695;864117;1356816_18:47:00;384423.0;487641.0;bus
70564;1;8;388168.link:4458;610735.link:44318;20612;125244;860195_18:42:00;626712.0;352212.0;bus
242948;6;7;527121.link:46085;240233.link:32153;12701;1243301;840232_18:50:00;194445.0;38935.0;bus
191766;3;16;664113.link:22115;609932.link:13589;1573;674174;674174_18:30:00;535687.0;96974.0;bus
98233;3;10;197070.link:60651;90683.link:5059;3299;93476;1357570_18:12:00;651472.0;550394.0;bus
128091;3;10;458433.link:24695;388516.link:14789;966;951648;951648_18:47:00;413913.0;138335.0;bus
328899;0;5;507710.link:59124;129540.link:81488;13668;1030855;882119_18:44:00;36305.0;559204.0;bus
271404;2;9;147812.link:56813;595833.link:22861;373;1182068;1307200_18:30:00;240045.0;429552.0;bus
68258;3;6;36548.link:59795;400083.link:26943;14604;1404386;622822_18:14:00;487915.0;36053.0;bus
132852;1;8;263484.link:9534;452012.link:28701;12526;341182;431733_18:57:00;309005.0;283477.0;bus
155773;1;4;383361.link:77252;609932.link:13589;21480;915170;757301_18:44:00;666522.0;96974.0;bus
70592;1;4;610735.link:44318;661392.link:74252;20612;125244;860195_18:42:00;352212.0;523239.0;bus
295331;1;4;378326.link:22627;430694.link:39882;24400;40825;866902_18:34:00;675018.0;37980.0;bus
129127;1;10;593729.link:46548;170724.link:69001;21108;1163569;540139_18:50:00;93016.0;88902.0;bus
220680;5;12;475639.link:pt_475639;367598.link:56070;966;951648;951648_18:47:00;643700.0;26842.0;bus
92914;1;4;458433.link:24695;181806.link:73428;966;951648;951648_18:47:00;413913.0;619060.0;bus
128436;1;4;458433.link:24695;181806.link:73428;966;951648;951648_18:47:00;413913.0;619060.0;bus
94763;1;14;626591.link:60894;466366.link:45867;18695;864117;1356816_18:47:00;384423.0;356138.0;bus
149248;1;4;134319.link:64513;275597.link:44551;20612;125244;860195_18:42:00;42579.0;160387.0;bus
124101;1;10;431060.link:16905;344571.link:6227;12526;341182;679751_18:37:00;601422.0;457764.0;bus
175687;1;4;255506.link:57675;46295.link:76459;16784;348850;1032982_18:36:00;369954.0;612531.0;bus
205481;5;12;674183.link:45655;374497.link:56811;16784;348850;1032982_18:36:00;590495.0;240045.0;bus
199698;3;6;357088.link:41025;197854.link:15079;8390;1211691;1412976_18:53:00;300257.0;655169.0;bus
67742;3;10;35201.link:61188;536619.link:41079;14820;1167223;1167223_18:13:00;538536.0;242987.0;bus
212335;0;5;89375.link:18799;581508.link:54324;19170;593598;1234275_18:49:00;41137.0;51975.0;bus
351580;1;12;443516.link:52789;509794.link:60663;7725;1690580;671040_18:57:00;185600.0;146476.0;bus
101060;3;10;56361.link:56857;64.link:48541;7883;1134964;58218_18:54:00;240045.0;247897.0;bus
340617;1;8;672350.link:45796;503466.link:56231;18626;1181327;1117522_18:30:00;150263.0;547657.0;bus
14234;1;6;579762.link:40432;536619.link:41079;14820;1167223;1167223_18:13:00;377654.0;242987.0;bus
350161;4;7;383361.link:77252;360448.link:34513;5503;204545;1559521_18:51:00;666522.0;96974.0;bus
266297;1;4;284693.link:58222;572346.link:45627;9292;749296;749296_18:59:00;189869.0;78933.0;bus
104630;1;6;258602.link:37842;360448.link:34513;5503;204545;1559521_18:51:00;646696.0;96974.0;bus
72707;1;6;382205.link:62146;281776.link:13586;10350;1617183;1617183_18:45:00;40950.0;96974.0;bus
129355;1;8;431060.link:16905;440295.link:38920;3654;1236595;725855_18:50:00;601422.0;309803.0;bus
278376;3;16;458433.link:24695;53851.link:72263;966;951648;951648_18:47:00;413913.0;96974.0;bus
311497;1;6;458433.link:24695;53851.link:72263;966;951648;951648_18:47:00;413913.0;96974.0;bus
103212;1;6;593729.link:46548;572948.link:1330;21108;1163569;540139_18:50:00;93016.0;96974.0;bus
128714;1;6;458433.link:24695;53851.link:72263;966;951648;951648_18:47:00;413913.0;96974.0;bus
105445;1;4;458433.link:24695;53851.link:72263;966;951648;951648_18:47:00;413913.0;96974.0;bus
187773;1;6;593729.link:46548;572948.link:1330;21108;1163569;540139_18:50:00;93016.0;96974.0;bus
157021;2;7;593729.link:46548;572948.link:1330;21108;1163569;540139_18:50:00;93016.0;96974.0;bus
253241;1;4;170724.link:69001;572948.link:1330;21108;1163569;540139_18:50:00;88902.0;96974.0;bus
123744;1;4;593729.link:46548;572948.link:1330;21108;1163569;540139_18:50:00;93016.0;96974.0;bus
274947;1;8;593729.link:46548;572948.link:1330;21108;1163569;540139_18:50:00;93016.0;96974.0;bus
126929;1;6;26883.link:37515;53851.link:72263;966;951648;951648_18:47:00;411153.0;96974.0;bus
250999;1;6;458433.link:24695;53851.link:72263;966;951648;951648_18:47:00;413913.0;96974.0;bus
376395;1;14;629769.link:12501;148033.link:9383;16059;262437;652058_18:52:00;649912.0;520392.0;rail
207780;1;10;629769.link:12501;148033.link:9383;16059;262437;652058_18:52:00;649912.0;520392.0;rail
130465;2;9;170724.link:69001;572948.link:1330;21108;1163569;540139_18:50:00;88902.0;96974.0;bus
241699;3;12;606173.link:53409;117900.link:60770;3299;93476;1357570_18:12:00;557425.0;166097.0;bus
94541;3;12;593729.link:46548;572948.link:1330;21108;1163569;540139_18:50:00;93016.0;96974.0;bus
83265;1;4;593729.link:46548;572948.link:1330;21108;1163569;540139_18:50:00;93016.0;96974.0;bus
207579;1;6;87070.link:39761;451458.link:67867;21108;1163569;540139_18:50:00;617326.0;115044.0;bus
81901;1;8;87070.link:39761;451458.link:67867;21108;1163569;540139_18:50:00;617326.0;115044.0;bus
393410;3;12;611413.link:72769;507710.link:59125;22781;1484165;270395_18:57:00;210166.0;36305.0;bus
51703;1;6;462602.link:70537;175917.link:43827;23106;996655;352946_18:53:00;582085.0;124343.0;bus
254317;3;6;160607.link:48741;87272.link:67511;10278;788962;788962_19:05:00;384423.0;593923.0;bus
23772;3;20;189718.link:69875;161443.link:49642;9289;1570527;804663_19:04:00;514801.0;104408.0;bus
88220;3;10;611413.link:72769;507710.link:59125;22781;1484165;270395_18:57:00;210166.0;36305.0;bus
90717;1;10;87070.link:39761;451458.link:67867;21108;1163569;540139_18:50:00;617326.0;115044.0;bus
200373;1;6;657454.link:74203;507710.link:59125;22781;1484165;270395_18:57:00;557956.0;36305.0;bus
69521;1;6;610735.link:44318;507141.link:47130;20612;125244;860195_18:42:00;352212.0;461606.0;bus
272832;1;8;170724.link:69001;451458.link:67867;21108;1163569;540139_18:50:00;88902.0;115044.0;bus
245471;1;8;593729.link:46548;451458.link:67867;21108;1163569;540139_18:50:00;93016.0;115044.0;bus
234077;3;6;605244.link:38904;507710.link:67440;16604;152304;152304_18:53:00;655169.0;36305.0;rail
243781;0;5;147812.link:56813;457790.link:70685;373;1182068;1307200_18:30:00;240045.0;113539.0;bus
190590;1;4;159131.link:26976;662009.link:37849;10939;294701;1465258_19:00:00;384423.0;96974.0;rail
265864;2;13;147812.link:56813;457790.link:70685;373;1182068;1307200_18:30:00;240045.0;113539.0;bus
19616;1;10;159131.link:26976;662009.link:37849;10939;294701;1465258_19:00:00;384423.0;96974.0;rail
101465;1;8;635139.link:25290;59733.link:48392;23106;996655;352946_18:53:00;609285.0;578918.0;bus
443465;3;10;52441.link:38909;236592.link:49851;16604;1264494;618808_18:50:00;655169.0;463521.0;rail
173141;1;8;147812.link:56813;344987.link:71671;14820;1167223;1167223_18:13:00;240045.0;59713.0;bus
85316;2;11;19956.link:23764;539881.link:61627;13951;911207;1467905_19:01:00;636350.0;140551.0;bus
177822;1;6;265347.link:37668;106883.link:56858;14604;1185324;1701928_18:05:00;60253.0;240045.0;bus
322307;1;4;141932.link:41591;641458.link:80883;24325;70554;70554_18:40:00;520518.0;252259.0;bus
212459;2;7;650692.link:81558;663005.link:59548;20612;125244;860195_18:42:00;240045.0;509564.0;bus
106405;1;6;168132.link:22317;93976.link:28291;21991;1707385;694330_19:04:00;417625.0;185600.0;rail
120219;1;6;522117.link:48296;170659.link:56816;17075;1671088;1671088_18:43:00;419235.0;240045.0;bus
67787;1;8;536295.link:74022;411162.link:40222;14820;1167223;1167223_18:13:00;597954.0;669646.0;bus
375814;1;6;198457.link:6833;170659.link:56816;17075;1671088;1671088_18:43:00;338841.0;240045.0;bus
197463;1;8;615331.link:6585;70902.link:56198;20412;1636640;1636640_19:04:00;590788.0;529437.0;bus
218740;2;7;604219.link:34507;595577.link:54766;11988;762814;867331_18:53:00;96974.0;189325.0;bus
255695;3;8;451977.link:30705;606936.link:48551;23536;137506;1365029_18:38:00;615173.0;22170.0;bus
116166;1;4;606173.link:53409;602275.link:53030;3299;93476;1357570_18:12:00;557425.0;240045.0;bus
212335;0;7;263861.link:54325;388125.link:15502;21480;987021;524331_18:46:00;51975.0;552925.0;bus
388175;0;5;615331.link:6585;70902.link:56198;20412;1636640;1636640_19:04:00;590788.0;529437.0;bus
358752;3;12;435836.link:22133;591291.link:71961;7839;1160035;880813_18:55:00;96974.0;401984.0;bus
334077;2;23;147812.link:56813;451458.link:67867;373;1182068;1307200_18:30:00;240045.0;115044.0;bus
133662;1;8;369013.link:14825;180275.link:77159;23536;137506;1365029_18:38:00;560248.0;564417.0;bus
85835;1;10;369013.link:14825;180275.link:77159;23536;137506;1365029_18:38:00;560248.0;564417.0;bus
186638;1;6;16572.link:50141;451458.link:67867;373;1182068;1307200_18:30:00;307175.0;115044.0;bus
104630;1;8;410688.link:10330;628441.link:5324;22934;948975;1517654_19:09:00;96974.0;486173.0;bus
59190;4;15;369013.link:14825;263861.link:54325;19170;233783;1250503_19:00:00;560248.0;51975.0;bus
427976;1;10;147812.link:56813;451458.link:67867;373;1182068;1307200_18:30:00;240045.0;115044.0;bus
244562;1;16;650692.link:81558;458952.link:72371;20612;125244;860195_18:42:00;240045.0;456204.0;bus
92425;1;10;147812.link:56813;552013.link:71779;373;1182068;1307200_18:30:00;240045.0;58232.0;bus
57541;2;3;491605.link:61602;457790.link:70685;13951;911207;1467905_19:01:00;129328.0;113539.0;bus
372312;1;6;19956.link:23764;457790.link:70685;13951;911207;1467905_19:01:00;636350.0;113539.0;bus
340617;1;10;503466.link:56231;346745.link:44226;7883;1241632;109300_19:10:00;547657.0;353008.0;bus
81706;3;8;166572.link:32138;94866.link:20958;12701;1014337;1014337_18:47:00;38935.0;655466.0;bus
100169;2;5;147812.link:56813;552013.link:71779;373;1182068;1307200_18:30:00;240045.0;58232.0;bus
29417;3;8;618993.link:44336;46295.link:76459;20612;705237;848796_18:36:00;368208.0;612531.0;bus
116768;1;6;635139.link:25290;456851.link:68426;23106;996655;352946_18:53:00;609285.0;201466.0;bus
126929;1;8;410688.link:10330;438491.link:70641;22934;948975;1517654_19:09:00;96974.0;48995.0;bus
209889;3;8;506998.link:58418;479147.link:40085;7883;1134964;58218_18:54:00;494077.0;615284.0;bus
252966;1;10;274427.link:56986;398674.link:14405;7839;1160035;880813_18:55:00;496564.0;395083.0;bus
269456;2;15;302031.link:39648;466411.link:7327;4983;1270929;381493_19:13:00;276656.0;189237.0;bus
315996;1;6;435836.link:22133;506012.link:14407;7839;1160035;880813_18:55:00;96974.0;295248.0;bus
90534;2;13;147812.link:56813;367598.link:56070;373;1182068;1307200_18:30:00;240045.0;26842.0;bus
108192;3;22;481231.link:50015;367598.link:56070;373;1182068;1307200_18:30:00;566620.0;26842.0;bus
62422;2;7;615331.link:6585;412584.link:46583;20412;1636640;1636640_19:04:00;590788.0;458581.0;bus
250999;1;8;410688.link:10330;130567.link:70639;22934;948975;1517654_19:09:00;96974.0;667295.0;bus
2000;2;13;166572.link:32138;333417.link:4229;12701;1014337;1014337_18:47:00;38935.0;90327.0;bus
268837;6;17;31045.link:56813;635458.link:52595;10278;546534;146406_19:10:00;240045.0;55150.0;bus
144757;1;12;31045.link:56813;61917.link:35395;10278;546534;146406_19:10:00;240045.0;248401.0;bus
403438;5;12;148862.link:48741;537498.link:743;15259;386101;602111_19:05:00;384423.0;36685.0;bus
187773;1;8;662009.link:32522;451543.link:pt_451543;16059;662596;1658321_19:14:00;96974.0;480693.0;rail
226464;1;14;369013.link:14825;338767.link:57270;23536;137506;1365029_18:38:00;560248.0;185983.0;bus
212841;1;8;240701.link:60793;438297.link:7185;19170;233783;1250503_19:00:00;610144.0;185600.0;bus
83643;1;12;626591.link:60894;313231.link:29356;18695;864117;1356816_18:47:00;384423.0;475179.0;bus
98285;3;8;298610.link:57917;650692.link:81557;20612;705237;848796_18:36:00;23175.0;240045.0;bus
244865;2;9;49607.link:47545;650692.link:81557;20612;705237;848796_18:36:00;400312.0;240045.0;bus
89005;0;3;615331.link:6585;394701.link:42889;20412;1636640;1636640_19:04:00;590788.0;270758.0;bus
321314;4;7;160607.link:48741;474259.link:60507;10278;788962;788962_19:05:00;384423.0;266462.0;bus
122298;1;8;160607.link:48741;474259.link:60507;10278;788962;788962_19:05:00;384423.0;266462.0;bus
439861;2;3;615331.link:6585;394701.link:42889;20412;1636640;1636640_19:04:00;590788.0;270758.0;bus
130738;2;15;87272.link:67511;403093.link:21031;15259;386101;602111_19:05:00;593923.0;43597.0;bus
214549;1;8;160607.link:48741;474259.link:60507;10278;788962;788962_19:05:00;384423.0;266462.0;bus
208751;4;9;120060.link:45285;461781.link:47955;13598;1422485;608667_18:53:00;125808.0;354177.0;bus
133454;2;9;369013.link:14825;45335.link:57276;23536;137506;1365029_18:38:00;560248.0;366131.0;bus
159319;4;7;480832.link:4812;403093.link:21031;15259;386101;602111_19:05:00;186346.0;43597.0;bus
209071;4;11;224082.link:63559;89375.link:18799;19170;1268747;84157_19:09:00;447989.0;41137.0;bus
155773;1;6;609932.link:22133;141932.link:41591;1573;892082;1625151_19:15:00;96974.0;520518.0;bus
396190;0;7;631547.link:25881;635458.link:52595;22293;880011;1049528_19:03:00;131324.0;55150.0;bus
37990;1;4;87272.link:67511;403093.link:21031;15259;386101;602111_19:05:00;593923.0;43597.0;bus
7506;2;13;148862.link:48741;403093.link:21031;15259;386101;602111_19:05:00;384423.0;43597.0;bus
91486;1;8;160607.link:48741;474259.link:60507;10278;788962;788962_19:05:00;384423.0;266462.0;bus
82546;3;12;160607.link:48741;474259.link:60507;10278;788962;788962_19:05:00;384423.0;266462.0;bus
242695;1;4;527987.link:27491;129330.link:41501;12701;1243301;840232_18:50:00;167635.0;540260.0;bus
179095;1;12;56361.link:56857;73357.link:71141;7883;1134964;58218_18:54:00;240045.0;565436.0;bus
231994;3;8;318517.link:36258;363777.link:15059;24134;894861;1665088_18:49:00;193210.0;655169.0;bus
308364;2;7;395777.link:1585;545209.link:15585;18874;446460;428322_19:14:00;100649.0;88225.0;bus
389315;3;6;318517.link:36258;363777.link:15059;24134;894861;1665088_18:49:00;193210.0;655169.0;bus
98025;3;6;468301.link:26547;399103.link:14810;22293;1617785;1617492_19:02:00;502007.0;628422.0;bus
211550;1;8;56361.link:56857;73357.link:71141;7883;1134964;58218_18:54:00;240045.0;565436.0;bus
82260;1;8;56361.link:56857;73357.link:71141;7883;1134964;58218_18:54:00;240045.0;565436.0;bus
58;1;4;147812.link:56813;172359.link:30832;20417;943853;943853_19:13:00;240045.0;506231.0;bus
128714;1;8;410688.link:10330;502285.link:28749;22934;948975;1517654_19:09:00;96974.0;423090.0;bus
167644;1;4;353106.link:76881;303852.link:43362;21446;1158378;183437_18:52:00;318802.0;575578.0;bus
100250;2;11;280110.link:58223;618623.link:54685;3299;93476;1521305_19:12:00;189869.0;548561.0;bus
83770;3;14;575778.link:69591;220865.link:33131;3583;138538;684672_19:18:00;96062.0;549576.0;bus
116671;3;6;468301.link:26547;164416.link:29215;22293;1617785;1617492_19:02:00;502007.0;642971.0;bus
204693;1;4;286529.link:22628;69692.link:39870;24400;1246556;1511975_19:11:00;675018.0;607814.0;bus
77760;3;10;381402.link:55116;658248.link:22714;22781;244129;244129_19:06:00;253317.0;575433.0;bus
148258;1;10;56361.link:56857;346745.link:44227;7883;1134964;58218_18:54:00;240045.0;353008.0;bus
240272;1;6;186941.link:53447;531722.link:56414;23106;996655;352946_18:53:00;544870.0;181821.0;bus
94541;3;14;662009.link:32522;670907.link:9293;16059;662596;1658321_19:14:00;96974.0;601422.0;rail
326661;1;4;303852.link:43362;168608.link:20236;21446;1158378;183437_18:52:00;575578.0;503430.0;bus
278376;3;18;575778.link:69591;119636.link:50016;3583;138538;684672_19:18:00;96062.0;566620.0;bus
399875;1;8;160607.link:48741;450288.link:6222;10278;788962;788962_19:05:00;384423.0;481560.0;bus
239915;1;8;506814.link:56413;668428.link:81139;22293;880011;1049528_19:03:00;181821.0;36038.0;bus
163819;11;20;631588.link:8298;427561.link:7292;24325;70554;70554_18:40:00;312105.0;630669.0;bus
241699;3;14;637917.link:60771;488041.link:38504;23304;1670079;26640_19:14:00;166097.0;319123.0;bus
331630;0;3;615331.link:6585;660502.link:6464;20412;1636640;1636640_19:04:00;590788.0;134874.0;bus
241313;1;4;427299.link:64054;280476.link:8132;24492;105650;77443_18:33:00;480503.0;224192.0;bus
117259;2;9;106883.link:56858;488041.link:38504;23304;1670079;26640_19:14:00;240045.0;319123.0;bus
157021;2;9;279975.link:72263;550946.link:6124;5409;40740;362841_19:15:00;96974.0;323161.0;bus
125407;1;4;228806.link:4259;604400.link:14392;11988;762814;867331_18:53:00;549833.0;485025.0;bus
151339;1;12;160607.link:48741;81701.link:26334;10278;788962;788962_19:05:00;384423.0;445914.0;bus
89082;2;9;167503.link:33357;107029.link:81495;13668;749590;584133_19:15:00;237786.0;110645.0;bus
116020;1;8;106883.link:56858;488041.link:38504;23304;1670079;26640_19:14:00;240045.0;319123.0;bus
69789;4;7;170659.link:56815;230654.link:14036;17075;1710768;1710768_19:14:00;240045.0;288417.0;bus
241283;2;9;147812.link:56813;365797.link:72821;20417;943853;943853_19:13:00;240045.0;16153.0;bus
81319;1;6;479467.link:70733;477080.link:42859;7195;774173;521458_19:10:00;486154.0;240045.0;rail
80331;1;8;147812.link:56813;365797.link:72821;20417;943853;943853_19:13:00;240045.0;16153.0;bus
13923;1;4;147812.link:56813;365797.link:72821;20417;943853;943853_19:13:00;240045.0;16153.0;bus
244066;2;11;56361.link:56857;391841.link:25005;7883;1134964;58218_18:54:00;240045.0;320850.0;bus
90905;1;10;56361.link:56857;391841.link:25005;7883;1134964;58218_18:54:00;240045.0;320850.0;bus
217300;4;11;11016.link:13378;661174.link:68462;14415;6896;306457_19:19:00;169742.0;165999.0;bus
106405;1;8;443516.link:52789;146639.link:29890;5773;1701556;1701556_19:19:00;185600.0;362509.0;bus
138024;4;5;448956.link:54740;95046.link:81714;22781;244129;244129_19:06:00;182874.0;38137.0;bus
216047;2;5;556527.link:54014;659607.link:51862;18874;446460;428322_19:14:00;6570.0;10361.0;bus
155147;3;6;185197.link:8939;95882.link:56624;9289;1673844;739912_19:15:00;603484.0;190940.0;bus
85986;4;19;11016.link:13378;661174.link:68462;14415;6896;306457_19:19:00;169742.0;165999.0;bus
92914;1;6;174380.link:56057;375019.link:54404;1573;892082;1625151_19:15:00;26842.0;243828.0;bus
92425;1;12;141932.link:41591;375019.link:54404;1573;892082;1625151_19:15:00;520518.0;243828.0;bus
304166;1;8;170724.link:69001;604219.link:34506;11988;762814;867331_18:53:00;88902.0;96974.0;bus
104646;1;8;228806.link:4259;604219.link:34506;11988;762814;867331_18:53:00;549833.0;96974.0;bus
215690;1;4;14642.link:10128;474898.link:46471;9289;1137759;820703_19:19:00;30674.0;315054.0;bus
86518;1;14;604400.link:14392;604219.link:34506;11988;762814;867331_18:53:00;485025.0;96974.0;bus
191161;1;8;217917.link:12476;604219.link:34506;11988;762814;867331_18:53:00;91217.0;96974.0;bus
71133;7;10;254661.link:13039;478729.link:61345;7883;1241632;109300_19:10:00;655937.0;260688.0;bus
246877;1;12;160607.link:48741;14928.link:70219;10278;788962;788962_19:05:00;384423.0;36053.0;bus
243082;2;9;365797.link:72821;280658.link:55226;20417;943853;943853_19:13:00;16153.0;81231.0;bus
243047;1;4;147812.link:56813;280658.link:55226;20417;943853;943853_19:13:00;240045.0;81231.0;bus
177742;3;18;147812.link:56813;280658.link:55226;20417;943853;943853_19:13:00;240045.0;81231.0;bus
142772;1;10;228806.link:4259;604219.link:34506;11988;762814;867331_18:53:00;549833.0;96974.0;bus
149212;2;3;589222.link:1860;169975.link:20900;3299;1374432;348326_19:13:00;103883.0;651472.0;bus
232375;3;6;203929.link:5129;434896.link:55124;5185;843437;1674381_18:49:00;308684.0;209819.0;bus
273193;1;16;443516.link:52789;219847.link:54197;5773;1701556;1701556_19:19:00;185600.0;496190.0;bus
285452;1;8;11016.link:13378;142503.link:52634;14415;6896;306457_19:19:00;169742.0;586561.0;bus
122298;1;10;272212.link:72474;198457.link:6833;21799;88575;88575_19:20:00;266462.0;338841.0;bus
83265;1;6;662009.link:32522;657926.link:12503;16059;662596;1658321_19:14:00;96974.0;649912.0;rail
123744;1;6;662009.link:32522;657926.link:12503;16059;662596;1658321_19:14:00;96974.0;649912.0;rail
318098;4;15;292016.link:11389;9641.link:49135;7839;1480521;864519_18:51:00;648867.0;226748.0;bus
246430;1;6;160607.link:48741;420634.link:26940;10278;788962;788962_19:05:00;384423.0;138905.0;bus
336118;5;6;427299.link:64054;374497.link:56811;24492;105650;77443_18:33:00;480503.0;240045.0;bus
103212;1;8;662009.link:32522;657926.link:12503;16059;662596;1658321_19:14:00;96974.0;649912.0;rail
121444;1;6;635139.link:25290;589593.link:70879;23106;1288234;1625122_19:13:00;609285.0;329366.0;bus
121637;1;6;635139.link:25290;589593.link:70879;23106;1288234;1625122_19:13:00;609285.0;329366.0;bus
215680;1;12;166480.link:61763;9641.link:49135;7839;1480521;864519_18:51:00;545479.0;226748.0;bus
130020;1;8;11016.link:13378;142503.link:52634;14415;6896;306457_19:19:00;169742.0;586561.0;bus
321314;4;9;272212.link:72474;460064.link:36734;21799;88575;88575_19:20:00;266462.0;336100.0;bus
315324;2;7;563094.link:73084;647769.link:8794;1573;974507;340445_19:13:00;231803.0;313163.0;bus
158480;1;8;431476.link:8762;575778.link:69591;22934;948975;1517654_19:09:00;494189.0;96062.0;bus
73117;3;10;396470.link:18797;184814.link:5323;3654;1236595;725855_18:50:00;33445.0;486173.0;bus
95640;1;6;404439.link:61994;51494.link:34112;8390;1211691;1211691_19:23:00;542439.0;402482.0;bus
74832;4;7;635139.link:25290;401763.link:35526;23106;1288234;1625122_19:13:00;609285.0;79241.0;bus
117881;2;9;170659.link:56815;647143.link:36733;17075;1710768;1710768_19:14:00;240045.0;336100.0;bus
214549;1;10;272212.link:72474;608103.link:6888;21799;88575;88575_19:20:00;266462.0;326494.0;bus
125513;2;7;514565.link:14296;458433.link:24695;966;951648;882817_19:17:00;485025.0;413913.0;bus
322497;1;4;174380.link:56057;231210.link:55657;9289;1673844;739912_19:15:00;26842.0;498803.0;bus
208251;5;24;114986.link:6996;488041.link:38504;20612;330889;1315961_19:22:00;134979.0;319123.0;bus
77605;1;4;402634.link:15988;464969.link:10212;20412;1636640;1636640_19:04:00;193.0;671973.0;bus
142772;1;12;572948.link:59411;174380.link:56057;13653;353804;745372_19:30:00;96974.0;26842.0;bus
104646;1;10;572948.link:59411;174380.link:56057;13653;353804;745372_19:30:00;96974.0;26842.0;bus
94389;1;4;4302.link:1479;319084.link:39197;19170;1268747;84157_19:09:00;193450.0;337282.0;bus
304623;1;10;92514.link:10101;431060.link:16905;12526;1157289;361382_19:16:00;157124.0;601422.0;bus
258357;1;4;247690.link:24111;74636.link:22433;24400;1246556;1511975_19:11:00;110406.0;296807.0;bus
190590;1;6;572948.link:59411;174380.link:56057;13653;353804;745372_19:30:00;96974.0;26842.0;bus
91486;1;10;272212.link:72474;597159.link:6878;21799;88575;88575_19:20:00;266462.0;323659.0;bus
90905;1;12;391841.link:25005;263407.link:33559;9292;749296;749296_18:59:00;320850.0;156271.0;bus
244066;2;13;391841.link:25005;263407.link:33559;9292;749296;749296_18:59:00;320850.0;156271.0;bus
315996;1;8;506012.link:14407;577543.link:49924;22560;890601;1705802_19:07:00;295248.0;21775.0;bus
16855;3;14;147812.link:56813;282505.link:2433;20417;943853;943853_19:13:00;240045.0;125049.0;bus
234418;3;6;564183.link:18768;72504.link:66201;5185;1528380;662688_19:28:00;263624.0;493871.0;bus
177822;1;8;602275.link:53031;4141.link:79489;3299;1374432;348326_19:13:00;240045.0;393496.0;bus
220974;1;6;458433.link:24695;181806.link:73428;966;951648;882817_19:17:00;413913.0;619060.0;bus
333378;1;8;374122.link:71238;508147.link:7348;21536;1541157;644435_19:07:00;180584.0;403484.0;bus
79138;2;7;374122.link:71238;508147.link:7348;21536;1541157;644435_19:07:00;180584.0;403484.0;bus
132111;1;12;615752.link:49168;514568.link:43399;7839;1160035;880813_18:55:00;226748.0;99682.0;bus
44925;1;6;196016.link:56529;507710.link:59125;22781;244129;244129_19:06:00;188440.0;36305.0;bus
131848;1;6;367598.link:56070;572948.link:1330;12637;320440;713141_19:30:00;26842.0;96974.0;bus
283432;1;8;128120.link:36757;514568.link:43399;7839;1160035;880813_18:55:00;508585.0;99682.0;bus
93996;1;8;367598.link:56070;572948.link:1330;12637;320440;713141_19:30:00;26842.0;96974.0;bus
178694;1;12;147812.link:56813;556320.link:57191;20417;943853;943853_19:13:00;240045.0;322361.0;bus
246925;6;37;367598.link:56070;572948.link:1330;12637;320440;713141_19:30:00;26842.0;96974.0;bus
215115;1;8;552013.link:71779;572948.link:1330;12637;320440;713141_19:30:00;58232.0;96974.0;bus
161934;1;10;552013.link:71779;572948.link:1330;12637;320440;713141_19:30:00;58232.0;96974.0;bus
321041;3;18;367598.link:56070;572948.link:1330;12637;320440;713141_19:30:00;26842.0;96974.0;bus
207780;1;12;635139.link:25290;531564.link:74549;23106;1288234;1625122_19:13:00;609285.0;19488.0;bus
183880;2;3;232055.link:9004;37630.link:57335;18695;603801;741214_19:30:00;141305.0;65514.0;bus
74585;3;8;181649.link:20785;559224.link:76140;7839;1160035;880813_18:55:00;19704.0;220682.0;bus
38799;2;9;506012.link:14407;559224.link:76140;7839;1160035;880813_18:55:00;295248.0;220682.0;bus
191161;1;10;191619.link:15731;471849.link:28500;2556;801525;918975_19:16:00;96974.0;384423.0;rail
246673;1;6;191619.link:15731;471849.link:28500;2556;801525;918975_19:16:00;96974.0;384423.0;rail
244192;3;8;367598.link:56070;106632.link:77253;12637;320440;713141_19:30:00;26842.0;666522.0;bus
269191;1;10;292095.link:40285;186941.link:53447;5773;1701556;1701556_19:19:00;74433.0;544870.0;bus
82546;3;14;272212.link:72474;529716.link:35406;21799;88575;88575_19:20:00;266462.0;176002.0;bus
274947;1;10;191619.link:15731;471849.link:28500;2556;801525;918975_19:16:00;96974.0;384423.0;rail
119397;3;8;142629.link:29892;186941.link:53447;5773;1701556;1701556_19:19:00;532129.0;544870.0;bus
147810;3;12;157324.link:15495;186941.link:53447;5773;1701556;1701556_19:19:00;41137.0;544870.0;bus
130465;2;11;191619.link:15731;471849.link:28500;2556;801525;918975_19:16:00;96974.0;384423.0;rail
131532;3;14;187458.link:51184;471849.link:28500;2556;801525;918975_19:16:00;417625.0;384423.0;rail
158480;1;10;53851.link:61582;280940.link:12479;3794;1677931;1591966_19:33:00;96974.0;91217.0;bus
90283;1;6;274959.link:57777;89375.link:18799;19170;593598;1492244_19:29:00;196004.0;41137.0;bus
304692;5;12;458433.link:24695;53851.link:72263;966;951648;882817_19:17:00;413913.0;96974.0;bus
220512;1;8;458433.link:24695;53851.link:72263;966;951648;882817_19:17:00;413913.0;96974.0;bus
375814;1;8;650692.link:81558;661392.link:74252;20612;330889;1315961_19:22:00;240045.0;523239.0;bus
303848;1;4;458433.link:24695;53851.link:72263;966;951648;882817_19:17:00;413913.0;96974.0;bus
117493;1;8;635139.link:25290;531722.link:56414;23106;1288234;1625122_19:13:00;609285.0;181821.0;bus
75197;3;10;435836.link:22133;373343.link:11388;7839;1160035;880813_18:55:00;96974.0;648867.0;bus
253241;1;6;191619.link:15731;598300.link:5218;11523;1184702;351870_19:34:00;96974.0;576387.0;rail
100169;2;7;141932.link:41591;381487.link:48185;1573;892082;1625151_19:15:00;520518.0;231803.0;bus
85751;3;14;615752.link:49168;197025.link:9599;7839;1160035;880813_18:55:00;226748.0;578786.0;bus
90632;1;8;650692.link:81558;49607.link:47544;20612;330889;1315961_19:22:00;240045.0;400312.0;bus
19616;1;12;572948.link:59411;147430.link:1332;13653;353804;745372_19:30:00;96974.0;426284.0;bus
332035;3;8;313804.link:39850;508147.link:7348;24400;1246556;1511975_19:11:00;163408.0;403484.0;bus
213829;1;10;650692.link:81557;208089.link:40012;10853;267788;267788_19:15:00;240045.0;61333.0;bus
70968;3;14;650692.link:81557;208089.link:40012;10853;267788;267788_19:15:00;240045.0;61333.0;bus
81319;1;8;108621.link:56817;618014.link:56449;23106;57185;57185_19:33:00;240045.0;584454.0;bus
349781;1;6;142503.link:52634;604400.link:14392;14415;6896;306457_19:19:00;586561.0;485025.0;bus
220470;1;6;142503.link:52634;604400.link:14392;14415;6896;306457_19:19:00;586561.0;485025.0;bus
16353;1;10;23798.link:64514;415431.link:13254;7989;135520;799142_19:20:00;125808.0;121642.0;bus
421269;3;8;529716.link:35406;227726.link:55839;21799;88575;88575_19:20:00;176002.0;79241.0;bus
29417;3;10;69229.link:78978;590466.link:39340;16784;1090741;517933_19:36:00;612531.0;21183.0;bus
278602;1;4;174380.link:56057;100817.link:44499;13653;353804;745372_19:30:00;26842.0;625137.0;bus
128637;2;9;572948.link:59411;100817.link:44499;13653;353804;745372_19:30:00;96974.0;625137.0;bus
315808;2;3;191619.link:15731;110159.link:72050;11523;1184702;351870_19:34:00;96974.0;618524.0;rail
82744;3;18;650692.link:81557;126593.link:45475;10853;267788;267788_19:15:00;240045.0;572234.0;bus
313220;6;23;174380.link:56057;316226.link:46518;373;230014;424952_19:29:00;26842.0;664177.0;bus
102507;3;6;124920.link:33649;134155.link:51608;24325;70554;70554_18:40:00;541588.0;643247.0;bus
57541;2;5;398058.link:48133;316226.link:46518;373;230014;424952_19:29:00;113539.0;664177.0;bus
304166;1;10;662009.link:37849;444375.link:9220;2556;530411;530411_19:17:00;96974.0;520392.0;rail
122920;1;10;609932.link:22133;134155.link:51608;24325;70554;70554_18:40:00;96974.0;643247.0;bus
121836;1;10;650692.link:81557;126593.link:45475;10853;267788;267788_19:15:00;240045.0;572234.0;bus
127600;1;4;420429.link:47870;136857.link:13589;14415;6896;306457_19:19:00;50190.0;96974.0;bus
73452;3;8;142575.link:14866;609932.link:13589;21480;915170;745455_19:24:00;451556.0;96974.0;bus
376395;1;16;635139.link:25290;108621.link:56818;23106;1288234;1625122_19:13:00;609285.0;240045.0;bus
178447;2;7;522117.link:48296;106883.link:56858;21799;88575;88575_19:20:00;419235.0;240045.0;bus
81283;1;6;668428.link:53770;106883.link:56858;21799;88575;88575_19:20:00;36038.0;240045.0;bus
216136;1;4;257700.link:6228;405447.link:49773;12526;1157289;361382_19:16:00;457764.0;404599.0;bus
115289;1;4;635139.link:25290;108621.link:56818;23106;1288234;1625122_19:13:00;609285.0;240045.0;bus
121078;0;1;272212.link:72474;106883.link:56858;21799;88575;88575_19:20:00;266462.0;240045.0;bus
179377;6;19;635139.link:25290;108621.link:56818;23106;1288234;1625122_19:13:00;609285.0;240045.0;bus
205320;1;8;147812.link:56813;155340.link:44756;20417;943853;943853_19:13:00;240045.0;465390.0;bus
305871;1;12;635139.link:25290;108621.link:56818;23106;1288234;1625122_19:13:00;609285.0;240045.0;bus
181180;1;8;529716.link:35406;106883.link:56858;21799;88575;88575_19:20:00;176002.0;240045.0;bus
308364;2;9;629769.link:12501;662009.link:37849;16059;258178;346419_19:32:00;649912.0;96974.0;rail
177587;1;14;602275.link:53031;166572.link:32139;3299;1374432;348326_19:13:00;240045.0;38935.0;bus
242948;6;9;166572.link:32138;99303.link:18851;3299;93476;1521305_19:12:00;38935.0;120814.0;bus
258143;1;4;74636.link:22432;283167.link:24110;24400;40825;416366_19:34:00;296807.0;110406.0;bus
215680;1;14;615752.link:49168;667609.link:3442;9289;1673844;739912_19:15:00;226748.0;639853.0;bus
84512;1;6;367598.link:56070;65664.link:41112;12637;320440;713141_19:30:00;26842.0;27464.0;bus
305912;1;10;650692.link:81557;491001.link:44791;10853;267788;267788_19:15:00;240045.0;130052.0;bus
102553;1;4;572713.link:81755;566843.link:10127;9289;1673844;739912_19:15:00;294771.0;30674.0;bus
133876;4;9;58160.link:14477;557401.link:54015;18874;838869;1578417_19:02:00;380925.0;6570.0;bus
81952;2;7;23798.link:64514;598486.link:80576;7989;135520;799142_19:20:00;125808.0;110772.0;bus
102392;1;8;523789.link:69083;566843.link:10127;9289;1673844;739912_19:15:00;135122.0;30674.0;bus
311497;1;8;277214.link:69591;461511.link:68767;18092;110891;1264965_19:39:00;96062.0;619329.0;bus
77494;2;9;633332.link:23040;374122.link:6432;21536;992444;992444_19:33:00;187688.0;180584.0;bus
210503;3;12;282505.link:2433;280110.link:58223;20417;943853;943853_19:13:00;125049.0;189869.0;bus
103510;1;12;11016.link:13378;227695.link:60608;12907;1342085;1342085_19:28:00;169742.0;525746.0;bus
340422;1;6;556320.link:57191;280110.link:58223;20417;943853;943853_19:13:00;322361.0;189869.0;bus
421269;3;10;610783.link:11538;453718.link:50949;23106;57185;57185_19:33:00;79241.0;638176.0;bus
332368;1;4;35730.link:5130;501175.link:69251;24134;779094;779094_19:28:00;193210.0;187260.0;bus
200373;1;8;507710.link:59124;587949.link:22424;13668;1030855;1030855_19:44:00;36305.0;134700.0;bus
130738;3;18;392640.link:53742;365736.link:67510;15259;1018570;1319838_19:41:00;43597.0;593923.0;bus
33503;1;8;101206.link:4813;365736.link:67510;15259;1018570;1319838_19:41:00;186346.0;593923.0;bus
122607;3;8;101206.link:4813;365736.link:67510;15259;1018570;1319838_19:41:00;186346.0;593923.0;bus
129127;1;12;170724.link:69001;263861.link:54325;21480;987021;1477682_19:26:00;88902.0;51975.0;bus
121454;1;4;506814.link:56413;349065.link:30543;23106;57185;57185_19:33:00;181821.0;504931.0;bus
224762;1;4;518098.link:53740;365736.link:67510;15259;1018570;1319838_19:41:00;36685.0;593923.0;bus
60425;2;5;321852.link:11397;404582.link:17981;18695;603801;741214_19:30:00;543244.0;62301.0;bus
148848;1;8;650692.link:81558;167801.link:37435;20612;330889;1315961_19:22:00;240045.0;217735.0;bus
214988;3;18;497590.link:40861;444213.link:23746;17075;1710768;1710768_19:14:00;411474.0;270530.0;bus
243009;1;6;146639.link:29890;627970.link:14964;5773;1701556;1701556_19:19:00;362509.0;240045.0;bus
76220;4;9;41712.link:6796;626591.link:60893;22560;890601;1705802_19:07:00;548653.0;384423.0;bus
357671;0;3;615752.link:49168;626591.link:60893;22560;890601;1705802_19:07:00;226748.0;384423.0;bus
124520;3;12;577543.link:49924;626591.link:60893;22560;890601;1705802_19:07:00;21775.0;384423.0;bus
90141;1;6;142629.link:29892;627970.link:14964;5773;1701556;1701556_19:19:00;532129.0;240045.0;bus
59190;4;17;581508.link:54324;674010.link:69003;21480;915170;745455_19:24:00;51975.0;91217.0;bus
213556;1;8;486730.link:7214;626591.link:60893;22560;890601;1705802_19:07:00;412538.0;384423.0;bus
122596;2;7;400083.link:26943;370025.link:11403;10278;546534;146406_19:10:00;36053.0;568853.0;bus
212841;1;10;443516.link:52789;627970.link:14964;5773;1701556;1701556_19:19:00;185600.0;240045.0;bus
268717;1;6;141099.link:1625;627970.link:14964;5773;1701556;1701556_19:19:00;392024.0;240045.0;bus
130709;3;10;157324.link:15495;627970.link:14964;5773;1701556;1701556_19:19:00;41137.0;240045.0;bus
149071;2;11;292095.link:40285;627970.link:14964;5773;1701556;1701556_19:19:00;74433.0;240045.0;bus
81103;1;8;292095.link:40285;627970.link:14964;5773;1701556;1701556_19:19:00;74433.0;240045.0;bus
209071;4;13;157324.link:15495;627970.link:14964;5773;1701556;1701556_19:19:00;41137.0;240045.0;bus
251056;1;6;367598.link:56070;426672.link:56028;12637;320440;713141_19:30:00;26842.0;296988.0;bus
220974;1;8;174380.link:56057;95882.link:56624;9289;293253;549442_19:40:00;26842.0;190940.0;bus
114709;1;4;74636.link:22432;547637.link:71992;24400;40825;416366_19:34:00;296807.0;629429.0;bus
74650;3;10;518098.link:53740;370025.link:11403;15259;1018570;1319838_19:41:00;36685.0;568853.0;bus
437861;0;1;74636.link:22432;547637.link:71992;24400;40825;416366_19:34:00;296807.0;629429.0;bus
294438;2;5;507710.link:59125;358212.link:19453;22781;244129;244129_19:06:00;36305.0;143047.0;bus
44925;1;8;507710.link:59124;336574.link:41818;13668;1030855;1030855_19:44:00;36305.0;165879.0;bus
245509;1;6;144352.link:31875;56361.link:56858;7883;1241632;109300_19:10:00;615284.0;240045.0;bus
272238;1;8;650692.link:81558;53064.link:19060;20612;330889;1315961_19:22:00;240045.0;414485.0;bus
416581;3;14;272400.link:47129;26628.link:72504;20612;92588;444875_19:16:00;461606.0;539377.0;bus
116166;1;6;106883.link:56857;525998.link:37671;14604;1404386;1362645_19:14:00;240045.0;675788.0;bus
214386;1;8;426267.link:21450;661160.link:50098;14604;1404386;1362645_19:14:00;110925.0;407764.0;bus
227264;2;5;553261.link:20948;142503.link:52634;18874;446460;428322_19:14:00;533743.0;586561.0;bus
255703;1;4;459595.link:55514;431060.link:16905;12526;1157289;847491_19:36:00;514562.0;601422.0;bus
220512;1;10;575778.link:69591;220865.link:33131;3583;138538;1292021_19:49:00;96062.0;549576.0;bus
104281;4;11;9641.link:49135;4350.link:69084;9289;1137759;820703_19:19:00;226748.0;135122.0;bus
86251;1;10;23798.link:64514;16562.link:71014;7989;135520;799142_19:20:00;125808.0;545504.0;bus
120732;1;6;666996.link:43701;117900.link:60770;20612;92588;444875_19:16:00;315504.0;166097.0;bus
234418;3;8;406280.link:54742;404439.link:62004;8390;98964;1575357_19:22:00;493871.0;542439.0;bus
442772;1;4;83009.link:15065;307001.link:57699;13676;183404;109593_19:24:00;655169.0;21898.0;bus
232375;3;8;545685.link:55124;640414.link:67588;13676;1154013;1097358_19:25:00;209819.0;179684.0;bus
202382;3;6;617043.link:68365;300892.link:78915;22781;244129;244129_19:06:00;94257.0;300843.0;bus
121634;1;4;174380.link:56057;637316.link:4782;373;230014;424952_19:29:00;26842.0;467383.0;bus
242049;1;14;650692.link:81557;377796.link:79205;10853;267788;267788_19:15:00;240045.0;172645.0;bus
96502;1;4;336574.link:41818;502946.link:25453;13668;1030855;1030855_19:44:00;165879.0;36385.0;bus
314698;1;10;518098.link:53740;148862.link:48740;15259;1018570;1319838_19:41:00;36685.0;384423.0;bus
354131;1;4;392640.link:53742;148862.link:48740;15259;1018570;1319838_19:41:00;43597.0;384423.0;bus
223706;1;6;147199.link:64148;148862.link:48740;15259;1018570;1319838_19:41:00;334701.0;384423.0;bus
285452;1;10;142503.link:52634;574431.link:54239;18874;446460;428322_19:14:00;586561.0;249144.0;bus
190590;1;8;174380.link:56057;231210.link:55657;9289;293253;549442_19:40:00;26842.0;498803.0;bus
98285;3;10;31045.link:56813;253826.link:52567;21799;353574;1102812_19:50:00;240045.0;47388.0;bus
128436;1;6;174380.link:56057;293295.link:pt_293295;13951;896249;1252489_19:32:00;26842.0;1721.0;bus
225813;3;6;629769.link:12501;49478.link:9292;16059;258178;15749_19:52:00;649912.0;601422.0;rail
228171;3;12;667775.link:45762;148862.link:48741;18695;603801;741214_19:30:00;489401.0;384423.0;bus
304424;3;16;217917.link:12476;53851.link:72263;3794;1276377;101856_19:43:00;91217.0;96974.0;bus
245471;1;10;185197.link:8939;401763.link:35526;373;230014;424952_19:29:00;603484.0;79241.0;bus
121078;0;3;627970.link:79468;399103.link:14810;5773;1557431;1136792_19:52:00;240045.0;628422.0;bus
90457;2;3;53064.link:19060;364949.link:57138;20612;330889;1315961_19:22:00;414485.0;84551.0;bus
318098;4;17;9641.link:49135;451458.link:67867;9289;1137759;820703_19:19:00;226748.0;115044.0;bus
227567;3;12;14642.link:10128;451458.link:67867;9289;1137759;820703_19:19:00;30674.0;115044.0;bus
90141;1;8;31045.link:56813;635458.link:52595;21799;353574;1102812_19:50:00;240045.0;55150.0;bus
257018;3;12;579077.link:29353;451458.link:67867;9289;1137759;820703_19:19:00;510956.0;115044.0;bus
308364;2;11;360448.link:67145;106632.link:77253;5503;1117701;399664_19:52:00;96974.0;666522.0;bus
98185;1;8;395254.link:59547;650692.link:81557;20612;92588;444875_19:16:00;509564.0;240045.0;bus
304623;1;12;431060.link:16905;438297.link:7185;19170;233783;170300_19:40:00;601422.0;185600.0;bus
209598;5;20;596298.link:32124;525176.link:80810;20612;330889;1315961_19:22:00;456204.0;191428.0;bus
223706;1;8;148862.link:48740;547569.link:65894;15259;1220406;223639_19:55:00;384423.0;160244.0;bus
174278;1;6;452220.link:14574;461781.link:47955;13598;1422485;17679_19:33:00;301018.0;354177.0;bus
92768;2;3;126802.link:1620;572948.link:1330;13653;134833;1250749_19:45:00;436335.0;96974.0;bus
403359;3;14;185197.link:8939;348621.link:51316;13951;896249;1252489_19:32:00;603484.0;399896.0;bus
265864;4;17;451458.link:67867;572948.link:1330;13653;134833;1250749_19:45:00;115044.0;96974.0;bus
119396;2;11;53746.link:63057;466411.link:7327;10853;267788;267788_19:15:00;125808.0;189237.0;bus
102400;1;4;601704.link:12031;572948.link:1330;13653;134833;1250749_19:45:00;256697.0;96974.0;bus
257018;3;14;451458.link:67867;572948.link:1330;13653;134833;1250749_19:45:00;115044.0;96974.0;bus
73452;3;10;609932.link:22133;595865.link:69580;1573;1476385;1476385_19:55:00;96974.0;578598.0;bus
147810;3;14;427669.link:53446;565376.link:63056;23304;1670079;26640_19:14:00;544870.0;496096.0;bus
131848;1;8;191619.link:15731;471849.link:28500;10939;108503;811979_19:49:00;96974.0;384423.0;rail
244192;3;10;106632.link:77253;635139.link:25290;5503;1117701;1627317_19:42:00;666522.0;609285.0;bus
130020;1;10;142503.link:52634;121959.link:70637;18874;446460;428322_19:14:00;586561.0;648439.0;bus
116650;1;4;174380.link:56057;493015.link:11545;373;230014;424952_19:29:00;26842.0;106287.0;bus
304692;5;14;360448.link:67145;635139.link:25290;5503;1117701;1627317_19:42:00;96974.0;609285.0;bus
215115;1;10;191619.link:15731;471849.link:28500;10939;108503;811979_19:49:00;96974.0;384423.0;rail
216356;3;12;240701.link:60793;504532.link:16906;19170;593598;1492244_19:29:00;610144.0;601422.0;bus
246925;6;39;191619.link:15731;471849.link:28500;10939;108503;811979_19:49:00;96974.0;384423.0;rail
93996;1;10;191619.link:15731;471849.link:28500;10939;108503;811979_19:49:00;96974.0;384423.0;rail
119397;3;10;427669.link:53446;565376.link:63056;23304;1670079;26640_19:14:00;544870.0;496096.0;bus
303848;1;6;360448.link:67145;635139.link:25290;5503;1117701;1627317_19:42:00;96974.0;609285.0;bus
290531;7;10;404439.link:61994;72504.link:66200;8390;1211691;586620_19:53:00;542439.0;493871.0;bus
220680;5;14;367598.link:56070;264048.link:61626;3578;1501909;1462148_20:00:00;26842.0;140551.0;bus
72781;1;4;572948.link:1330;264048.link:61626;3578;1501909;1462148_20:00:00;96974.0;140551.0;bus
227567;3;14;451458.link:67867;572948.link:1330;3578;1501909;1462148_20:00:00;115044.0;96974.0;bus
146518;2;3;53746.link:63057;90276.link:52394;10853;267788;267788_19:15:00;125808.0;384180.0;bus
372312;1;8;398058.link:48133;38097.link:56448;373;230014;424952_19:29:00;113539.0;532962.0;bus
209072;1;8;650692.link:81557;90276.link:52394;10853;267788;267788_19:15:00;240045.0;384180.0;bus
165662;3;10;110061.link:23276;349550.link:17190;21536;1619135;51726_19:51:00;187688.0;130860.0;bus
99143;1;4;427299.link:64054;388168.link:4458;23304;1670079;26640_19:14:00;480503.0;626712.0;bus
118221;4;21;224082.link:63559;438297.link:7184;19170;1268747;66806_19:49:00;447989.0;185600.0;bus
163334;1;10;148862.link:48740;631720.link:78998;15259;1220406;223639_19:55:00;384423.0;368285.0;bus
104281;4;13;523789.link:69083;130726.link:32988;5409;40740;1634246_19:45:00;135122.0;552946.0;bus
129127;1;14;263861.link:54325;476038.link:2766;19170;233783;170300_19:40:00;51975.0;282972.0;bus
251057;1;6;458433.link:24695;367598.link:56070;966;951648;1009734_19:47:00;413913.0;26842.0;bus
291013;1;8;439616.link:6513;457106.link:49352;13245;1409066;1409066_19:54:00;145154.0;363273.0;bus
161934;1;12;662009.link:37848;240548.link:9293;16059;273154;908110_19:55:00;96974.0;601422.0;rail
125439;3;14;568217.link:68768;569906.link:17281;18092;841381;41184_19:55:00;619329.0;549576.0;bus
130820;3;14;367598.link:56070;408026.link:27573;3578;1501909;1462148_20:00:00;26842.0;315773.0;bus
231238;2;7;461813.link:6576;508147.link:7348;21536;1619135;51726_19:51:00;482918.0;403484.0;bus
74832;5;10;610783.link:11538;635139.link:25290;23106;57185;57185_19:33:00;79241.0;609285.0;bus
128625;1;6;568217.link:68768;14810.link:68697;18092;841381;41184_19:55:00;619329.0;455158.0;bus
118653;1;2;445917.link:34876;209711.link:49690;23202;1397758;644067_19:59:00;639622.0;168043.0;bus
117918;1;4;174380.link:56057;97826.link:40862;373;230014;424952_19:29:00;26842.0;411474.0;bus
216634;3;10;448115.link:41113;572948.link:1330;12637;1014477;933241_19:50:00;27464.0;96974.0;bus
81382;4;7;174380.link:56057;97826.link:40862;373;230014;424952_19:29:00;26842.0;411474.0;bus
283380;1;4;83.link:76141;38049.link:76458;7839;1480521;1673603_19:51:00;220682.0;95392.0;bus
207579;1;8;185197.link:8939;97826.link:40862;373;230014;424952_19:29:00;603484.0;411474.0;bus
97963;1;4;174380.link:56057;97826.link:40862;373;230014;424952_19:29:00;26842.0;411474.0;bus
118186;1;4;174380.link:56057;97826.link:40862;373;230014;424952_19:29:00;26842.0;411474.0;bus
117938;1;6;174380.link:56057;97826.link:40862;373;230014;424952_19:29:00;26842.0;411474.0;bus
393410;3;14;507710.link:59124;79526.link:65944;13668;1030855;1030855_19:44:00;36305.0;287685.0;bus
269191;1;12;427669.link:53446;278039.link:27998;23304;1670079;26640_19:14:00;544870.0;664587.0;bus
357671;0;5;148862.link:48740;281917.link:45144;15259;1220406;223639_19:55:00;384423.0;539093.0;bus
245509;1;8;108621.link:56817;555055.link:48411;23106;666145;619291_19:53:00;240045.0;222519.0;bus
81103;1;10;650692.link:81558;538928.link:50625;20612;125244;584056_20:02:00;240045.0;539377.0;bus
98233;4;13;90683.link:5059;117900.link:60770;3299;93476;1521305_19:12:00;550394.0;166097.0;bus
166933;2;3;216798.link:36257;403449.link:47993;5185;1528380;662688_19:28:00;308684.0;334157.0;bus
104127;3;12;143123.link:53399;575778.link:69591;3583;138538;1292021_19:49:00;48879.0;96062.0;bus
69521;1;8;272400.link:47129;166572.link:32138;12701;1014337;594919_19:47:00;461606.0;38935.0;bus
156457;3;8;568217.link:68768;277214.link:69591;18092;841381;41184_19:55:00;619329.0;96062.0;bus
108212;5;12;452012.link:28701;431060.link:16905;12526;341182;117227_19:57:00;283477.0;601422.0;bus
196795;1;8;623665.link:14297;569496.link:65917;5185;1528380;662688_19:28:00;142702.0;295335.0;bus
82741;1;4;174380.link:56057;147812.link:59273;373;230014;424952_19:29:00;26842.0;240045.0;bus
228171;3;14;159131.link:26976;662009.link:37849;10939;294701;701846_20:00:00;384423.0;96974.0;rail
91001;1;4;174380.link:56057;147812.link:59273;373;230014;424952_19:29:00;26842.0;240045.0;bus
97424;3;6;68826.link:44994;526277.link:81559;3299;1374432;348326_19:13:00;611505.0;467143.0;bus
99910;1;4;174380.link:56057;147812.link:59273;373;230014;424952_19:29:00;26842.0;240045.0;bus
81901;1;10;185197.link:8939;147812.link:59273;373;230014;424952_19:29:00;603484.0;240045.0;bus
272832;1;10;185197.link:8939;147812.link:59273;373;230014;424952_19:29:00;603484.0;240045.0;bus
101029;1;10;586600.link:13573;147812.link:59273;373;230014;424952_19:29:00;96974.0;240045.0;bus
271404;3;12;434968.link:22860;147812.link:59273;373;230014;424952_19:29:00;429552.0;240045.0;bus
82078;3;8;394254.link:68698;147812.link:59273;373;230014;424952_19:29:00;455158.0;240045.0;bus
243514;1;6;174380.link:56057;147812.link:59273;373;230014;424952_19:29:00;26842.0;240045.0;bus
115481;3;10;174380.link:56057;147812.link:59273;373;230014;424952_19:29:00;26842.0;240045.0;bus
282597;1;2;450501.link:43537;148862.link:48741;22560;1621047;278342_20:08:00;577786.0;384423.0;bus
90918;3;16;174380.link:56057;147812.link:59273;373;230014;424952_19:29:00;26842.0;240045.0;bus
115063;1;6;174380.link:56057;147812.link:59273;373;230014;424952_19:29:00;26842.0;240045.0;bus
100324;1;6;174380.link:56057;147812.link:59273;373;230014;424952_19:29:00;26842.0;240045.0;bus
97532;1;6;174380.link:56057;147812.link:59273;373;230014;424952_19:29:00;26842.0;240045.0;bus
120868;1;6;174380.link:56057;147812.link:59273;373;230014;424952_19:29:00;26842.0;240045.0;bus
120705;1;6;174380.link:56057;147812.link:59273;373;230014;424952_19:29:00;26842.0;240045.0;bus
90920;1;6;174380.link:56057;147812.link:59273;373;230014;424952_19:29:00;26842.0;240045.0;bus
181181;0;3;586600.link:13573;147812.link:59273;373;230014;424952_19:29:00;96974.0;240045.0;bus
147716;2;3;220865.link:33131;147812.link:59273;373;230014;424952_19:29:00;549576.0;240045.0;bus
124520;3;14;159131.link:26976;662009.link:37849;10939;294701;701846_20:00:00;384423.0;96974.0;rail
90717;1;12;185197.link:8939;147812.link:59273;373;230014;424952_19:29:00;603484.0;240045.0;bus
270770;1;10;174380.link:56057;147812.link:59273;373;230014;424952_19:29:00;26842.0;240045.0;bus
146565;1;8;168132.link:22317;93976.link:28291;21991;1707385;743147_20:04:00;417625.0;185600.0;rail
131532;3;16;148862.link:48741;61857.link:14432;22560;1621047;278342_20:08:00;384423.0;225816.0;bus
191161;1;12;148862.link:48741;61857.link:14432;22560;1621047;278342_20:08:00;384423.0;225816.0;bus
93976;1;12;148862.link:48741;61857.link:14432;22560;1621047;278342_20:08:00;384423.0;225816.0;bus
144532;1;2;437042.link:35396;142433.link:56815;22293;1238171;1238171_20:02:00;248401.0;240045.0;bus
282900;1;2;450501.link:43537;61857.link:14432;22560;1621047;278342_20:08:00;577786.0;225816.0;bus
52648;3;6;609002.link:56505;286679.link:26941;21799;353574;1102812_19:50:00;648007.0;138905.0;bus
317082;3;10;450501.link:43537;61857.link:14432;22560;1621047;278342_20:08:00;577786.0;225816.0;bus
179097;0;9;148862.link:48741;61857.link:14432;22560;1621047;278342_20:08:00;384423.0;225816.0;bus
107613;1;12;148862.link:48741;61857.link:14432;22560;1621047;278342_20:08:00;384423.0;225816.0;bus
254265;3;6;450501.link:43537;61857.link:14432;22560;1621047;278342_20:08:00;577786.0;225816.0;bus
93996;1;12;148862.link:48741;61857.link:14432;22560;1621047;278342_20:08:00;384423.0;225816.0;bus
316663;3;10;450501.link:43537;61857.link:14432;22560;1621047;278342_20:08:00;577786.0;225816.0;bus
51703;1;8;441804.link:43830;610576.link:31352;5773;1557431;1136792_19:52:00;124343.0;350978.0;bus
118221;4;23;136398.link:28292;168132.link:22316;21991;1288999;1613397_20:08:00;185600.0;417625.0;rail
177587;1;16;166572.link:32138;472161.link:24952;12701;1014337;594919_19:47:00;38935.0;352663.0;bus
255913;1;4;431060.link:16905;229457.link:55515;12526;341182;117227_19:57:00;601422.0;514562.0;bus
246430;1;8;286679.link:26941;131583.link:28173;21799;353574;1102812_19:50:00;138905.0;504318.0;bus
223887;3;16;311738.link:4944;147199.link:64149;15259;1220406;223639_19:55:00;234302.0;334701.0;bus
147810;3;16;53746.link:63057;456153.link:59219;10853;267788;62725_19:55:00;125808.0;201295.0;bus
20694;3;8;627970.link:79468;380865.link:29891;5773;1557431;1136792_19:52:00;240045.0;40782.0;bus
242695;2;7;286451.link:54248;333417.link:4229;12701;1014337;594919_19:47:00;540260.0;90327.0;bus
128249;3;6;628441.link:5324;623855.link:52612;22934;948975;1275906_20:09:00;486173.0;297737.0;bus
181180;1;10;56361.link:56857;36328.link:61344;7883;590838;590838_19:54:00;240045.0;260688.0;bus
231994;3;10;363777.link:15060;446040.link:48624;22781;277292;107919_20:06:00;655169.0;484211.0;bus
130820;4;17;449030.link:27574;367598.link:56070;3578;627819;1545381_20:10:00;315773.0;26842.0;bus
155081;0;1;569451.link:39212;367598.link:56070;3578;627819;1545381_20:10:00;255668.0;26842.0;bus
92768;2;5;410688.link:10330;623855.link:52612;22934;948975;1275906_20:09:00;96974.0;297737.0;bus
74585;3;10;83.link:76141;606401.link:14406;7839;1480521;1673603_19:51:00;220682.0;295248.0;bus
33503;1;10;87272.link:67511;474259.link:60507;10278;1014075;1078728_20:05:00;593923.0;266462.0;bus
106527;2;9;13000.link:59749;89375.link:18799;19170;593598;233533_20:09:00;578286.0;41137.0;bus
257018;3;16;191619.link:15731;471849.link:28500;15345;1500056;1081535_20:08:00;96974.0;384423.0;rail
227567;3;16;191619.link:15731;471849.link:28500;15345;1500056;1081535_20:08:00;96974.0;384423.0;rail
300078;6;17;392073.link:25883;635458.link:52595;22293;880011;535620_20:03:00;411613.0;55150.0;bus
304424;3;18;360448.link:67145;635139.link:25290;5503;1117701;131252_20:02:00;96974.0;609285.0;bus
265864;4;19;360448.link:67145;635139.link:25290;5503;1117701;131252_20:02:00;96974.0;609285.0;bus
117938;1;8;497590.link:40861;61917.link:35395;22293;880011;535620_20:03:00;411474.0;248401.0;bus
144532;1;4;477080.link:42860;399963.link:37927;7195;81719;73316_20:18:00;240045.0;42579.0;rail
238973;0;1;434612.link:44437;346745.link:31670;21005;136305;401769_20:00:00;467143.0;353008.0;bus
95640;1;8;51494.link:34112;93633.link:65921;13676;1154013;1405204_19:55:00;402482.0;581830.0;bus
206202;4;7;357877.link:56445;22861.link:26546;22293;880011;535620_20:03:00;532962.0;502007.0;bus
389315;3;8;363777.link:15060;8422.link:65540;22781;277292;107919_20:06:00;655169.0;371725.0;bus
159571;2;5;148862.link:48741;213154.link:79264;22560;1621047;278342_20:08:00;384423.0;73644.0;bus
305195;7;20;367598.link:56070;572948.link:1329;3578;627819;1545381_20:10:00;26842.0;96974.0;bus
71535;1;8;569451.link:39212;572948.link:1329;3578;627819;1545381_20:10:00;255668.0;96974.0;bus
130486;3;26;148862.link:48741;213154.link:79264;22560;1621047;278342_20:08:00;384423.0;73644.0;bus
212841;1;12;650692.link:81558;610735.link:44318;20612;125244;584056_20:02:00;240045.0;352212.0;bus
268717;1;8;602275.link:53031;449608.link:5076;3299;1374432;706770_20:13:00;240045.0;212160.0;bus
285452;1;12;227558.link:52050;65595.link:53502;1573;1476385;1476385_19:55:00;249144.0;409990.0;bus
216356;3;14;431060.link:16905;181443.link:42072;12526;341182;117227_19:57:00;601422.0;154159.0;bus
174275;2;5;529644.link:20354;106883.link:56857;23304;1670079;26640_19:14:00;355485.0;240045.0;bus
116557;3;12;9607.link:38505;106883.link:56857;23304;1670079;26640_19:14:00;321224.0;240045.0;bus
81283;1;8;338123.link:56812;452220.link:14574;13598;1422485;622613_20:13:00;240045.0;301018.0;bus
104127;3;14;53851.link:61582;674010.link:69003;966;951648;1648178_20:17:00;96974.0;91217.0;bus
215115;1;12;160607.link:48741;450288.link:6222;10278;1014075;1078728_20:05:00;384423.0;481560.0;bus
274947;1;12;160607.link:48741;450288.link:6222;10278;1014075;1078728_20:05:00;384423.0;481560.0;bus
156457;3;10;243521.link:34508;124920.link:33649;22704;181783;1695644_20:15:00;96974.0;541588.0;bus
376395;1;18;650692.link:81557;126593.link:45475;10853;267788;62725_19:55:00;240045.0;572234.0;bus
120219;1;8;56361.link:56857;73357.link:71141;7883;590838;590838_19:54:00;240045.0;565436.0;bus
304166;1;12;635139.link:25290;108621.link:56818;23106;1288234;498930_19:53:00;609285.0;240045.0;bus
33503;1;12;272212.link:72474;321426.link:36487;21799;353574;1102812_19:50:00;266462.0;602048.0;bus
39958;1;6;281917.link:45144;626591.link:60894;15259;1220406;223639_19:55:00;539093.0;384423.0;bus
246673;1;8;160607.link:48741;81701.link:26334;10278;1014075;1078728_20:05:00;384423.0;445914.0;bus
102934;3;4;100488.link:41786;344571.link:6227;12526;341182;117227_19:57:00;80511.0;457764.0;bus
108212;5;14;431060.link:16905;362726.link:24590;19170;233783;273363_20:20:00;601422.0;171387.0;bus
120705;1;8;602275.link:53031;589222.link:1860;3299;1374432;706770_20:13:00;240045.0;103883.0;bus
246993;1;2;579077.link:29353;440234.link:3443;9289;1137759;224064_20:19:00;510956.0;639853.0;bus
130465;2;13;148862.link:48741;404017.link:49925;22560;1621047;278342_20:08:00;384423.0;21775.0;bus
179377;6;21;650692.link:81558;674690.link:77419;20612;125244;584056_20:02:00;240045.0;94514.0;bus
128153;1;6;170724.link:69001;53851.link:72263;3794;1276377;1141470_20:13:00;88902.0;96974.0;bus
272832;1;12;477080.link:42860;283994.link:55178;7195;81719;73316_20:18:00;240045.0;589889.0;rail
246925;6;41;160607.link:48741;14928.link:70219;10278;1014075;1078728_20:05:00;384423.0;36053.0;bus
309471;2;7;532123.link:78408;9641.link:49135;7839;1480521;1673603_19:51:00;108286.0;226748.0;bus
120732;1;8;637917.link:60771;169975.link:20900;3299;1374432;706770_20:13:00;166097.0;651472.0;bus
124520;3;16;662009.link:32522;657926.link:12503;16059;662596;354153_20:14:00;96974.0;649912.0;rail
216634;3;12;662009.link:32522;657926.link:12503;16059;662596;354153_20:14:00;96974.0;649912.0;rail
122607;3;10;87272.link:67511;420634.link:26940;10278;1014075;1078728_20:05:00;593923.0;138905.0;bus
186638;1;8;451458.link:67867;226796.link:47867;14415;308125;308125_20:15:00;115044.0;50190.0;bus
305871;1;14;650692.link:81557;6009.link:57436;10853;267788;62725_19:55:00;240045.0;202943.0;bus
118221;4;25;187458.link:51184;191619.link:15731;2556;801525;84906_20:16:00;417625.0;96974.0;rail
334077;2;25;451458.link:67867;226796.link:47867;14415;308125;308125_20:15:00;115044.0;50190.0;bus
149071;2;13;650692.link:81558;507141.link:47130;20612;125244;584056_20:02:00;240045.0;461606.0;bus
133602;1;10;119516.link:21893;661879.link:71517;12907;1706634;1706634_20:10:00;276455.0;169742.0;bus
53925;2;3;240065.link:19100;661879.link:71517;12907;1706634;1706634_20:10:00;525746.0;169742.0;bus
340422;1;8;280110.link:58223;612923.link:71937;3299;93476;1611620_20:12:00;189869.0;351973.0;bus
228171;3;16;572948.link:59411;174380.link:56057;21108;1192653;1547356_20:30:00;96974.0;26842.0;bus
76220;4;11;626591.link:60893;368724.link:19340;18695;1520145;1048072_20:23:00;384423.0;487641.0;bus
283380;1;6;117201.link:76457;181649.link:20785;7839;1160035;637948_19:55:00;95392.0;19704.0;bus
104127;3;16;217917.link:12476;131511.link:34636;14415;308125;308125_20:15:00;91217.0;199308.0;bus
148258;1;12;346745.link:7882;190440.link:52535;21005;1598669;1598669_20:30:00;353008.0;369190.0;bus
69236;1;4;483342.link:14450;633196.link:14451;10853;267788;62725_19:55:00;6206.0;165969.0;bus
308364;2;13;106632.link:77253;388125.link:15502;21480;987021;338771_20:06:00;666522.0;552925.0;bus
316352;1;6;458433.link:24695;181806.link:73428;966;951648;1648178_20:17:00;413913.0;619060.0;bus
99910;1;6;602275.link:53031;4141.link:79489;3299;1374432;706770_20:13:00;240045.0;393496.0;bus
123341;4;13;556527.link:54014;552396.link:21811;18874;446460;1665720_20:14:00;6570.0;502969.0;bus
227567;3;18;626591.link:60893;466366.link:45867;18695;1520145;1048072_20:23:00;384423.0;356138.0;bus
243009;1;8;602275.link:53031;68826.link:44994;3299;1374432;706770_20:13:00;240045.0;611505.0;bus
98233;4;15;416289.link:33806;406696.link:64288;13598;1422485;622613_20:13:00;441005.0;313612.0;bus
100494;3;4;346745.link:7882;587057.link:25150;21005;1598669;1598669_20:30:00;353008.0;499025.0;bus
90632;1;10;365108.link:58350;550215.link:7888;22858;1221851;1221851_20:23:00;400312.0;200517.0;rail
59190;4;19;217917.link:12476;465897.link:65883;14415;308125;308125_20:15:00;91217.0;256208.0;bus
106831;3;6;443660.link:26145;465897.link:65883;14415;308125;308125_20:15:00;152110.0;256208.0;bus
74832;5;12;444375.link:9221;471849.link:28500;2556;801525;84906_20:16:00;520392.0;384423.0;rail
118221;4;27;662009.link:32522;451543.link:pt_451543;16059;662596;706874_20:34:00;96974.0;480693.0;rail
71535;1;10;191619.link:15731;471849.link:28500;2556;801525;84906_20:16:00;96974.0;384423.0;rail
149288;3;10;16581.link:57913;650692.link:81557;20612;705237;638914_19:56:00;110265.0;240045.0;bus
68258;3;8;14928.link:70219;87005.link:76353;10278;1014075;1078728_20:05:00;36053.0;284116.0;bus
318098;4;19;451458.link:67867;385812.link:69583;21108;1192653;1547356_20:30:00;115044.0;88902.0;bus
191766;3;18;435836.link:22133;373343.link:11388;7839;1160035;637948_19:55:00;96974.0;648867.0;bus
249505;1;4;388516.link:16913;385812.link:69583;21108;1192653;1547356_20:30:00;138335.0;88902.0;bus
141970;4;11;465897.link:65883;255488.link:8648;14415;308125;308125_20:15:00;256208.0;655090.0;bus
130100;3;14;217917.link:12476;74543.link:76018;14415;308125;308125_20:15:00;91217.0;351478.0;bus
158480;1;12;217917.link:12476;74543.link:76018;14415;308125;308125_20:15:00;91217.0;351478.0;bus
309471;2;9;615752.link:49168;224009.link:25213;9289;1673844;920158_20:15:00;226748.0;234165.0;bus
101587;1;2;164482.link:7328;213198.link:25250;10853;886660;906336_20:25:00;189237.0;130052.0;bus
38799;3;12;559224.link:76140;509863.link:63936;7839;1160035;637948_19:55:00;220682.0;94447.0;bus
217300;4;13;210722.link:22413;292161.link:30412;18874;838869;957627_20:02:00;533743.0;11977.0;bus
311911;0;1;165921.link:54403;609932.link:13589;1573;674174;25000_20:10:00;243828.0;96974.0;bus
130363;2;9;598300.link:5218;110159.link:72050;11523;1184702;656317_20:34:00;576387.0;618524.0;rail
213556;1;10;159131.link:26976;444375.link:9220;7949;669596;925847_20:17:00;384423.0;520392.0;rail
102400;1;6;191619.link:15731;110159.link:72050;11523;1184702;656317_20:34:00;96974.0;618524.0;rail
305195;7;22;662009.link:37849;444375.link:9220;7949;669596;925847_20:17:00;96974.0;520392.0;rail
126195;1;4;593729.link:46549;486496.link:40832;21108;1192653;1547356_20:30:00;93016.0;584634.0;bus
100169;3;10;652625.link:48179;311917.link:39091;18874;838869;957627_20:02:00;125714.0;590295.0;bus
85986;4;21;210722.link:22413;311917.link:39091;18874;838869;957627_20:02:00;533743.0;590295.0;bus
225954;3;12;39456.link:73606;311917.link:56358;12743;1180575;897398_20:29:00;582818.0;590295.0;bus
117881;3;12;460064.link:36734;106883.link:56858;21799;353574;1102812_19:50:00;336100.0;240045.0;bus
412715;3;6;190440.link:52535;424511.link:18129;21005;1598669;1598669_20:30:00;369190.0;349369.0;bus
332035;3;10;132189.link:17140;512787.link:7231;21536;138220;1637015_20:19:00;403484.0;305778.0;bus
133454;4;15;534972.link:55907;467594.link:77785;7989;1073960;147789_20:24:00;6206.0;496096.0;bus
242948;7;12;476456.link:18852;166572.link:32139;3299;1374432;706770_20:13:00;120814.0;38935.0;bus
238973;0;3;346745.link:44226;196387.link:61355;7883;1241632;939498_20:30:00;353008.0;598422.0;bus
118221;5;30;462215.link:pt_462215;662009.link:37849;16059;258178;305833_20:32:00;480693.0;96974.0;rail
119397;3;12;23798.link:64514;598486.link:80576;7989;135520;627734_20:20:00;125808.0;110772.0;bus
124520;3;18;311917.link:39091;557401.link:54015;18874;838869;957627_20:02:00;590295.0;6570.0;bus
270770;1;12;627970.link:79468;598486.link:80576;7989;135520;627734_20:20:00;240045.0;110772.0;bus
210503;3;14;280110.link:58223;146301.link:44993;3299;93476;1611620_20:12:00;189869.0;611505.0;bus
229242;1;4;74636.link:22432;186598.link:22626;24400;40825;260624_20:34:00;296807.0;219604.0;bus
14904;5;16;485888.link:47478;97826.link:40862;10278;1014075;1078728_20:05:00;243285.0;411474.0;bus
128795;5;12;572948.link:59411;382205.link:62146;21108;1192653;1547356_20:30:00;96974.0;40950.0;bus
250878;1;4;388516.link:16913;342040.link:62152;21108;1192653;1547356_20:30:00;138335.0;353585.0;bus
218902;3;6;451458.link:67867;342040.link:62152;21108;1192653;1547356_20:30:00;115044.0;353585.0;bus
126067;2;3;179445.link:76674;217917.link:12476;3794;1276377;1099627_20:43:00;111873.0;91217.0;bus
295853;1;2;32871.link:45628;284693.link:58221;21005;1598669;1598669_20:30:00;78933.0;189869.0;bus
189355;1;8;451458.link:67867;553261.link:20948;14415;308125;308125_20:15:00;115044.0;533743.0;bus
178002;3;10;126593.link:45476;415431.link:13254;10853;886660;906336_20:25:00;572234.0;121642.0;bus
229052;3;14;148862.link:48741;661289.link:59036;22560;1621047;278342_20:08:00;384423.0;556796.0;bus
178447;2;9;602275.link:53031;333429.link:51668;3299;1374432;706770_20:13:00;240045.0;70767.0;bus
133876;5;12;556527.link:54014;142503.link:52634;18874;446460;1665720_20:14:00;6570.0;586561.0;bus
128153;1;8;277214.link:69591;316226.link:46518;18092;110891;351244_20:39:00;96062.0;664177.0;bus
243514;1;8;602275.link:53031;353059.link:73967;3299;1374432;706770_20:13:00;240045.0;351973.0;bus
96534;1;4;60334.link:16378;300892.link:78915;22781;277292;107919_20:06:00;107089.0;300843.0;bus
100324;1;8;602275.link:53031;353059.link:73967;3299;1374432;706770_20:13:00;240045.0;351973.0;bus
120868;1;8;650692.link:81558;449857.link:5752;20612;330889;1497958_20:42:00;240045.0;262305.0;bus
101029;1;12;650692.link:81558;610735.link:77515;20612;330889;1497958_20:42:00;240045.0;352212.0;bus
167070;2;7;507710.link:59125;72018.link:58788;22781;277292;107919_20:06:00;36305.0;208691.0;bus
189283;1;4;552396.link:21811;441026.link:48180;18874;446460;1665720_20:14:00;502969.0;125714.0;bus
130820;4;19;367598.link:56070;594887.link:52634;14415;308125;308125_20:15:00;26842.0;586561.0;bus
85986;4;23;629769.link:12501;49478.link:9292;16059;258178;714059_20:52:00;649912.0;601422.0;rail
225954;3;14;629769.link:12501;49478.link:9292;16059;258178;714059_20:52:00;649912.0;601422.0;rail
252933;4;7;651634.link:15204;594887.link:52634;14415;308125;308125_20:15:00;99212.0;586561.0;bus
271404;3;14;602275.link:53031;393431.link:63746;3299;1374432;706770_20:13:00;240045.0;14297.0;bus
79240;1;4;72018.link:58788;611413.link:72769;22781;277292;107919_20:06:00;208691.0;210166.0;bus
127159;3;8;4350.link:69084;552013.link:71779;9289;1137759;224064_20:19:00;135122.0;58232.0;bus
85316;3;14;264048.link:61626;348621.link:51316;13951;896249;557859_20:32:00;140551.0;399896.0;bus
316352;1;8;174380.link:56057;83215.link:79401;13951;896249;557859_20:32:00;26842.0;279185.0;bus
141970;4;13;255488.link:8648;64078.link:73088;18874;446460;1665720_20:14:00;655090.0;264334.0;bus
90534;3;16;360448.link:67145;635139.link:25290;5503;1117701;1378643_20:42:00;96974.0;609285.0;bus
96852;1;4;547637.link:71992;322730.link:78442;24400;40825;260624_20:34:00;629429.0;163408.0;bus
333378;1;10;132189.link:17140;322730.link:78442;24400;40825;260624_20:34:00;403484.0;163408.0;bus
424054;1;12;265920.link:52396;577087.link:61137;10853;886660;906336_20:25:00;384180.0;496096.0;bus
231238;2;9;132189.link:17140;322730.link:78442;24400;40825;260624_20:34:00;403484.0;163408.0;bus
3073;0;1;572907.link:44317;600782.link:44311;20612;92588;204875_20:36:00;352212.0;589889.0;bus
303848;1;8;635139.link:25290;108621.link:56818;23106;1288234;678497_20:33:00;609285.0;240045.0;bus
244865;2;11;147812.link:56813;481231.link:50015;373;1182068;933233_20:30:00;240045.0;566620.0;bus
313188;1;8;497590.link:40861;481231.link:50015;373;1182068;933233_20:30:00;411474.0;566620.0;bus
304424;3;20;635139.link:25290;108621.link:56818;23106;1288234;678497_20:33:00;609285.0;240045.0;bus
265864;4;21;635139.link:25290;108621.link:56818;23106;1288234;678497_20:33:00;609285.0;240045.0;bus
244192;3;12;635139.link:25290;108621.link:56818;23106;1288234;678497_20:33:00;609285.0;240045.0;bus
304692;5;16;635139.link:25290;108621.link:56818;23106;1288234;678497_20:33:00;609285.0;240045.0;bus
128499;2;11;200269.link:16917;170724.link:69001;21108;1163569;576949_20:50:00;353996.0;88902.0;bus
79138;2;9;132189.link:17140;430694.link:39882;24400;40825;260624_20:34:00;403484.0;37980.0;bus
238061;1;4;547637.link:71992;430694.link:39882;24400;40825;260624_20:34:00;629429.0;37980.0;bus
133968;1;10;217917.link:12476;308771.link:22248;14415;308125;308125_20:15:00;91217.0;406682.0;bus
385476;1;10;451458.link:67867;308771.link:22248;14415;308125;308125_20:15:00;115044.0;406682.0;bus
90283;1;8;157324.link:15495;599600.link:47433;5773;1701556;608777_20:39:00;41137.0;596680.0;bus
79240;1;6;611413.link:72769;300109.link:31447;22781;1484165;1466838_20:57:00;210166.0;560205.0;bus
100169;3;12;629769.link:12501;148033.link:9383;16059;262437;1455206_20:52:00;649912.0;520392.0;rail
91001;1;6;650692.link:81558;167801.link:37435;20612;330889;1497958_20:42:00;240045.0;217735.0;bus
164342;3;8;611413.link:72769;507710.link:59125;22781;1484165;1466838_20:57:00;210166.0;36305.0;bus
304623;1;14;443516.link:52789;627970.link:14964;5773;1701556;608777_20:39:00;185600.0;240045.0;bus
146565;1;10;443516.link:52789;627970.link:14964;5773;1701556;608777_20:39:00;185600.0;240045.0;bus
106527;2;11;157324.link:15495;627970.link:14964;5773;1701556;608777_20:39:00;41137.0;240045.0;bus
97532;1;8;602275.link:53031;526277.link:81559;3299;1374432;706770_20:13:00;240045.0;467143.0;bus
115481;3;12;602275.link:53031;526277.link:81559;3299;1374432;706770_20:13:00;240045.0;467143.0;bus
175002;3;12;480705.link:20808;56361.link:56858;7883;1241632;939498_20:30:00;269868.0;240045.0;bus
101060;4;13;582236.link:68442;56361.link:56858;7883;1241632;939498_20:30:00;247897.0;240045.0;bus
84987;3;4;257729.link:15598;661879.link:71518;14415;308125;308125_20:15:00;104875.0;169742.0;bus
305195;7;24;635139.link:25290;624488.link:48404;23106;996655;1294605_20:53:00;609285.0;222519.0;bus
217333;1;16;594887.link:52634;661879.link:71518;14415;308125;308125_20:15:00;586561.0;169742.0;bus
304166;1;14;650692.link:81558;596298.link:32124;20612;330889;1497958_20:42:00;240045.0;456204.0;bus
147716;2;5;650692.link:81558;456153.link:59216;4482;308837;55129_20:59:00;240045.0;201295.0;bus
72832;1;4;271164.link:24691;484547.link:72867;10977;836938;763172_21:01:00;442961.0;506935.0;bus
189447;2;5;493058.link:55974;451458.link:67867;373;1182068;933233_20:30:00;549576.0;115044.0;bus
128625;1;8;14810.link:68697;451458.link:67867;373;1182068;933233_20:30:00;455158.0;115044.0;bus
234077;3;8;507710.link:59125;450037.link:30789;22781;1484165;1466838_20:57:00;36305.0;38074.0;bus
57541;3;8;199199.link:46517;552013.link:71779;373;1182068;933233_20:30:00;664177.0;58232.0;bus
311911;0;3;435836.link:22133;398674.link:14405;7839;1160035;1110845_20:55:00;96974.0;395083.0;bus
175002;3;14;627970.link:79468;399103.link:14810;5773;1557431;718066_21:12:00;240045.0;628422.0;bus
188833;1;4;342731.link:58390;292123.link:2767;19170;1268747;1118491_21:09:00;33445.0;282972.0;bus
93957;1;4;87272.link:67511;403093.link:21031;15259;386101;175157_21:05:00;593923.0;43597.0;bus
223887;3;18;456323.link:64149;403093.link:21031;15259;386101;175157_21:05:00;334701.0;43597.0;bus
174275;2;7;56361.link:56857;239506.link:40844;7883;590838;1679480_21:14:00;240045.0;269868.0;bus
256189;3;6;451977.link:30705;45335.link:57276;23536;137506;664883_20:38:00;615173.0;366131.0;bus
81901;1;12;650692.link:81558;70040.link:58992;4482;308837;55129_20:59:00;240045.0;377120.0;bus
304166;1;16;596298.link:32124;129330.link:41501;12701;1243301;1381099_20:52:00;456204.0;540260.0;bus
90717;1;14;650692.link:81558;16562.link:71014;4482;308837;55129_20:59:00;240045.0;545504.0;bus
269066;3;6;120060.link:45285;461781.link:47955;13598;1460076;1460076_20:53:00;125808.0;354177.0;bus
428302;3;12;491605.link:61602;604219.link:59410;13951;911207;911207_21:01:00;129328.0;96974.0;bus
149288;3;12;108621.link:56817;635139.link:25290;23106;57185;171520_20:53:00;240045.0;609285.0;bus
82741;1;6;650692.link:81558;648991.link:59870;4482;308837;55129_20:59:00;240045.0;166311.0;bus
342445;2;3;598300.link:5218;471849.link:28500;11523;91410;311642_21:14:00;576387.0;384423.0;rail
128625;1;10;185197.link:8939;407810.link:1538;9289;1673844;1673844_21:15:00;603484.0;69870.0;bus
372458;1;4;669574.link:63088;280476.link:8132;13598;1460076;1460076_20:53:00;648074.0;224192.0;bus
157815;0;3;650692.link:81558;302031.link:39648;4482;308837;55129_20:59:00;240045.0;276656.0;bus
210929;6;7;175917.link:43827;108621.link:56818;23106;996655;1294605_20:53:00;124343.0;240045.0;bus
213556;1;12;635139.link:25290;589593.link:70879;23106;1288234;1498404_21:13:00;609285.0;329366.0;bus
304424;3;22;602275.link:53031;169975.link:20900;3299;1374432;924456_21:13:00;240045.0;651472.0;bus
294884;1;6;68703.link:67423;52441.link:9454;7922;1526855;1360153_21:19:00;36305.0;655169.0;rail
70379;1;6;551376.link:57137;164802.link:52341;20612;705237;130762_21:16:00;84551.0;414485.0;bus
70362;3;4;272400.link:47129;164802.link:52341;20612;705237;130762_21:16:00;461606.0;414485.0;bus
85986;5;26;49478.link:9292;148033.link:9383;16059;262437;911378_21:12:00;601422.0;520392.0;rail
68958;1;6;49478.link:9292;148033.link:9383;16059;262437;911378_21:12:00;601422.0;520392.0;rail
106874;0;3;227558.link:52050;650438.link:22132;1573;1371083;1371083_20:55:00;249144.0;644254.0;bus
209071;4;15;650692.link:81558;90276.link:52394;4482;308837;55129_20:59:00;240045.0;384180.0;bus
176823;0;1;579101.link:63673;90276.link:52394;4482;308837;55129_20:59:00;434959.0;384180.0;bus
416581;3;16;538928.link:50625;90276.link:52394;4482;308837;55129_20:59:00;539377.0;384180.0;bus
115063;1;8;56361.link:56857;64.link:48541;7883;590838;1679480_21:14:00;240045.0;247897.0;bus
106527;2;13;56361.link:56857;502603.link:13108;7883;590838;1679480_21:14:00;240045.0;599727.0;bus
128499;2;13;170724.link:69001;609932.link:13589;21480;987021;309636_21:26:00;88902.0;96974.0;bus
124520;4;21;29494.link:36104;275445.link:39198;12526;1157289;767227_21:16:00;154159.0;337282.0;bus
228171;3;18;174380.link:56057;279879.link:66702;9289;1673844;1673844_21:15:00;26842.0;311119.0;bus
57541;3;10;552013.link:71779;572948.link:1330;12637;320440;667642_21:30:00;58232.0;96974.0;bus
154861;3;8;647769.link:8794;526251.link:42051;1573;974507;30324_21:13:00;313163.0;41520.0;bus
133454;4;17;120060.link:15713;89375.link:18799;5773;1557431;718066_21:12:00;125808.0;41137.0;bus
424054;1;14;120060.link:15713;89375.link:18799;5773;1557431;718066_21:12:00;125808.0;41137.0;bus
181181;0;5;56361.link:56857;36328.link:61344;7883;590838;1679480_21:14:00;240045.0;260688.0;bus
81199;2;11;637917.link:60771;476456.link:18852;3299;1374432;924456_21:13:00;166097.0;120814.0;bus
258713;3;8;400743.link:48623;72504.link:66201;22781;1484165;1466838_20:57:00;484211.0;493871.0;bus
127159;3;10;552013.link:71779;162465.link:35597;12637;320440;667642_21:30:00;58232.0;274152.0;bus
71720;2;3;653099.link:50980;292161.link:30412;12743;1180575;1675607_21:29:00;234535.0;11977.0;bus
101060;4;15;650692.link:81558;610735.link:44318;20612;125244;125244_21:22:00;240045.0;352212.0;bus
90918;3;18;56361.link:56857;290494.link:71131;7883;590838;1679480_21:14:00;240045.0;368764.0;bus
129918;2;3;64078.link:73088;609932.link:13589;1573;974507;30324_21:13:00;264334.0;96974.0;bus
217300;5;16;473885.link:41760;74543.link:78758;18874;446460;446460_21:14:00;43204.0;351478.0;bus
303848;1;10;56361.link:56857;73357.link:71141;7883;590838;1679480_21:14:00;240045.0;565436.0;bus
90534;3;18;635139.link:25290;108621.link:56818;23106;1288234;1498404_21:13:00;609285.0;240045.0;bus
304692;5;18;650692.link:81558;661392.link:74252;20612;125244;125244_21:22:00;240045.0;523239.0;bus
304623;1;16;650692.link:81558;661392.link:74252;20612;125244;125244_21:22:00;240045.0;523239.0;bus
100169;3;14;635139.link:25290;108621.link:56818;23106;1288234;1498404_21:13:00;609285.0;240045.0;bus
90920;1;8;56361.link:56857;73357.link:71141;7883;590838;1679480_21:14:00;240045.0;565436.0;bus
69502;3;4;414474.link:54944;166572.link:32139;3299;1374432;924456_21:13:00;2019.0;38935.0;bus
308633;0;1;63085.link:15521;344571.link:6227;12526;341182;757710_21:17:00;404599.0;457764.0;bus
125100;4;13;367598.link:56070;142575.link:14867;12637;320440;667642_21:30:00;26842.0;451556.0;bus
251057;1;8;367598.link:56070;475876.link:49395;12637;320440;667642_21:30:00;26842.0;75023.0;bus
125513;3;10;420429.link:47870;604400.link:14392;14415;6896;6896_21:24:00;50190.0;485025.0;bus
424054;1;16;89375.link:18799;581508.link:54324;19170;593598;468454_21:29:00;41137.0;51975.0;bus
133454;4;19;89375.link:18799;581508.link:54324;19170;593598;468454_21:29:00;41137.0;51975.0;bus
244192;3;14;56361.link:56857;346745.link:44227;7883;590838;1679480_21:14:00;240045.0;353008.0;bus
82078;3;10;56361.link:56857;346745.link:44227;7883;590838;1679480_21:14:00;240045.0;353008.0;bus
149288;3;14;635139.link:25290;360448.link:34513;5503;204545;748162_21:31:00;609285.0;96974.0;bus
74585;3;12;506012.link:14407;573498.link:14431;22560;890601;1233175_21:07:00;295248.0;225816.0;bus
116557;3;14;31045.link:56813;365736.link:67510;10278;546534;1601415_21:10:00;240045.0;593923.0;bus
133602;1;12;11016.link:13378;136857.link:13589;14415;6896;6896_21:24:00;169742.0;96974.0;bus
53925;2;5;11016.link:13378;136857.link:13589;14415;6896;6896_21:24:00;169742.0;96974.0;bus
252933;4;9;142503.link:52634;136857.link:13589;14415;6896;6896_21:24:00;586561.0;96974.0;bus
59190;5;22;221756.link:48690;136857.link:13589;14415;6896;6896_21:24:00;241819.0;96974.0;bus
126067;3;6;280940.link:12479;15854.link:76675;3794;1677931;1477391_21:41:00;91217.0;111873.0;bus
82353;1;4;134319.link:64513;507141.link:47130;20612;125244;125244_21:22:00;42579.0;461606.0;bus
350311;0;1;365736.link:67510;626591.link:60894;10278;546534;1601415_21:10:00;593923.0;384423.0;bus
424054;1;18;263861.link:54325;585269.link:9535;21480;987021;309636_21:26:00;51975.0;309005.0;bus
133454;4;21;263861.link:54325;585269.link:9535;21480;987021;309636_21:26:00;51975.0;309005.0;bus
70379;1;8;164802.link:52341;282356.link:22553;12701;822090;822090_21:37:00;414485.0;324836.0;bus
131962;3;4;392640.link:53742;148862.link:48740;15259;1018570;1018570_21:41:00;43597.0;384423.0;bus
178187;3;22;257575.link:30379;508789.link:75269;4482;961812;961812_21:40:00;172645.0;370790.0;bus
178142;1;6;633196.link:14451;508789.link:75269;4482;961812;961812_21:40:00;165969.0;370790.0;bus
130820;5;22;142503.link:52634;441026.link:48180;18874;446460;446460_21:14:00;586561.0;125714.0;bus
81004;3;4;497590.link:40861;17865.link:52583;21799;353574;353574_21:50:00;411474.0;581234.0;bus
57541;3;12;291143.link:32522;598300.link:5218;11523;91410;1298380_21:54:00;96974.0;576387.0;rail
82078;3;12;346745.link:7882;289357.link:45939;21005;1598669;1254572_21:50:00;353008.0;407664.0;bus
149288;3;16;575778.link:69591;595833.link:22861;3583;138538;927179_21:52:00;96062.0;429552.0;bus
82744;4;21;126593.link:45476;237145.link:16517;4482;961812;961812_21:40:00;572234.0;58450.0;bus
428302;3;14;575778.link:69591;622878.link:49754;3583;138538;927179_21:52:00;96062.0;562607.0;bus
416411;3;10;126593.link:45476;669574.link:63088;4482;961812;961812_21:40:00;572234.0;648074.0;bus
154959;1;4;4350.link:69084;271923.link:13589;9289;1137759;1137759_21:19:00;135122.0;96974.0;bus
173176;1;2;32871.link:45628;434612.link:44438;21005;1598669;1254572_21:50:00;78933.0;467143.0;bus
74832;5;14;148862.link:48740;547569.link:65894;15259;1220406;102750_22:05:00;384423.0;160244.0;bus
128499;2;15;609932.link:22133;673680.link:56832;1573;1476385;72799_21:55:00;96974.0;660413.0;bus
217333;1;18;11016.link:13378;333997.link:42709;12907;1419688;1363428_21:58:00;169742.0;337066.0;bus
350311;0;3;159131.link:26976;662009.link:37849;10939;294701;1528049_22:00:00;384423.0;96974.0;rail
211436;2;13;451605.link:59869;650692.link:81557;4482;961812;961812_21:40:00;166311.0;240045.0;bus
154861;3;10;1339.link:42050;4350.link:69084;5468;1012959;1012959_22:00:00;41520.0;135122.0;bus
124520;4;23;275445.link:39198;438297.link:7184;19170;1622255;1058918_22:03:00;337282.0;185600.0;bus
68958;1;8;635139.link:25290;38097.link:56448;23106;1288234;105446_21:53:00;609285.0;532962.0;bus
342445;2;5;160607.link:48741;474259.link:60507;10278;1014075;161629_22:05:00;384423.0;266462.0;bus
86518;1;16;191619.link:15731;471849.link:28500;12862;1119543;768878_22:08:00;96974.0;384423.0;rail
424054;2;21;263484.link:9534;383361.link:77252;21480;915170;1195972_22:04:00;309005.0;666522.0;bus
252933;4;11;609932.link:13589;106632.link:77253;21480;987021;1018122_22:06:00;96974.0;666522.0;bus
247480;3;6;556527.link:54014;39456.link:73605;12743;1180575;1675607_21:29:00;6570.0;582818.0;bus
71535;1;12;160607.link:48741;81701.link:26334;10278;1014075;161629_22:05:00;384423.0;445914.0;bus
85986;5;28;635139.link:25290;108621.link:56818;23106;1288234;105446_21:53:00;609285.0;240045.0;bus
129918;2;5;609932.link:13589;341623.link:6558;21480;987021;1018122_22:06:00;96974.0;451556.0;bus
122696;2;3;5303.link:14902;198457.link:6833;21799;353574;353574_21:50:00;481560.0;338841.0;bus
40386;0;1;83.link:76141;9641.link:49135;7839;1480521;1296901_21:51:00;220682.0;226748.0;bus
133602;1;14;609932.link:13589;263861.link:54325;21480;987021;1018122_22:06:00;96974.0;51975.0;bus
53925;2;7;609932.link:13589;263861.link:54325;21480;987021;1018122_22:06:00;96974.0;51975.0;bus
90534;3;20;650692.link:81558;217256.link:44339;20612;330889;1142687_22:02:00;240045.0;368208.0;bus
424054;2;23;106632.link:77253;629970.link:37843;5503;1117701;1251849_22:22:00;666522.0;646696.0;bus
59190;5;24;609932.link:13589;585269.link:9535;21480;987021;1018122_22:06:00;96974.0;309005.0;bus
126929;2;11;384750.link:70644;410688.link:34513;22934;1245741;517251_22:12:00;48995.0;96974.0;bus
133602;1;16;263861.link:54325;348244.link:54330;19170;233783;793063_22:20:00;51975.0;483239.0;bus
189447;2;7;451458.link:67867;465897.link:65883;14415;1387190;1387190_22:15:00;115044.0;256208.0;bus
40386;0;3;615752.link:49168;88352.link:56938;9289;1673844;64615_22:15:00;226748.0;488812.0;bus
350311;0;5;572948.link:59411;385812.link:69583;21108;1192653;1571931_22:30:00;96974.0;88902.0;bus
179097;1;12;61857.link:14432;506012.link:14407;22560;1621047;1659208_22:08:00;225816.0;295248.0;bus
342445;2;7;272212.link:72474;620583.link:75167;21799;353574;353574_21:50:00;266462.0;364372.0;bus
118221;5;32;662009.link:37849;444375.link:9220;7949;669596;271597_22:17:00;96974.0;520392.0;rail
309471;3;12;454730.link:47076;9641.link:49135;9289;1137759;762819_22:19:00;234165.0;226748.0;bus
68258;4;11;87005.link:76353;97826.link:40862;10278;1014075;161629_22:05:00;284116.0;411474.0;bus
133602;1;18;435758.link:27709;87198.link:26379;19170;1268747;107710_22:29:00;483239.0;298776.0;bus
424054;3;26;258602.link:37842;383361.link:77252;5503;204545;196995_22:41:00;646696.0;666522.0;bus
283997;3;6;319084.link:39197;504532.link:16906;19170;1268747;107710_22:29:00;337282.0;601422.0;bus
90534;3;22;618993.link:44336;276106.link:32130;13310;929942;929942_22:35:00;368208.0;541416.0;bus
129918;3;8;142575.link:14866;609932.link:13589;21480;915170;817951_22:44:00;451556.0;96974.0;bus
53925;2;9;581508.link:54324;240701.link:60793;19170;593598;923023_22:49:00;51975.0;610144.0;bus
106233;1;6;168132.link:22317;93976.link:28291;21991;1707385;1489824_23:04:00;417625.0;185600.0;rail
424054;3;28;106632.link:77253;585269.link:9535;21480;987021;724761_22:46:00;666522.0;309005.0;bus
323677;2;5;605244.link:38904;119088.link:36235;16604;837655;837655_22:51:00;655169.0;181427.0;rail
126929;2;13;291143.link:32522;598300.link:5218;11523;91410;194774_23:14:00;96974.0;576387.0;rail
100169;3;16;650692.link:81558;544686.link:75272;4482;308837;308837_22:59:00;240045.0;370790.0;bus
106233;1;8;438297.link:7185;476038.link:2766;19170;233783;1091711_23:00:00;185600.0;282972.0;bus
82744;5;24;31689.link:16516;126593.link:45475;4482;308837;308837_22:59:00;58450.0;572234.0;bus
146565;1;12;650692.link:81558;377796.link:30379;4482;308837;308837_22:59:00;240045.0;172645.0;bus
211436;2;15;56361.link:56857;391841.link:25005;7883;590838;806908_22:54:00;240045.0;320850.0;bus
97895;4;9;497590.link:40861;400083.link:26943;10278;546534;1384557_23:10:00;411474.0;36053.0;bus
309471;3;14;615752.link:49168;114008.link:78407;7839;1160035;1522759_22:55:00;226748.0;108286.0;bus
118221;5;34;635139.link:25290;108621.link:56818;23106;1288234;796405_23:13:00;609285.0;240045.0;bus
77479;4;9;227716.link:24297;349550.link:17190;5176;936550;384623_23:38:00;377344.0;130860.0;bus
221166;1;4;50743.link:38930;443516.link:52788;7725;1690580;857352_23:37:00;594422.0;185600.0;bus
